Year,VoteDate,Bill_Prefix,bill_number,votemargin,statename,state_abbrev,senate,district,mmd,term_length,district_magnitude,lawmaker_name,vote_yes,vote_no,lgbt,republican,democrat,female,black,hispanic,nativeamasian,legis_ideal,election_year,c_votes,d_votes_floser,thrdparty,dist_votes,margin_of_victory,district_ideal,age20_44,under25,age25_44,age45_64,pctover65,pctwhite,pctblack,pcthispanic,pctnonwhite,pctmarried,pctnevermarried,pcths,pctbachelordeg,urban,rural,SSMC,AllRelig,EP,independent,supermajority60,supermajority75,supermajority66
2021,44301,HB,391,25 Y 5 N 4 Abs,Alabama,AL,1,1,0,4,1,"Sen. Melson, Tim [R]",1,0,0,1,0,0,0,0,0,1.394,2018,33141,15830,23,48994,0.35332897,0.29385686,30.2,29.1,24.2,28.4,18.2,81.2,12,3.7,18.8,53.4,25,87.2,24.6,58.080402,41.919598,0.34201717,592.8,438.6,0,1,1,1
2021,44301,HB,391,25 Y 5 N 4 Abs,Alabama,AL,1,2,0,4,1,"Sen. Butler, Tom [R]",1,0,0,1,0,0,0,0,0,0.399,2018,31997,26911,54,58962,0.08625895,0.49724385,35.6,33,27.6,27.6,11.8,63.5,24.3,4.8,36.5,50.3,33,92.7,45.6,65.141975,34.858025,0.208804,580.9,351.45,0,1,1,1
2021,44301,HB,391,25 Y 5 N 4 Abs,Alabama,AL,1,3,0,4,1,"Sen. Orr, Arthur [R]",1,0,0,1,0,0,0,0,0,1.034,2018,37295,,1021,38316,0.97335315,0.21209328,31.7,31.3,25.2,27.3,16.3,73,15.3,7.9,27,51.9,27.7,85.2,26.4,67.720634,32.279366,0.07579449,617.1667,410.23334,0,1,1,1
2021,44301,HB,391,25 Y 5 N 4 Abs,Alabama,AL,1,4,0,4,1,"Sen. Gudger, Garlan [R]",1,0,0,1,0,0,0,0,0,,2018,39817,,343,40160,0.9914592,0.31865016,29.6,30.2,23.9,27.4,18.4,90.3,1.7,3.8,9.7,55.4,21.5,80.5,13.1,19.918592,80.081406,0.08320273,589.36664,520.0333,0,1,1,1
2021,44301,HB,391,25 Y 5 N 4 Abs,Alabama,AL,1,5,0,4,1,"Sen. Reed, Greg [R]",1,0,0,1,0,0,0,0,0,1.058,2018,42404,,497,42901,0.9884152,0.3236255,29.9,29.6,23.8,27.8,18.7,89.2,6.4,2.1,10.8,54.2,23.4,83.2,14.9,36.32596,63.67404,0.08621208,651.48,491.54,0,1,1,1
2021,44301,HB,391,25 Y 5 N 4 Abs,Alabama,AL,1,6,0,4,1,"Sen. Stutts, Larry [R]",1,0,0,1,0,0,0,0,0,1.46,2018,22683,21796,143,44622,0.019878088,0.35572526,32,31.8,24.2,25.6,18.4,76.9,14.2,6.1,23.1,48,28.1,82,16.7,16.28423,83.71577,0.16505674,611.85,464.575,0,1,1,1
2021,44301,HB,391,25 Y 5 N 4 Abs,Alabama,AL,1,7,0,4,1,"Sen. Givhan, Sam [R]",1,0,0,1,0,0,0,0,0,,2018,30080,24363,33,54476,0.104945295,0.01742683,31.5,30.7,25.7,26.2,17.3,63.4,26,6.1,36.6,48.7,30,89.7,39,91.06856,8.931438,0.33247516,638.8,356.7,0,1,1,1
2021,44301,HB,391,25 Y 5 N 4 Abs,Alabama,AL,1,8,0,4,1,"Sen. Livingston, Steve [R]",1,0,0,1,0,0,0,0,0,1.05,2018,37913,,645,38558,0.98327196,0.4016114,29.5,30.6,24.1,27.9,17.5,85.8,3.9,5.3,14.2,55.7,22.3,82.9,21.2,15.327925,84.67207,0.08995943,603.2,418.23334,0,1,1,1
2021,44301,HB,391,25 Y 5 N 4 Abs,Alabama,AL,1,9,0,4,1,"Sen. Scofield, Clay [R]",1,0,0,1,0,0,0,0,0,1.208,2018,35192,,510,35702,0.9857151,0.35412312,29.5,32.1,23.7,26.7,17.4,82.1,2.4,12.1,17.9,53.4,23.7,81.5,20.9,50.694565,49.305435,0.2404732,619.4667,437.53333,0,1,1,1
2021,44301,HB,391,25 Y 5 N 4 Abs,Alabama,AL,1,10,0,4,1,"Sen. Jones, Andrew [R]",1,0,0,1,0,0,0,0,0,,2018,25902,16759,81,42742,0.21391137,0.27375573,29.7,29.7,23.6,27.7,19.2,79.4,12.6,5.3,20.6,50.7,25.9,83.2,16.4,53.837322,46.162678,0.1354227,648.4667,517.3333,0,1,1,1
2021,44301,HB,391,25 Y 5 N 4 Abs,Alabama,AL,1,11,0,4,1,"Sen. McClendon, Jim [R]",1,0,0,1,0,0,0,0,0,0.982,2018,36192,11411,37,47640,0.5201721,0.16725446,31.3,30.3,25.2,27.6,16.9,78.6,16.3,2.8,21.4,51.9,25.2,84.5,18.3,43.46103,56.53897,0.1463934,508.53333,389.23334,0,1,1,1
2021,44301,HB,391,25 Y 5 N 4 Abs,Alabama,AL,1,13,0,4,1,"Sen. Price, Randy [R]",1,0,0,1,0,0,0,0,0,,2018,31614,12839,33,44486,0.42204288,0.15707335,31,31.1,24.3,27.6,17.2,73,20.7,3.1,27,51,26,83.4,18.1,34.553738,65.446266,0.20759578,576.7,426.42,0,1,1,1
2021,44301,HB,391,25 Y 5 N 4 Abs,Alabama,AL,1,15,0,4,1,"Sen. Roberts, Dan [R]",1,0,0,1,0,0,0,0,0,,2018,44792,1186,,45978,0.9484101,0.33430454,30.2,31.2,25.7,26.8,16.4,79.5,13.8,3.6,20.5,57.9,24.5,91.9,47.9,73.26349,26.736513,0.232727,620.05,381.05,0,1,1,1
2021,44301,HB,391,25 Y 5 N 4 Abs,Alabama,AL,1,16,0,4,1,"Sen. Waggoner, J. T. \Jabo\"" [R]""",1,0,0,1,0,0,0,0,0,1.033,2018,37068,21851,32,58951,0.25812963,0.36669695,35,31.8,28.9,24.5,14.9,74.3,14.2,5.3,25.7,56.3,29.2,96.6,59.9,99.612976,0.38702083,0.21484585,620.05,381.05,0,1,1,1
2021,44301,HB,391,25 Y 5 N 4 Abs,Alabama,AL,1,17,0,4,1,"Sen. Shelnutt, Shay [R]",1,0,0,1,0,0,0,0,0,1.436,2018,45964,,792,46756,0.983061,0.49280214,29.2,31,23.8,27.9,17.4,85.5,7.8,3.9,14.5,58.1,21.5,87.5,20.8,40.400345,59.599655,0.15141386,631.13336,461.46667,0,1,1,1
2021,44301,HB,391,25 Y 5 N 4 Abs,Alabama,AL,1,18,0,4,1,"Sen. Smitherman, Rodger M. [D]",0,1,0,0,1,0,1,0,0,-0.866,2018,39819,,668,40487,0.9835009,-0.3232047,39.7,29.4,31.2,24.1,15.2,40.2,51.8,4.3,59.8,31.5,45,87.9,35.6,98.347496,1.6525047,0.383262,799.5,460.1,0,1,1,1
2021,44301,HB,391,25 Y 5 N 4 Abs,Alabama,AL,1,21,0,4,1,"Sen. Allen, Gerald [R]",1,0,0,1,0,0,0,0,0,0.973,2018,33368,16005,52,49425,0.35129994,0.15875685,35.5,37.6,25,23.2,14.2,77,16.6,3.1,23,46.5,36.7,88.3,31.2,55.610363,44.389637,0.33159164,594.25,414.7,0,1,1,1
2021,44301,HB,391,25 Y 5 N 4 Abs,Alabama,AL,1,22,0,4,1,"Sen. Albritton, Greg [R]",1,0,0,1,0,0,0,0,0,1.163,2018,34507,,510,35017,0.98543566,0.17509176,29.4,31.5,23.5,27,17.9,66.9,25.8,2.6,33.1,48,29.5,83.4,15.1,31.976023,68.02398,0.088296674,644.2,449.8,0,1,1,1
2021,44301,HB,391,25 Y 5 N 4 Abs,Alabama,AL,1,24,0,4,1,"Sen. Singleton, Bobby [D]",0,1,0,0,1,0,1,0,0,-1.104,2018,37394,,574,37968,0.984882,-0.075470574,34.8,34.3,25.4,24.5,15.9,33.5,62,3,66.5,34.8,43,84,18.7,48.62437,51.37563,0.10075088,533.3,339.11667,0,1,1,1
2021,44301,HB,391,25 Y 5 N 4 Abs,Alabama,AL,1,25,0,4,1,"Sen. Barfoot, Will [R]",1,0,0,1,0,0,0,0,0,,2018,33029,20866,28,53923,0.22556238,0.4597999,33.3,32.3,26.5,25.5,15.7,58.9,32.6,2.4,41.1,51.9,29.5,91.1,38,81.1621,18.837898,0.082428664,603.1,403.06668,0,1,1,1
2021,44301,HB,391,25 Y 5 N 4 Abs,Alabama,AL,1,26,0,4,1,"Sen. Hatcher, Kirk [D]",0,1,0,0,1,0,1,0,0,,2018,,,,0,0,-0.07159668,34.5,34.1,26.8,24.9,14.2,21.5,72,4.2,78.5,29.7,45.1,80.8,24.7,81.18734,18.812658,0.19590053,737.9,348.6,0,1,1,1
2021,44301,HB,391,25 Y 5 N 4 Abs,Alabama,AL,1,27,0,4,1,"Sen. Whatley, Thomas M. [R]",1,0,0,1,0,0,0,0,0,0.958,2018,29741,20587,50,50378,0.1817063,0.103090025,39.5,39.5,25.3,22.2,13.1,64.5,26.2,3.6,35.5,42.8,40.7,88.3,33.5,61.28386,38.71614,0.23088719,566.4667,368.86667,0,1,1,1
2021,44301,HB,391,25 Y 5 N 4 Abs,Alabama,AL,1,28,0,4,1,"Sen. Beasley, William \Billy\"" M. [D]""",0,1,0,0,1,0,0,0,0,-0.217,2018,28445,,738,29183,0.9747113,0.06221071,32.5,31.8,25.4,25.6,17.3,40.6,53.6,3.3,59.4,40.5,36.3,79.9,16.4,42.240665,57.759335,0.11199722,637.25,361.33334,0,1,1,1
2021,44301,HB,391,25 Y 5 N 4 Abs,Alabama,AL,1,29,0,4,1,"Sen. Chesteen, Donnie [R]",1,0,0,1,0,0,0,0,0,0.871,2018,34273,,2492,36765,0.93221813,0.30455676,30.7,30.3,25,27.3,17.5,73.9,17.9,4.4,26.1,49.5,26.5,85.7,19.6,48.77842,51.22158,0.20236526,640.6,481.9,0,1,1,1
2021,44301,HB,391,25 Y 5 N 4 Abs,Alabama,AL,1,30,0,4,1,"Sen. Chambliss Jr., Clyde [R]",1,0,0,1,0,0,0,0,0,1.075,2018,35259,,681,35940,0.98105174,0.26132354,32.8,30.9,25.9,27.1,16,71.3,23.5,2.6,28.7,51.5,27.9,85.4,22,44.80766,55.19234,0.14831936,583.18,462.34,0,1,1,1
2021,44301,HB,391,25 Y 5 N 4 Abs,Alabama,AL,1,31,0,4,1,"Sen. Holley, Jimmy W. [R]",1,0,0,1,0,0,0,0,0,0.976,2018,33137,,510,33647,0.98484266,0.35691965,33,34.1,24,24.7,17.3,71.9,19.9,3.9,28.1,48.4,29.8,85.2,20.8,48.671764,51.328236,0.23411115,565.95,428.2,0,1,1,1
2021,44301,HB,391,25 Y 5 N 4 Abs,Alabama,AL,1,32,0,4,1,"Sen. Elliott, Chris [R]",1,0,0,1,0,0,0,0,0,,2018,45726,15193,86,61005,0.50049996,0.3519375,28.5,27.7,23.4,27.8,21,85,7.8,4.4,15,52.7,24.6,92.3,35.6,57.150105,42.849895,0.16140573,536.5,290.4,0,1,1,1
2021,44301,HB,391,25 Y 5 N 4 Abs,Alabama,AL,1,33,0,4,1,"Sen. Figures, Vivian Davis [D]",0,1,0,0,1,1,0,0,0,-0.881,2018,34995,,495,35490,0.9860524,-0.2723662,33.2,33.7,25.9,25.4,15.1,25.4,71.3,1.4,74.6,29.2,44.7,85.1,19.7,98.70646,1.293544,0.31197166,633.15,353.95,0,1,1,1
2021,44301,HB,391,25 Y 5 N 4 Abs,Alabama,AL,1,34,0,4,1,"Sen. Williams, Jack W. [R]",1,0,0,1,0,0,0,0,0,0.901,2018,35093,,805,35898,0.97757536,0.406349,32.7,32.7,25.9,25.4,16,75.5,16.6,2.9,24.5,52.3,27.2,86.9,24.7,69.839455,30.16055,0.29628214,729.8,417.5,0,1,1,1
2021,44301,HB,391,25 Y 5 N 4 Abs,Alabama,AL,1,35,0,4,1,"Sen. Sessions, David [R]",1,0,0,1,0,0,0,0,0,0.806,2018,29046,13896,37,42979,0.35249773,0.25747013,32.1,31.7,25.8,26.3,16.3,68.8,20.2,4.3,31.2,49.5,28.5,87.3,25,82.73201,17.26799,0.29722098,729.8,417.5,0,1,1,1
2021,44273,HB,391,74 Y 19 N 2 NV 8 Abs,Alabama,AL,0,1,0,4,1,"Rep. Pettus, Phillip [R]",1,0,0,1,0,0,0,0,0,0.973,2018,7348,4336,60,11744,0.2564714,0.19004047,34.7,34.4,24.1,24,17.4,79.4,14,3.7,20.6,45.3,31.9,84.8,18.9,91.88275,8.1172495,0.32496938,662.6,531,0,1,1,1
2021,44273,HB,391,74 Y 19 N 2 NV 8 Abs,Alabama,AL,0,2,0,4,1,"Rep. Greer, Lynn [R]",1,0,0,1,0,0,0,0,0,0.818,2018,13056,4798,21,17875,0.461986,0.40611312,28.2,27.8,21.9,28.6,21.6,90,5.8,1.6,10,58.1,21.2,90.5,28.1,7.6993585,92.300644,0.6299874,592.8,438.6,0,1,1,1
2021,44273,HB,391,74 Y 19 N 2 NV 8 Abs,Alabama,AL,0,3,0,4,1,"Rep. Sorrell, Andrew [R]",1,0,0,1,0,0,0,0,0,,2018,9448,8540,11,17999,0.050447248,0.14425173,30.5,28.8,24.6,27.5,19.2,72.5,21.8,2.2,27.5,49.2,27,85.3,19.5,71.34556,28.654444,0.07464278,632.85,486.4,0,1,1,1
2021,44273,HB,391,74 Y 19 N 2 NV 8 Abs,Alabama,AL,0,4,0,4,1,"Rep. Moore, Parker Duncan [R]",1,0,0,1,0,0,0,0,0,,2018,11074,4325,1625,17024,0.39644033,0.5714575,30.3,33.2,24.4,27.3,15.2,75.1,13.7,8.2,24.9,53.7,27.7,84.4,29.1,39.200294,60.799706,0.13934563,617.1667,410.23334,0,1,1,1
2021,44273,HB,391,74 Y 19 N 2 NV 8 Abs,Alabama,AL,0,5,0,4,1,"Rep. Crawford, Danny [R]",1,0,0,1,0,0,0,0,0,0.911,2018,12395,4725,19,17139,0.44751737,0.35179392,31.8,30.4,25.4,28,16.2,76.5,12.9,7.1,23.5,49.4,28,85.4,24.6,46.3319,53.6681,0.1117818,523,346.2,0,1,1,1
2021,44273,HB,391,74 Y 19 N 2 NV 8 Abs,Alabama,AL,0,6,0,4,1,"Rep. Whitt, Andy [R]",1,0,0,1,0,0,0,0,0,,2018,11893,,595,12488,0.95235425,0.30713788,36.9,29.9,30.1,29.3,10.6,70.9,18.8,4.3,29.1,50.9,31.4,88.1,37.3,69.671005,30.328997,0.06291946,580.9,351.45,0,1,1,1
2021,44273,HB,391,74 Y 19 N 2 NV 8 Abs,Alabama,AL,0,7,0,4,1,"Rep. Robertson, Proncey [R]",1,0,0,1,0,0,0,0,0,,2018,10892,3592,9,14493,0.50369143,0.3297791,29.9,31,24.5,27.9,16.4,84.1,3.7,4.1,15.9,56.4,21.8,80.4,13.3,7.4517455,92.548256,0.10599458,662.93335,521.6667,0,1,1,1
2021,44273,HB,391,74 Y 19 N 2 NV 8 Abs,Alabama,AL,0,8,0,4,1,"Rep. Collins, Terri [R]",1,0,0,1,0,0,1,0,0,0.952,2018,8803,5469,7,14279,0.23348974,-0.06891351,31.2,30.5,25.4,27.5,16.6,63.7,21,11.9,36.3,47.3,28.6,82.4,20.7,98.104294,1.8957094,0,689.7,527.8,0,1,1,1
2021,44273,HB,391,74 Y 19 N 2 NV 8 Abs,Alabama,AL,0,9,0,4,1,"Rep. Stadthagen, Scott [R]",1,0,0,1,0,0,0,0,0,,2018,13297,,127,13424,0.9905393,0.28917682,30.1,30.4,25,26.9,17.6,89,3.1,3.6,11,56.3,23.9,84.3,18.4,31.91369,68.08631,0.24233612,689.7,527.8,0,1,1,1
2021,44273,HB,391,74 Y 19 N 2 NV 8 Abs,Alabama,AL,0,11,0,4,1,"Rep. Shedd, Randall [R]",1,0,0,1,0,0,0,0,0,0.99,2018,13098,,92,13190,0.993025,0.3678591,30.4,29.7,24.2,27.9,18.1,92.3,0.6,5.8,7.7,55.4,21.4,80.8,12,17.25278,82.747215,0.13619944,599.65,509.95,0,1,1,1
2021,44273,HB,391,74 Y 19 N 2 NV 8 Abs,Alabama,AL,0,12,0,4,1,"Rep. Harbison, Corey [R]",1,0,0,1,0,0,0,0,0,0.956,2018,14687,,138,14825,0.9906914,0.3827428,30.4,31.9,24.4,26.5,17.3,91.3,1.5,4.6,8.7,54.7,22.4,82,16.5,27.987692,72.01231,0,626.1,543.6,0,1,1,1
2021,44273,HB,391,74 Y 19 N 2 NV 8 Abs,Alabama,AL,0,13,0,4,1,"Rep. Rowe, Connie Cooner [R]",1,0,0,1,0,1,0,0,0,0.767,2018,13755,,191,13946,0.98630434,0.41570932,31.3,31.7,25.2,25.4,17.8,87.6,6.7,2.9,12.4,52.1,24.1,85.1,13.7,42.912277,57.087723,0.26963657,666.4,563.1,0,1,1,1
2021,44273,HB,391,74 Y 19 N 2 NV 8 Abs,Alabama,AL,0,14,0,4,1,"Rep. Wadsworth, Timothy R. [R]",1,0,0,1,0,0,0,0,0,0.609,2018,13394,,142,13536,0.98950946,0.2882489,26.7,28.2,21.2,30.4,20.3,94.7,2.4,0.9,5.3,54.9,19.8,79,10.4,0.09051594,99.909485,0.31398106,668.575,521.95,0,1,1,1
2021,44273,HB,391,74 Y 19 N 2 NV 8 Abs,Alabama,AL,0,15,0,4,1,"Rep. Farley, Allen [R]",1,0,0,1,0,0,0,0,0,1.06,2018,14212,6951,15,21178,0.34285578,0.29944965,31.3,30,25.9,29.9,14.2,76.6,18,1.5,23.4,61.3,23.7,93.2,37,44.088055,55.911945,0,620.05,381.05,0,1,1,1
2021,44273,HB,391,74 Y 19 N 2 NV 8 Abs,Alabama,AL,0,16,0,4,1,"Rep. South, Kyle [R]",1,0,0,1,0,0,0,0,0,0.886,2018,14681,,138,14819,0.9906876,0.39361575,29.2,28.8,23,29.3,18.9,85.2,11,1.7,14.8,54.3,23.9,83.3,13.5,17.041668,82.95833,0.02389629,631.6667,437.3,0,1,1,1
2021,44273,HB,391,74 Y 19 N 2 NV 8 Abs,Alabama,AL,0,17,0,4,1,"Rep. Estes, Tracy [R]",1,0,0,1,0,0,0,0,0,,2018,12158,,151,12309,0.9877325,0.5664033,28.1,29.7,22.4,27.7,20.1,91.1,4.1,2.6,8.9,55,21.8,79.1,12.4,16.859077,83.14092,0.0394344,612.6667,533.06665,0,1,1,1
2021,44273,HB,391,74 Y 19 N 2 NV 8 Abs,Alabama,AL,0,18,0,4,1,"Rep. Kiel, Jamie [R]",1,0,0,1,0,0,0,0,0,,2018,9845,3886,8,13739,0.4337288,0.3801152,30,32.5,23.3,26.1,17.9,79.9,5.9,12.4,20.1,51.8,24.6,79.3,14.2,20.057524,79.942474,0.19436346,614.2,458.35,0,1,1,1
2021,44273,HB,391,74 Y 19 N 2 NV 8 Abs,Alabama,AL,0,19,0,4,1,"Rep. Hall, Laura [D]",0,1,0,0,1,1,1,0,0,-0.611,2018,12675,,264,12939,0.97959656,-0.42658812,35.3,34.6,26.8,24.5,14.1,38,52.8,5.2,62,38.6,38.6,85.6,27.9,98.61553,1.3844694,0.31291908,638.8,356.7,0,1,1,1
2021,44273,HB,391,74 Y 19 N 2 NV 8 Abs,Alabama,AL,0,20,0,4,1,"Rep. Sanderford, Howard [R]",1,0,0,1,0,0,0,0,0,0.859,2018,14589,8527,14,23130,0.2620839,0.37444302,25.3,27.7,20.4,30,21.9,85.7,5.5,2.4,14.3,61.8,19.3,97.1,60.5,96.97559,3.024404,0.30487806,638.8,356.7,0,1,1,1
2021,44273,HB,391,74 Y 19 N 2 NV 8 Abs,Alabama,AL,0,21,0,4,1,"Rep. Reynolds, Rex [R]",1,0,0,1,0,0,0,0,0,,2018,13311,8391,10,21712,0.2266028,0.2567341,29,26.9,24.6,30.6,18,82.2,9.7,2.6,17.8,57,23.6,93.2,45.1,92.182976,7.8170238,0.18818402,638.8,356.7,0,1,1,1
2021,44273,HB,391,74 Y 19 N 2 NV 8 Abs,Alabama,AL,0,22,0,4,1,"Rep. Whorton, Ritchie [R]",1,0,0,1,0,0,0,0,0,1.011,2018,13929,,240,14169,0.9830616,0.36407977,29.7,30.7,24.7,30,14.6,86.9,5.4,1.8,13.1,58.4,21.9,87.2,25.7,22.5395,77.4605,0.15832806,588.75,385.15,0,1,1,1
2021,44273,HB,391,74 Y 19 N 2 NV 8 Abs,Alabama,AL,0,23,0,4,1,"Rep. Hanes Jr., James \Tommy\"" T. [R]""",1,0,0,1,0,0,0,0,0,1.041,2018,10823,,125,10948,0.9885824,0.22914557,29.5,28.2,24.4,27.6,19.7,89.1,4,2.7,10.9,55,21.4,83,14.5,28.755491,71.24451,0,538.7,413.6,0,1,1,1
2021,44273,HB,391,74 Y 19 N 2 NV 8 Abs,Alabama,AL,0,24,0,4,1,"Rep. Ledbetter, Nathaniel [R]",1,0,0,1,0,0,0,0,0,0.949,2018,12394,,134,12528,0.98930395,0.39497963,30.6,31.8,24.4,27.3,16.5,84.4,1.7,10.1,15.6,52.2,25.1,76.5,14.2,12.966701,87.0333,0.15012415,632.1,484.4,0,1,1,1
2021,44273,HB,391,74 Y 19 N 2 NV 8 Abs,Alabama,AL,0,25,0,4,1,"Rep. McCutcheon, Mac [R]",1,0,0,1,0,0,0,0,0,0.803,2018,14974,,805,15779,0.94898283,0.5164744,29.2,32.9,24,31.6,11.5,70.5,17.5,4.4,29.5,60.4,25.4,96.7,54,90.05848,9.941521,0.36474165,580.9,351.45,0,1,1,1
2021,44273,HB,391,74 Y 19 N 2 NV 8 Abs,Alabama,AL,0,26,0,4,1,"Rep. Rich, Kerry [R]",1,0,0,1,0,0,0,0,0,0.895,2018,8948,,132,9080,0.98546255,0.35089663,31.6,37.4,26.2,22,14.5,70.2,2.9,24.5,29.8,50.3,26.5,75.1,16,53.00644,46.99356,0.23194775,646.4,479.6,0,1,1,1
2021,44273,HB,391,74 Y 19 N 2 NV 8 Abs,Alabama,AL,0,27,0,4,1,"Rep. Kitchens, Wes [R]",1,0,0,1,0,0,0,0,0,,2018,13245,2456,17,15718,0.6864105,0.28362295,29.2,28,23.5,28.1,20.2,92.1,2.2,2.6,7.9,55.3,21.4,85.1,22,30.71646,69.28354,0.12554927,646.4,479.6,0,1,1,1
2021,44273,HB,391,74 Y 19 N 2 NV 8 Abs,Alabama,AL,0,28,0,4,1,"Rep. Isbell, Gil F. [R]",1,0,0,1,0,0,0,0,0,,2018,7091,5731,21,12843,0.10589426,0.2770736,32.8,32.1,25.1,25.7,17,64.3,27.3,5.7,35.7,38.7,33.6,80.3,12.4,67.23889,32.76111,0.1132098,810.7,645.2,0,1,1,1
2021,44273,HB,391,74 Y 19 N 2 NV 8 Abs,Alabama,AL,0,29,0,4,1,"Rep. Nordgren, Becky [R]",1,0,0,1,0,1,0,0,0,0.793,2018,11528,3032,14,14574,0.58295596,0.27007893,29.2,30.1,24.1,28.5,17.3,84,4.2,9.1,16,54.9,23.7,83.4,16.2,50.648182,49.351818,0.12532076,764.55,605.7,0,1,1,1
2021,44273,HB,391,74 Y 19 N 2 NV 8 Abs,Alabama,AL,0,30,0,4,1,"Rep. Lipscomb, Craig [R]",1,0,0,1,0,0,0,0,0,1.292,2018,13779,2931,10,16720,0.64880383,0.38381746,28.6,28.9,23.5,29.2,18.5,88.4,6.2,2.2,11.6,57.7,20.6,84.9,19.6,41.481777,58.518223,0.1709499,665.7,546.6,0,1,1,1
2021,44273,HB,391,74 Y 19 N 2 NV 8 Abs,Alabama,AL,0,31,0,4,1,"Rep. Holmes, Mike [R]",1,0,0,1,0,0,0,0,0,1.103,2018,14323,,202,14525,0.9860929,0.30960482,30.5,29.5,25.4,28,17.2,78.9,17,1.8,21.1,50.7,26.3,87.2,24.3,15.518023,84.48198,0,461.9,351.2,0,1,1,1
2021,44273,HB,391,74 Y 19 N 2 NV 8 Abs,Alabama,AL,0,32,0,4,1,"Rep. Boyd, Barbara Bigsby [D]",0,1,0,0,1,1,1,0,0,-0.504,2018,7761,4513,13,12287,0.26434442,-0.0548391,32.9,29.8,26.2,28.1,16,40.2,55.6,1.5,59.8,33.3,37.8,77.7,12.1,65.08266,34.917343,0.10913721,641.35,491.95,0,1,1,1
2021,44273,HB,391,74 Y 19 N 2 NV 8 Abs,Alabama,AL,0,33,0,4,1,"Rep. Robbins, Ben [R]",1,0,0,1,0,0,0,0,0,,2018,,,,0,1,0.18842416,30.1,31,23.7,27,18.2,70.3,26.9,1.5,29.7,48,28.5,79.3,12.4,39.84973,60.15027,0.086112864,518.05,402.05,0,1,1,1
2021,44273,HB,391,74 Y 19 N 2 NV 8 Abs,Alabama,AL,0,34,0,4,1,"Rep. Standridge, David [R]",1,0,0,1,0,0,0,0,0,0.933,2018,13331,,88,13419,0.9934421,0.4795453,29.3,31.8,23.7,27.1,17.3,84.6,1.8,11.1,15.4,56.5,21.1,79.2,13.4,11.485349,88.51465,0.012235409,573.2,476.3,0,1,1,1
2021,44273,HB,391,74 Y 19 N 2 NV 8 Abs,Alabama,AL,0,35,0,4,1,"Rep. Hurst, Stephen \Steven\"" W. [R]""",1,0,0,1,0,0,0,0,0,0.636,2018,11567,,216,11783,0.98166853,0.5114391,29.9,30.4,23.4,27.9,18.4,76.3,15.4,5.4,23.7,50.6,25,79.3,14.6,68.173096,31.826902,0.09776296,656.43335,507.03333,0,1,1,1
2021,44273,HB,391,74 Y 19 N 2 NV 8 Abs,Alabama,AL,0,36,0,4,1,"Rep. Wood, Randy [R]",1,0,0,1,0,0,0,0,0,0.964,2018,11399,4256,13,15668,0.45589736,0.31783527,29.6,27.7,24.1,28.8,19.4,77,15.7,2.7,23,53.6,22.9,85.8,19.4,66.78407,33.215927,0.03150764,601.13336,477.3,0,1,1,1
2021,44273,HB,391,74 Y 19 N 2 NV 8 Abs,Alabama,AL,0,37,0,4,1,"Rep. Fincher, Bob [R]",1,0,0,1,0,0,0,0,0,1.01,2018,11153,4505,16,15674,0.42414188,0.2135221,27.1,28.8,21.1,29.5,20.6,68.9,26.1,3,31.1,49.2,26.4,79.3,15.4,9.179068,90.82093,0.114462316,470.4,288.2,0,1,1,1
2021,44273,HB,391,74 Y 19 N 2 NV 8 Abs,Alabama,AL,0,38,0,4,1,"Rep. Wood, Debbie Hamby [R]",1,0,0,1,0,1,0,0,0,,2018,11151,4944,31,16126,0.38490635,0.22155727,32.8,33,25.4,26.5,15.1,72.6,21,3,27.4,51.1,27.3,87.9,21.7,53.121887,46.878113,0.44005525,457.65,244.65,0,1,1,1
2021,44273,HB,391,74 Y 19 N 2 NV 8 Abs,Alabama,AL,0,39,0,4,1,"Rep. Shaver, Ginny [R]",1,0,0,1,0,1,0,0,0,,2018,11585,,146,11731,0.9875544,0.2774601,27.6,29.4,22.8,27.6,20.2,90.1,4.5,3.2,9.9,56,20.9,81.1,13.1,7.613378,92.38662,0.18469226,567.35,453.4,0,1,1,1
2021,44273,HB,391,74 Y 19 N 2 NV 8 Abs,Alabama,AL,0,40,0,4,1,"Rep. Brown, K.L. \Koven\"" [R]""",1,0,0,1,0,0,0,0,0,0.905,2018,11188,3819,10,15017,0.49071053,0.2553411,34.9,33.7,26.7,25.3,14.3,83.3,11.2,2.9,16.7,52.2,30,88.5,24,40.148834,59.851166,0.3276992,752.05,648.25,0,1,1,1
2021,44273,HB,391,74 Y 19 N 2 NV 8 Abs,Alabama,AL,0,41,0,4,1,"Rep. Ellis, Corley [R]",1,0,0,1,0,0,0,0,0,0.82,2018,14088,4610,9,18707,0.5066553,0.40737104,32.6,31.5,28,26,14.5,79.3,15.1,3.1,20.7,58.5,21.8,89.9,28,56.859596,43.140404,0.24169524,440.6,302,0,1,1,1
2021,44273,HB,391,74 Y 19 N 2 NV 8 Abs,Alabama,AL,0,42,0,4,1,"Rep. Smith, Ivan \Van\"" [R]""",1,0,0,1,0,0,0,0,0,,2018,,,,0,1,0.30216122,31.3,31.9,25.8,27,15.2,81.2,13,3.3,18.8,54.5,24.9,84.8,16,17.541145,82.458855,0.17203808,625.55,520.75,0,1,1,1
2021,44273,HB,391,74 Y 19 N 2 NV 8 Abs,Alabama,AL,0,43,0,4,1,"Rep. Mooney, Arnold [R]",1,0,0,1,0,0,0,0,0,1.224,2018,15035,5847,11,20893,0.4397645,0.38015702,30,29.3,24.2,29.6,16.9,81.7,6.9,6.6,18.3,59.1,25.9,95.8,58.4,96.91073,3.0892696,0.26693717,440.6,302,0,1,1,1
2021,44273,HB,391,74 Y 19 N 2 NV 8 Abs,Alabama,AL,0,44,0,4,1,"Rep. Garrett, Danny [R]",1,0,0,1,0,0,0,0,0,0.844,2018,14597,,570,15167,0.96241844,0.39856306,30,31.6,25.3,27.6,15.5,75.7,17.7,2.4,24.3,56.5,22.9,94.1,32.7,94.192375,5.8076224,0.18397148,799.5,460.1,0,1,1,1
2021,44273,HB,391,74 Y 19 N 2 NV 8 Abs,Alabama,AL,0,45,0,4,1,"Rep. Drake, Dickie [R]",1,0,0,1,0,0,0,0,0,0.967,2018,13669,7148,16,20833,0.31301302,0.21434759,29.9,30.7,25.8,27,16.5,74.6,18,3.4,25.4,56.3,24.9,92.8,45.8,92.27357,7.7264323,0.5608974,586.93335,403.36667,0,1,1,1
2021,44273,HB,391,74 Y 19 N 2 NV 8 Abs,Alabama,AL,0,46,0,4,1,"Rep. Faulkner, David [R]",1,0,0,1,0,0,0,0,0,0.903,2018,13341,8445,4,21790,0.22469023,0.23693486,32.1,36.7,26.6,23.5,13.3,85,7.5,2.8,15,58.4,29.7,98.1,71,100,0,0.13248084,799.5,460.1,0,1,1,1
2021,44273,HB,391,74 Y 19 N 2 NV 8 Abs,Alabama,AL,0,47,0,4,1,"Rep. Wheeler, David [R]",1,0,0,1,0,0,0,0,0,,2018,9170,7721,8,16899,0.085744716,0.38249403,39.6,31.6,34.6,20.9,12.9,59.8,23.5,8.7,40.2,52.4,29.9,95.5,51.6,100,0,0.37283623,799.5,460.1,0,1,1,1
2021,44273,HB,391,74 Y 19 N 2 NV 8 Abs,Alabama,AL,0,48,0,4,1,"Rep. Carns, Jim [R]",1,0,0,1,0,0,0,0,0,1.05,2018,14789,7832,15,22636,0.3073423,0.4612512,33.8,29.6,28.1,25.9,16.4,86.1,6,3.5,13.9,58.8,26.3,98.3,70.4,94.572014,5.4279833,0.15511091,620.05,381.05,0,1,1,1
2021,44273,HB,391,74 Y 19 N 2 NV 8 Abs,Alabama,AL,0,49,0,4,1,"Rep. Bedsole, Russell [R]",1,0,0,1,0,0,0,0,0,,2018,,,,0,1,0.45001626,33.3,34.6,25.2,25.5,14.7,75.4,11.9,8.6,24.6,49.4,30.5,83.8,18.9,72.20035,27.799654,0.42146316,555.23334,458.56668,0,1,1,1
2021,44273,HB,391,74 Y 19 N 2 NV 8 Abs,Alabama,AL,0,50,0,4,1,"Rep. Hill, Jim [R]",1,0,0,1,0,0,0,0,0,0.956,2018,14412,,257,14669,0.98248005,0.29887855,32.3,31.8,26.9,26.7,14.5,84.6,10.8,3,15.4,54.7,22.9,87.4,18.2,24.85235,75.14765,0.21010856,520.7,448,0,1,1,1
2021,44273,HB,391,74 Y 19 N 2 NV 8 Abs,Alabama,AL,0,51,0,4,1,"Rep. Treadaway, Allen [R]",1,0,0,1,0,0,0,0,0,0.864,2018,15390,3174,6,18570,0.65783525,0.51233226,28.3,30.5,23,29.3,17,84.4,9.3,3.5,15.6,58.7,21.9,89.6,21.7,66.25,33.75,0.01158413,799.5,460.1,0,1,1,1
2021,44273,HB,391,74 Y 19 N 2 NV 8 Abs,Alabama,AL,0,52,0,4,1,"Rep. Rogers Jr., John W. [D]",0,1,0,0,1,0,1,0,0,-0.596,2018,13284,,169,13453,0.9874377,-0.2592879,41.5,29.1,31.1,23.7,16,35.5,56.7,4,64.5,31.2,44.9,89.9,35.9,95.42943,4.5705743,0.22954823,799.5,460.1,0,1,1,1
2021,44273,HB,391,74 Y 19 N 2 NV 8 Abs,Alabama,AL,0,53,0,4,1,"Rep. Daniels, Anthony [D]",0,1,0,0,1,0,1,0,0,-0.36,2018,8375,,130,8505,0.98471487,-0.3319886,41.5,39.5,28.4,21,11,28.2,55.5,11.4,71.8,26.1,50,81.9,21.6,100,0,0.44529906,638.8,356.7,0,1,1,1
2021,44273,HB,391,74 Y 19 N 2 NV 8 Abs,Alabama,AL,0,54,0,4,1,"Rep. Rafferty, Neil [D]",0,1,1,0,1,0,0,0,0,,2018,13287,1436,53,14776,0.80204386,-0.16705872,39.8,26.5,33.8,25.4,14.3,39.6,54.5,3.8,60.4,27.2,46.1,86.5,35.3,100,0,0.44787872,799.5,460.1,0,1,1,1
2021,44273,HB,391,74 Y 19 N 2 NV 8 Abs,Alabama,AL,0,56,0,4,1,"Rep. Alexander, Louise [D]",0,1,0,0,1,1,1,0,0,-0.479,2018,13769,,266,14035,0.9810474,-0.15165855,34.3,32.4,27.4,24.4,15.8,27.2,62.8,5.1,72.8,36.3,37.8,85.5,25.6,90.51858,9.481424,0.1404191,799.5,460.1,0,1,1,1
2021,44273,HB,391,74 Y 19 N 2 NV 8 Abs,Alabama,AL,0,57,0,4,1,"Rep. Coleman-Evans, Merika [D]",0,1,0,0,1,1,1,0,0,-0.609,2018,12831,,251,13082,0.9808133,-0.07418454,30.8,31.6,24.3,27.7,16.4,29.9,66.6,2,70.1,38.9,34,88.3,18.2,99.59278,0.40722057,0.11312217,799.5,460.1,0,1,1,1
2021,44273,HB,391,74 Y 19 N 2 NV 8 Abs,Alabama,AL,0,58,0,4,1,"Rep. Hollis, Rolanda [D]",0,1,0,0,1,1,1,0,0,-0.416,2018,12498,,159,12657,0.9874378,-0.17204265,31.8,35.1,25.4,26.8,12.9,23.8,69.1,5.5,76.2,38.3,36.4,87.8,20.2,100,0,0.89448494,799.5,460.1,0,1,1,1
2021,44273,HB,391,74 Y 19 N 2 NV 8 Abs,Alabama,AL,0,59,0,4,1,"Rep. Moore, Mary [D]",0,1,0,0,1,1,1,0,0,-0.802,2018,12036,,116,12152,0.99045426,-0.1893537,31.6,36.6,24.6,25.7,13.3,14.2,78.2,5,85.8,30.6,43.6,83.3,14.8,98.20165,1.7983509,0.14120969,799.5,460.1,0,1,1,1
2021,44273,HB,391,74 Y 19 N 2 NV 8 Abs,Alabama,AL,0,60,0,4,1,"Rep. Givan, Juandalynn \Lee Lee\"" [D]""",0,1,0,0,1,1,1,0,0,-0.478,2018,14432,,225,14657,0.984649,-0.2983012,30.4,32.3,23.5,27.4,16.7,26.6,68.4,2.3,73.4,36.2,36.6,87.8,20,93.28588,6.714116,0.28544244,799.5,460.1,0,1,1,1
2021,44273,HB,391,74 Y 19 N 2 NV 8 Abs,Alabama,AL,0,61,0,4,1,"Rep. Sullivan, Rodney [R]",1,0,0,1,0,0,0,0,0,,2018,12407,6491,17,18915,0.31276765,0.076713145,34.1,30,27.7,26.2,15.9,69.2,24.9,4.3,30.8,49.2,29.3,86.2,23.7,39.08537,60.91463,0.25824627,594.25,414.7,0,1,1,1
2021,44273,HB,391,74 Y 19 N 2 NV 8 Abs,Alabama,AL,0,62,0,4,1,"Rep. Wingo, Rich [R]",1,0,0,1,0,0,0,0,0,1.293,2018,11282,5265,15,16562,0.36330155,0.33262908,36.3,34.6,27.8,25.9,11.8,73.1,19.9,4.8,26.9,52.8,29.9,85.9,21.5,57.56234,42.43766,0.6682341,492.2,343.5,0,1,1,1
2021,44273,HB,391,74 Y 19 N 2 NV 8 Abs,Alabama,AL,0,63,0,4,1,"Rep. Poole, William \Bill\"" [R]""",1,0,0,1,0,0,0,0,0,0.849,2018,1,0,,1,1,0.16909577,38.2,49,21.5,17.4,12.1,80.2,10.5,3.5,19.8,35.9,52.8,93.2,54.2,91.81782,8.182183,0.08253444,492.2,343.5,0,1,1,1
2021,44273,HB,391,74 Y 19 N 2 NV 8 Abs,Alabama,AL,0,64,0,4,1,"Rep. Shiver, Harry [R]",1,0,0,1,0,0,0,0,0,0.691,2018,13030,4022,20,17072,0.5276476,0.12407149,29.6,33.3,24.4,26.2,16.2,77.4,15.5,3.9,22.6,53.6,24.8,87,20.1,25.33302,74.666985,0.045282163,536.5,290.4,0,1,1,1
2021,44273,HB,391,74 Y 19 N 2 NV 8 Abs,Alabama,AL,0,65,0,4,1,"Rep. Easterbrook, Brett [R]",1,0,0,1,0,0,0,0,0,,2018,10095,9010,13,19118,0.056752797,0.18237923,27,30.7,21,28.3,20.2,59.1,36.2,0.6,40.9,48,28.4,82.1,12.8,3.1161025,96.883896,0.04874185,640.85,450.125,0,1,1,1
2021,44273,HB,391,74 Y 19 N 2 NV 8 Abs,Alabama,AL,0,66,0,4,1,"Rep. Baker, Alan [R]",1,0,0,1,0,0,0,0,0,0.708,2018,10431,4008,5,14444,0.44468293,0.375744,31.6,31.1,25.3,26.4,17.3,66.2,24.2,4.3,33.8,43.7,32.5,81.2,13.5,42.88319,57.11681,0.18568952,595.85,414.9,0,1,1,1
2021,44273,HB,391,74 Y 19 N 2 NV 8 Abs,Alabama,AL,0,68,0,4,1,"Rep. Jackson, Thomas \Action\"" E. [D]""",0,1,0,0,1,0,1,0,0,-0.489,2018,1,0,,1,1,-0.24398838,28.8,30.8,22.5,27.5,19.2,44.3,52.6,1.1,55.7,41.4,36.4,82.7,12.4,21.84582,78.15418,0.270453,633.4167,424.41666,0,1,1,1
2021,44273,HB,391,74 Y 19 N 2 NV 8 Abs,Alabama,AL,0,69,0,4,1,"Rep. Lawrence, Kelvin J. [D]",0,1,0,0,1,0,1,0,0,-0.447,2018,1,0,,1,1,-0.030610783,30,31.2,23,27.9,18,32.5,64,1.1,67.5,41.1,37.3,81.9,19,3.033662,96.96634,0.28004527,575.15,315.5,0,1,1,1
2021,44273,HB,391,74 Y 19 N 2 NV 8 Abs,Alabama,AL,0,70,0,4,1,"Rep. England, Christopher John [D]",0,1,0,0,1,0,1,0,0,-0.665,2018,1,0,,1,1,-0.2666719,41.7,36.3,30.1,22.6,11,31.5,62.7,3.7,68.5,33.6,48.1,87.5,25.8,97.348076,2.6519217,0.07115267,492.2,343.5,0,1,1,1
2021,44273,HB,391,74 Y 19 N 2 NV 8 Abs,Alabama,AL,0,74,0,4,1,"Rep. Meadows, Charlotte [R]",1,0,0,1,0,1,0,0,0,,2019,1664,767,15,2446,0.36672118,0.40999803,35.4,32.3,27.5,23.2,17,56,34.8,2.8,44,45.1,34.7,92.1,37.1,99.97878,0.021216782,0.10895507,737.9,348.6,0,1,1,1
2021,44273,HB,391,74 Y 19 N 2 NV 8 Abs,Alabama,AL,0,75,0,4,1,"Rep. Ingram, Reed [R]",1,0,0,1,0,0,0,0,0,0.889,2018,1,0,,1,1,0.40195113,33.3,30.4,28.5,27.4,13.7,63,27.3,2.5,37,58.7,25.6,91.4,46.7,78.028946,21.971052,0.04746585,599.9,349.9,0,1,1,1
2021,44273,HB,391,74 Y 19 N 2 NV 8 Abs,Alabama,AL,0,79,0,4,1,"Rep. Lovvorn, Joe [R]",1,0,0,1,0,0,0,0,0,0.769,2018,9717,7015,8,16740,0.1614098,0.13347705,47,50.4,24.8,16,8.8,70,16.7,4.5,30,36.4,54.1,93.8,57,82.032845,17.96716,0.1338757,357.9,178.9,0,1,1,1
2021,44273,HB,391,74 Y 19 N 2 NV 8 Abs,Alabama,AL,0,80,0,4,1,"Rep. Blackshear, Chris [R]",1,0,0,1,0,0,0,0,0,0.807,2018,8506,3407,14,11927,0.42751738,0.25279176,36.3,32.9,29,24.7,13.5,69.4,21.7,4,30.6,50.1,27.4,88.3,21.7,85.004814,14.995185,0.04218742,484.15,287,0,1,1,1
2021,44273,HB,391,74 Y 19 N 2 NV 8 Abs,Alabama,AL,0,81,0,4,1,"Rep. Oliver, Ed [R]",1,0,0,1,0,0,0,0,0,,2018,12823,4697,8,17528,0.46360108,0.1505669,26.9,27.9,21.9,29.3,20.8,73.6,22.8,2.2,26.4,53.9,23.9,81.7,18.4,22.265642,77.73436,0.08220079,544.5,355.75,0,1,1,1
2021,44273,HB,391,74 Y 19 N 2 NV 8 Abs,Alabama,AL,0,83,0,4,1,"Rep. Gray, Jeremy \Mr Eyg\"" [D]""",0,1,0,0,1,0,1,0,0,,2018,8943,5143,22,14108,0.26935074,-0.1467001,34.8,34.3,27.5,26.5,11.8,38.2,53.2,4,61.8,37.9,37,83.3,16.7,61.153763,38.846237,0.28085423,484.15,287,0,1,1,1
2021,44273,HB,391,74 Y 19 N 2 NV 8 Abs,Alabama,AL,0,84,0,4,1,"Rep. Forte, Berry [D]",0,1,0,0,1,0,1,0,0,-0.31,2018,1,0,,1,1,0.104041636,32.9,30.4,27.3,25.9,16.3,40.2,53.1,4.2,59.8,43.5,34.5,76.6,13.9,32.130276,67.86972,0,590,321.56668,0,1,1,1
2021,44273,HB,391,74 Y 19 N 2 NV 8 Abs,Alabama,AL,0,86,0,4,1,"Rep. Lee, Paul [R]",1,0,0,1,0,0,0,0,0,0.969,2018,11226,3238,21,14485,0.55146706,0.26351437,31.3,30,25.2,27.7,17.3,74,19.4,3.8,26,46.7,29.4,84.3,16.3,42.999775,57.000225,0.3616948,841.8,594.8,0,1,1,1
2021,44273,HB,391,74 Y 19 N 2 NV 8 Abs,Alabama,AL,0,87,0,4,1,"Rep. Sorrells, Jeff [R]",1,0,0,1,0,0,0,0,0,,2018,1,0,,1,1,0.15694201,29.7,30.4,24.6,27,18.1,84,9.2,3.6,16,54.3,22.6,85.6,21.1,38.43435,61.56565,0.16364826,709.15,542.3,0,1,1,1
2021,44273,HB,391,74 Y 19 N 2 NV 8 Abs,Alabama,AL,0,88,0,4,1,"Rep. Dismukes, Will [R]",1,0,0,1,0,0,0,0,0,,2018,11500,4793,31,16324,0.41086742,0.32247627,34.7,35.4,27.8,24.2,12.7,69.4,22.8,3.9,30.6,53.2,28.1,88.3,29.5,71.60037,28.39963,0.24748391,488.15,379.55,0,1,1,1
2021,44273,HB,391,74 Y 19 N 2 NV 8 Abs,Alabama,AL,0,90,0,4,1,"Rep. Sells, Chris [R]",1,0,0,1,0,0,0,0,0,0.765,2018,11063,6051,9,17123,0.2927057,0.23156501,28.7,29.5,23,28.3,19.3,60.3,36.1,0.8,39.7,43,33,82.6,16.1,15.96237,84.03763,0.08939975,617.4,442.48,0,1,1,1
2021,44273,HB,391,74 Y 19 N 2 NV 8 Abs,Alabama,AL,0,91,0,4,1,"Rep. Marques, Rhett [R]",1,0,0,1,0,0,0,0,0,,2018,1,0,,1,1,0.30169755,31.9,32.1,26.3,25.4,16.4,71,15.8,7.6,29,54.1,24,86.2,24.2,51.74653,48.25347,0.07750221,693.4,547.8,0,1,1,1
2021,44273,HB,391,74 Y 19 N 2 NV 8 Abs,Alabama,AL,0,92,0,4,1,"Rep. Jones Jr., Mike [R]",1,0,0,1,0,0,0,0,0,0.889,2018,1,0,,1,1,0.30869466,27.6,28.6,22.1,28.5,20.7,83.2,13,1.7,16.8,51.4,22.7,83.3,14.4,27.372011,72.62799,0.22495922,642.36664,525.9667,0,1,1,1
2021,44273,HB,391,74 Y 19 N 2 NV 8 Abs,Alabama,AL,0,93,0,4,1,"Rep. Clouse, Steve [R]",1,0,0,1,0,0,0,0,0,0.798,2018,1,0,,1,1,0.2561465,29.8,29.6,24.5,27.8,18.1,70.9,18.6,5.3,29.1,51.6,24.8,87.4,21.6,60.389,39.611,0.06731363,672.65,477.95,0,1,1,1
2021,44273,HB,391,74 Y 19 N 2 NV 8 Abs,Alabama,AL,0,94,0,4,1,"Rep. Faust Sr., Joe [R]",1,0,0,1,0,0,0,0,0,0.682,2018,15302,6257,18,21577,0.41919637,0.16514489,25.7,29.1,21.4,28.5,20.9,86.3,6.7,4.2,13.7,56.5,22.2,92,39,57.034378,42.965622,0.18159178,536.5,290.4,0,1,1,1
2021,44273,HB,391,74 Y 19 N 2 NV 8 Abs,Alabama,AL,0,95,0,4,1,"Rep. McMillan, Steve [R]",1,0,0,1,0,0,0,0,0,0.765,2018,1,0,,1,1,0.24822496,27.4,22.9,22.3,29.3,25.5,88.4,5.2,4.7,11.6,47.3,25.7,91.1,30,56.073936,43.926064,0.12474383,536.5,290.4,0,1,1,1
2021,44273,HB,391,74 Y 19 N 2 NV 8 Abs,Alabama,AL,0,96,0,4,1,"Rep. Simpson, Matt [R]",1,0,0,1,0,0,0,0,0,,2018,13699,5019,1113,19831,0.43769854,0.2574762,31.6,32.4,25.9,26.5,15.2,78.6,13.5,3,21.4,54.4,26,95.4,38.7,93.35107,6.6489363,0.20985822,536.5,290.4,0,1,1,1
2021,44273,HB,391,74 Y 19 N 2 NV 8 Abs,Alabama,AL,0,97,0,4,1,"Rep. Clarke, Adline Cecline [D]",0,1,0,0,1,1,1,0,0,-0.348,2018,8740,4605,13,13358,0.30955234,-0.29883164,36.2,32.3,28.3,25,14.3,38.3,57.1,1.4,61.7,26.7,46.1,84.4,24,100,0,0.794291,729.8,417.5,0,1,1,1
2021,44273,HB,391,74 Y 19 N 2 NV 8 Abs,Alabama,AL,0,98,0,4,1,"Rep. Bracy Jr., Napoleon [D]",0,1,0,0,1,0,1,0,0,-0.633,2018,1,0,,1,1,-0.18446103,30,35.5,22.6,26.2,15.8,36.2,60,0.9,63.8,36.4,38.1,82.5,12.9,81.67155,18.328455,0.057773784,729.8,417.5,0,1,1,1
2021,44273,HB,391,74 Y 19 N 2 NV 8 Abs,Alabama,AL,0,99,0,4,1,"Rep. Jones, Sam [D]",0,1,0,0,1,0,1,0,0,,2018,11794,4270,24,16088,0.46767777,-0.3029513,32,30.6,25.6,27,16.8,31.7,65.6,1.2,68.3,38.4,36.6,86.7,21.9,99.97693,0.023070712,0.089400455,729.8,417.5,0,1,1,1
2021,44273,HB,391,74 Y 19 N 2 NV 8 Abs,Alabama,AL,0,100,0,4,1,"Rep. Gaston, Victor [R]",1,0,0,1,0,0,0,0,0,0.835,2018,1,0,,1,1,0.3826008,33.6,34.6,27.4,25.5,12.7,72.4,19.3,2.9,27.6,56.1,26.7,93,34.4,89.7743,10.225698,0.119708344,729.8,417.5,0,1,1,1
2021,44273,HB,391,74 Y 19 N 2 NV 8 Abs,Alabama,AL,0,101,0,4,1,"Rep. Pringle, Chris [R]",1,0,0,1,0,0,0,0,0,0.862,2018,1,0,,1,1,0.14038268,37.6,33,27.7,22.4,17.1,69.2,21.1,4.7,30.8,45.9,34.1,92.9,41.4,100,0,0.21742506,729.8,417.5,0,1,1,1
2021,44273,HB,391,74 Y 19 N 2 NV 8 Abs,Alabama,AL,0,102,0,4,1,"Rep. Stringer, Shane [R]",1,0,0,1,0,0,0,0,0,,2018,1,0,,1,1,0.3557683,30,32.2,24,28,15.8,79.4,12.7,1.8,20.6,53.6,24,81.6,11.7,25.162745,74.83726,0.41801253,633.15,353.95,0,1,1,1
2021,44273,HB,391,74 Y 19 N 2 NV 8 Abs,Alabama,AL,0,103,0,4,1,"Rep. Drummond, Barbara [D]",0,1,0,0,1,1,1,0,0,-0.61,2018,1,0,,1,1,-0.050237242,34.2,34.3,27.6,24.8,13.4,29.9,62.7,3.4,70.1,31.5,43.5,87.2,20.7,97.875244,2.1247585,0.17300005,729.8,417.5,0,1,1,1
2021,44273,HB,391,74 Y 19 N 2 NV 8 Abs,Alabama,AL,0,104,0,4,1,"Rep. Wilcox, Margie [R]",1,0,0,1,0,1,0,0,0,0.775,2018,10152,4695,7,14854,0.3673758,0.48202303,31.8,32.3,25.6,25.3,16.9,68.7,18,6.7,31.3,49.7,28.2,88.4,25,83.532265,16.467731,0.71950346,729.8,417.5,0,1,1,1
2021,44273,HB,391,74 Y 19 N 2 NV 8 Abs,Alabama,AL,0,105,0,4,1,"Rep. Brown, Chip [R]",1,0,0,1,0,0,0,0,0,,2018,1,0,,1,1,0.3324856,28.9,32.4,23.6,28.6,15.5,79.4,11.2,2.8,20.6,52.2,25.8,79.7,15.3,45.957623,54.042377,0.13114753,729.8,417.5,0,1,1,1
2022,44644,SB,1165,31_24_5,Arizona,AZ,0,1,1,2,2,"Rep. Burges, Judy M. [R]",1,0,0,1,0,1,0,0,0,1.734,2020,92058,47204,,225667,0.3975238,0.31086293,,24.8,18.1,29.1,28.1,81.6,0.9,12.4,18.4,56.4,21.6,93.1,32,63.225586,36.774414,0.34755704,348.7,99.4,0,0,0,0
2022,44644,SB,1165,31_24_5,Arizona,AZ,0,1,1,2,2,"Rep. Nguyen, Quang H. [R]",1,0,0,1,0,0,0,0,1,,2020,86405,47204,,225667,0.3474234,0.31086293,,24.8,18.1,29.1,28.1,81.6,0.9,12.4,18.4,56.4,21.6,93.1,32,63.225586,36.774414,0.34755704,348.7,99.4,0,0,0,0
2022,44644,SB,1165,31_24_5,Arizona,AZ,0,2,1,2,2,"Rep. Dalessandro, Andrea D. [D]",0,1,0,0,1,1,0,0,0,-2.141,2020,46467,33956,,124719,0.20062701,-0.019295665,,34.5,24.4,20.6,20.3,31.9,3.4,60.1,68.1,46.5,32.3,80.4,23.1,48.12422,51.87578,0.24603757,472.4,114.7,0,0,0,0
2022,44644,SB,1165,31_24_5,Arizona,AZ,0,3,1,2,2,"Rep. Cano, Andres [D]",0,1,1,0,1,0,0,1,0,,2020,1,0,,1,1,-0.37787795,,40.9,25,20,14.1,30.3,2.5,59.2,69.7,33.8,47,82.4,22.8,71.38074,28.619259,0.7208167,472.4,114.7,0,0,0,0
2022,44644,SB,1165,31_24_5,Arizona,AZ,0,4,1,2,2,"Rep. Fernandez, Brian [D]",0,1,0,0,1,0,0,1,0,,2020,40797,29342,,102457,0.223606,-0.031344038,,37.4,27.7,22.3,12.5,25.9,2.9,63.3,74.1,46.9,36,74.7,15.9,78.65389,21.346107,0.17992681,472.4,114.7,0,0,0,0
2022,44644,SB,1165,31_24_5,Arizona,AZ,0,4,1,2,2,"Rep. John, Joel [R]",1,0,0,1,0,0,0,0,0,,2020,32318,29342,,102457,0.05809266,-0.031344038,,37.4,27.7,22.3,12.5,25.9,2.9,63.3,74.1,46.9,36,74.7,15.9,78.65389,21.346107,0.17992681,472.4,114.7,0,0,0,0
2022,44644,SB,1165,31_24_5,Arizona,AZ,0,5,1,2,2,"Rep. Biasiucci, Leo [R]",1,0,0,1,0,0,0,1,0,,2020,1,0,,1,1,0.29503703,,22.7,19,26.8,31.4,75.5,0.9,17.8,24.5,50.5,23,85.9,13.3,49.533844,50.466156,0.26948723,472.4,114.7,0,0,0,0
2022,44644,SB,1165,31_24_5,Arizona,AZ,0,5,1,2,2,"Rep. Cobb, Regina E. [R]",1,0,0,1,0,1,0,0,0,0.991,2020,1,0,,1,1,0.29503703,,22.7,19,26.8,31.4,75.5,0.9,17.8,24.5,50.5,23,85.9,13.3,49.533844,50.466156,0.26948723,472.4,114.7,0,0,0,0
2022,44644,SB,1165,31_24_5,Arizona,AZ,0,6,1,2,2,"Rep. Barton, Brenda [R]",1,0,0,1,0,1,0,0,0,1.043,2020,54041,51986,,165352,0.024856064,0.10086208,,31.8,21.4,24.5,22.5,73,1.2,15.8,27,45,33.9,92.8,32.7,95.368904,4.631092,0.2272883,372.1857,80.85714,0,0,0,0
2022,44644,SB,1165,31_24_5,Arizona,AZ,0,6,1,2,2,"Rep. Blackman, Walter \Walt\"" [R]""",1,0,0,1,0,0,1,0,0,,2020,59325,51985,,165352,0.0887803,0.10086208,,31.8,21.4,24.5,22.5,73,1.2,15.8,27,45,33.9,92.8,32.7,95.368904,4.631092,0.2272883,372.1857,80.85714,0,0,0,0
2022,44644,SB,1165,31_24_5,Arizona,AZ,0,7,1,2,2,"Rep. Blackwater-Nygren, Jasmine [D]",0,1,0,0,1,1,0,0,1,,2020,42272,26897,,121066,0.2539937,0.15600544,,37,24.3,23.7,15,22,0.7,7.6,78,37.9,44.4,81.2,13.8,96.53078,3.4692216,0.2966959,376.825,85.625,0,0,0,0
2022,44644,SB,1165,31_24_5,Arizona,AZ,0,7,1,2,2,"Rep. Tsosie, Myron [D]",0,1,0,0,1,0,0,0,1,,2020,51897,26897,,121066,0.41299787,0.15600544,,37,24.3,23.7,15,22,0.7,7.6,78,37.9,44.4,81.2,13.8,96.53078,3.4692216,0.2966959,376.825,85.625,0,0,0,0
2022,44644,SB,1165,31_24_5,Arizona,AZ,0,8,1,2,2,"Rep. Carter, Neal [R]",1,0,0,1,0,0,0,0,0,,2020,43799,37384,,126300,0.10158353,0.29270077,,30.7,28.9,22.9,17.4,48.5,4.1,37,51.5,44.7,34.5,84.2,17.3,93.52033,6.479671,0.40072596,472.4,114.7,0,0,0,0
2022,44644,SB,1165,31_24_5,Arizona,AZ,0,8,1,2,2,"Rep. Cook, David L. [R]",1,0,0,1,0,0,0,0,0,1.076,2020,45117,37384,,126300,0.12245447,0.29270077,,30.7,28.9,22.9,17.4,48.5,4.1,37,51.5,44.7,34.5,84.2,17.3,93.52033,6.479671,0.40072596,472.4,114.7,0,0,0,0
2022,44644,SB,1165,31_24_5,Arizona,AZ,0,9,1,2,2,"Rep. Mathis, Christopher [D]",0,1,0,0,1,0,0,0,0,,2020,64772,48026,,177579,0.18860339,-0.25451025,,27.7,24.8,25.7,21.9,62.4,2.9,25.3,37.6,43.6,34.1,92.8,43.4,100,0,0.45439893,472.4,114.7,0,0,0,0
2022,44644,SB,1165,31_24_5,Arizona,AZ,0,9,1,2,2,"Rep. Powers Hannley, Pamela [D]",0,1,0,0,1,1,0,0,0,-2.808,2020,64781,48026,,177579,0.18870474,-0.25451025,,27.7,24.8,25.7,21.9,62.4,2.9,25.3,37.6,43.6,34.1,92.8,43.4,100,0,0.45439893,472.4,114.7,0,0,0,0
2022,44644,SB,1165,31_24_5,Arizona,AZ,0,10,1,2,2,"Rep. Abraham, Morgan [D]",0,1,0,0,1,0,0,0,0,,2020,,,,,1,-0.23425737,,29.7,24.3,25.4,20.6,60.8,4.7,27.1,39.2,44.1,33,92.6,34.8,100,0,0.6327587,472.4,114.7,0,0,0,0
2022,44644,SB,1165,31_24_5,Arizona,AZ,0,10,1,2,2,"Rep. Degrazia, Domingo [D]",0,1,0,0,1,0,0,1,0,,2020,59725,46950,,166019,0.15389805,-0.23425737,,29.7,24.3,25.4,20.6,60.8,4.7,27.1,39.2,44.1,33,92.6,34.8,100,0,0.6327587,472.4,114.7,0,0,0,0
2022,44644,SB,1165,31_24_5,Arizona,AZ,0,11,1,2,2,"Rep. Finchem, Mark W. [R]",1,0,0,1,0,0,0,0,0,1.548,2020,68101,61245,,198151,0.06919975,0.23849949,,29.5,22.5,24.2,23.9,62.2,4,26.5,37.8,59,24.4,92,35.8,100,0,0.4750869,472.4,114.7,0,0,0,0
2022,44644,SB,1165,31_24_5,Arizona,AZ,0,11,1,2,2,"Rep. Martinez, Teresa [R]",1,0,0,1,0,1,0,1,0,,2020,,,,,1,0.23849949,,29.5,22.5,24.2,23.9,62.2,4,26.5,37.8,59,24.4,92,35.8,100,0,0.4750869,472.4,114.7,0,0,0,0
2022,44644,SB,1165,31_24_5,Arizona,AZ,0,12,1,2,2,"Rep. Grantham, Travis W. [R]",1,0,0,1,0,0,0,0,0,1.756,2020,1,0,,1,1,0.34610742,,38.8,27.1,24.4,9.7,70.7,3.5,17.3,29.3,57.7,29,96.3,43.1,98.19688,1.8031234,0.33457068,472.4,114.7,0,0,0,0
2022,44644,SB,1165,31_24_5,Arizona,AZ,0,12,1,2,2,"Rep. Hoffman, Jake [R]",1,0,0,1,0,0,0,0,0,,2020,1,0,,1,1,0.34610742,,38.8,27.1,24.4,9.7,70.7,3.5,17.3,29.3,57.7,29,96.3,43.1,98.19688,1.8031234,0.33457068,472.4,114.7,0,0,0,0
2022,44644,SB,1165,31_24_5,Arizona,AZ,0,13,1,2,2,"Rep. Dunn, Timothy \Tim\"" M. [R]""",1,0,0,1,0,0,0,0,0,1.096,2020,71049,47650,,140782,0.33241466,0.2388604,,33.1,24.7,21.5,20.7,53.9,3.9,35.9,46.1,57.4,25.4,87.9,23.9,100,0,0.25403675,472.4,114.7,0,0,0,0
2022,44644,SB,1165,31_24_5,Arizona,AZ,0,13,1,2,2,"Rep. Osborne, Joanne [R]",1,0,0,1,0,1,0,0,0,,2020,69733,47650,,140782,0.3137191,0.2388604,,33.1,24.7,21.5,20.7,53.9,3.9,35.9,46.1,57.4,25.4,87.9,23.9,100,0,0.25403675,472.4,114.7,0,0,0,0
2022,44644,SB,1165,31_24_5,Arizona,AZ,0,14,1,2,2,"Rep. Diaz, Lupe [R]",1,0,0,1,0,0,0,1,0,,2020,,,,,1,0.38553765,,32.7,24.9,23.9,18.5,58.2,3.2,32.5,41.8,52.6,27.6,89.9,27.3,100,0,0.3848613,472.4,114.7,0,0,0,0
2022,44644,SB,1165,31_24_5,Arizona,AZ,0,14,1,2,2,"Rep. Griffin, Gail [R]",1,0,0,1,0,1,0,0,0,1.128,2020,63170,35289,,161181,0.3459589,0.38553765,,32.7,24.9,23.9,18.5,58.2,3.2,32.5,41.8,52.6,27.6,89.9,27.3,100,0,0.3848613,472.4,114.7,0,0,0,0
2022,44644,SB,1165,31_24_5,Arizona,AZ,0,15,1,2,2,"Rep. Kaiser, Steve [R]",1,0,0,1,0,0,0,0,0,,2020,71900,55259,,193641,0.17187476,0.03961488,,30.2,28.3,27,14.6,73.1,2.1,12.2,26.9,55.2,27.2,95.4,46.5,100,0,0.35712692,436.75,87.15,0,0,0,0
2022,44644,SB,1165,31_24_5,Arizona,AZ,0,15,1,2,2,"Rep. Wilmeth, Justin [R]",1,0,0,1,0,0,0,0,0,,2020,66482,55259,,193641,0.11591554,0.03961488,,30.2,28.3,27,14.6,73.1,2.1,12.2,26.9,55.2,27.2,95.4,46.5,100,0,0.35712692,436.75,87.15,0,0,0,0
2022,44644,SB,1165,31_24_5,Arizona,AZ,0,16,1,2,2,"Rep. Fillmore, John M. [R]",1,0,0,1,0,0,0,0,0,1.372,2020,68760,47071,,190615,0.22756866,0.2748193,,29.2,22.8,24,24.2,73.6,2.2,18.5,26.4,55.3,24.8,91.9,27,99.87279,0.1272109,0.35865667,420.63333,92.86667,0,0,0,0
2022,44644,SB,1165,31_24_5,Arizona,AZ,0,16,1,2,2,"Rep. Parker, Jacqueline [R]",1,0,0,1,0,1,0,0,0,,2020,74784,47071,,190615,0.29077458,0.2748193,,29.2,22.8,24,24.2,73.6,2.2,18.5,26.4,55.3,24.8,91.9,27,99.87279,0.1272109,0.35865667,420.63333,92.86667,0,0,0,0
2022,44644,SB,1165,31_24_5,Arizona,AZ,0,17,1,2,2,"Rep. Pawlik, Jennifer [D]",0,1,0,0,1,1,0,0,0,,2020,65172,63409,,193082,0.018261671,0.045271914,,30.9,27.2,25.4,16.6,61,5.1,19.1,39,53.4,29.1,93.8,43.3,100,0,0.3208707,414.5,96.63333,0,0,0,0
2022,44644,SB,1165,31_24_5,Arizona,AZ,0,17,1,2,2,"Rep. Weninger, Jeff [R]",1,0,0,1,0,0,0,0,0,1.169,2020,64501,63409,,193082,0.011311256,0.045271914,,30.9,27.2,25.4,16.6,61,5.1,19.1,39,53.4,29.1,93.8,43.3,100,0,0.3208707,414.5,96.63333,0,0,0,0
2022,44644,SB,1165,31_24_5,Arizona,AZ,0,18,1,2,2,"Rep. Epstein, Denise \Mitzi\"" [D]""",0,1,0,0,1,1,0,0,0,,2020,67649,55140,,192838,0.12973584,-0.18125379,,29.3,30.2,27.2,13.1,63,5.6,17.4,37,48.9,34.1,96.1,49.6,100,0,0.51196426,388.4,104.3,0,0,0,0
2022,44644,SB,1165,31_24_5,Arizona,AZ,0,18,1,2,2,"Rep. Jermaine, Jennifer [D]",0,1,0,0,1,1,0,0,0,,2020,70049,55140,,192838,0.1546272,-0.18125379,,29.3,30.2,27.2,13.1,63,5.6,17.4,37,48.9,34.1,96.1,49.6,100,0,0.51196426,388.4,104.3,0,0,0,0
2022,44644,SB,1165,31_24_5,Arizona,AZ,0,19,1,2,2,"Rep. Sierra, Lorenzo [D]",0,1,0,0,1,0,0,1,0,,2020,1,0,,1,1,-0.03483801,,42.5,31.3,19.6,6.6,17.5,8.7,67.7,82.5,42.4,41.6,74.8,14.6,99.8228,0.1771968,0.2909145,494.4,100.04,0,0,0,0
2022,44644,SB,1165,31_24_5,Arizona,AZ,0,20,1,2,2,"Rep. Bolick, Shawnna [R]",1,0,0,1,0,1,0,0,0,,2020,49268,47094,,146995,0.029579237,0.31623012,,32.6,28.9,24.6,13.9,61,4.5,25.6,39,41.7,36.2,88.6,25.3,99.858215,0.14178759,0.67518497,388.4,104.3,0,0,0,0
2022,44644,SB,1165,31_24_5,Arizona,AZ,0,20,1,2,2,"Rep. Schwiebert, Judy [D]",0,1,0,0,1,1,0,0,0,,2020,50633,47094,,146995,0.0481513,0.31623012,,32.6,28.9,24.6,13.9,61,4.5,25.6,39,41.7,36.2,88.6,25.3,99.858215,0.14178759,0.67518497,388.4,104.3,0,0,0,0
2022,44644,SB,1165,31_24_5,Arizona,AZ,0,21,1,2,2,"Rep. Payne, Kevin [R]",1,0,0,1,0,0,0,0,0,1.684,2020,53441,51047,,162291,0.02950256,0.027780794,,27.8,23.4,23.7,24.9,62.3,4.4,27.1,37.7,48.2,27.3,88.3,22.8,99.69448,0.30552185,0.41847685,574.9,95.13333,0,0,0,0
2022,44644,SB,1165,31_24_5,Arizona,AZ,0,21,1,2,2,"Rep. Pingerelli, Beverly [R]",1,0,0,1,0,1,0,0,0,,2020,57803,51047,,162291,0.083257854,0.027780794,,27.8,23.4,23.7,24.9,62.3,4.4,27.1,37.7,48.2,27.3,88.3,22.8,99.69448,0.30552185,0.41847685,574.9,95.13333,0,0,0,0
2022,44644,SB,1165,31_24_5,Arizona,AZ,0,22,1,2,2,"Rep. Carroll, Frank P. [R]",1,0,0,1,0,1,0,0,0,,2020,92231,53522,,238655,0.32439294,0.34272859,,27.4,19.8,24.4,28.4,77,3.1,11.7,23,62.2,20.7,95.3,38.1,98.93286,1.0671352,0.25858292,472.4,114.7,0,0,0,0
2022,44644,SB,1165,31_24_5,Arizona,AZ,0,22,1,2,2,"Rep. Toma, Ben [R]",1,0,0,1,0,0,0,1,0,1.36,2020,92912,53522,,238655,0.33009994,0.34272859,,27.4,19.8,24.4,28.4,77,3.1,11.7,23,62.2,20.7,95.3,38.1,98.93286,1.0671352,0.25858292,472.4,114.7,0,0,0,0
2022,44644,SB,1165,31_24_5,Arizona,AZ,0,23,1,2,2,"Rep. Chaplik, Joseph [R]",1,0,0,1,0,1,0,0,0,,2020,80264,65257,,231828,0.12946667,0.30035615,,20.9,21,30.5,27.6,83.1,1.7,7.2,16.9,56.3,24.9,97.4,60.2,80.575096,19.424902,0.3005789,403.1,88.95,0,0,0,0
2022,44644,SB,1165,31_24_5,Arizona,AZ,0,23,1,2,2,"Rep. Kavanagh, John [R]",1,0,0,1,0,0,0,0,0,1.143,2020,86307,65257,,231828,0.18160015,0.30035615,,20.9,21,30.5,27.6,83.1,1.7,7.2,16.9,56.3,24.9,97.4,60.2,80.575096,19.424902,0.3005789,403.1,88.95,0,0,0,0
2022,44644,SB,1165,31_24_5,Arizona,AZ,0,24,1,2,2,"Rep. Longdon, Jennifer L. [D]",0,1,0,0,1,1,0,0,0,,2020,60233,26099,,147971,0.46136066,-0.45776954,,30,36.8,22.1,11.1,45.7,6.5,38.5,54.3,31,49.8,85.9,35.8,85.78748,14.212517,1.5090853,472.4,114.7,0,0,0,0
2022,44644,SB,1165,31_24_5,Arizona,AZ,0,24,1,2,2,"Rep. Shah, Amish [D]",0,1,0,0,1,0,0,0,1,,2020,61639,26099,,147971,0.48036438,-0.45776954,,39,36.8,22.1,11.1,45.7,6.5,38.5,54.3,31,49.8,85.9,35.8,85.78748,14.212517,1.5090853,472.4,114.7,0,0,0,0
2022,44644,SB,1165,31_24_5,Arizona,AZ,0,25,1,2,2,"Rep. Bowers, Russell \Rusty\"" [R]""",1,0,0,1,0,0,0,0,0,1.448,2020,63412,46180,,178641,0.19292323,0.347693,,30.7,24.5,24.1,20.8,68.1,3.9,21.8,31.9,48.9,29.5,91.8,29.1,52.73606,47.26394,0.26296344,376.33334,98.96667,0,0,0,0
2022,44644,SB,1165,31_24_5,Arizona,AZ,0,25,1,2,2,"Rep. Udall, Michelle [R]",1,0,0,1,0,1,0,0,0,0.795,2020,69049,46180,,178641,0.25603306,0.347693,,30.7,24.5,24.1,20.8,68.1,3.9,21.8,31.9,48.9,29.5,91.8,29.1,52.73606,47.26394,0.26296344,376.33334,98.96667,0,0,0,0
2022,44644,SB,1165,31_24_5,Arizona,AZ,0,26,1,2,2,"Rep. Hernandez, Melody [D]",0,1,0,0,1,1,0,1,0,,2020,46266,22316,,113563,0.4217923,-0.18684347,,41.1,33.9,17.3,7.8,41.1,7.3,37.4,58.9,27.6,56.1,84.3,28.1,95.32746,4.6725407,0.66535753,472.4,114.7,0,0,0,0
2022,44644,SB,1165,31_24_5,Arizona,AZ,0,27,1,2,2,"Rep. Bolding Jr., Reginald [D]",0,1,0,0,1,0,1,0,0,,2020,43334,20236,,111609,0.4139093,-0.15788868,,38.4,31,21.9,8.6,19.8,15.6,55.9,80.2,38,44.5,76.9,19.5,91.74828,8.2517185,0.4098726,472.4,114.7,0,0,0,0
2022,44644,SB,1165,31_24_5,Arizona,AZ,0,27,1,2,2,"Rep. Qui??????onez, Marcelino [D]",0,1,0,0,1,0,0,1,0,,2020,,,,,1,-0.15788868,,38.4,31,21.9,8.6,19.8,15.6,55.9,80.2,38,44.5,76.9,19.5,91.74828,8.2517185,0.4098726,472.4,114.7,0,0,0,0
2022,44644,SB,1165,31_24_5,Arizona,AZ,0,28,1,2,2,"Rep. Butler, Kelli Sue [D]",0,1,0,0,1,1,0,0,0,-1.425,2020,60871,52839,,171470,0.093684025,-0.1546026,,27.3,27.2,27.4,18.1,64.8,3.6,24,35.2,45.3,32.5,92.1,44.6,100,0,0.6007475,444,118.35,0,0,0,0
2022,44644,SB,1165,31_24_5,Arizona,AZ,0,28,1,2,2,"Rep. Liguori, Sarah [D]",0,1,0,0,1,1,0,0,0,,2020,,,,,1,-0.1546026,,27.3,27.2,27.4,18.1,64.8,3.6,24,35.2,45.3,32.5,92.1,44.6,100,0,0.6007475,444,118.35,0,0,0,0
2022,44644,SB,1165,31_24_5,Arizona,AZ,0,29,1,2,2,"Rep. Andrade, Richard C. [D]",0,1,0,0,1,0,0,1,0,-1.932,2020,32075,15811,,86704,0.37516147,-0.1701797,,43,28.8,21.1,7.1,19.1,6.3,69.2,80.9,40.2,42.1,68.2,10.3,99.59341,0.40659076,0.5977295,472.4,114.7,0,0,0,0
2022,44644,SB,1165,31_24_5,Arizona,AZ,0,30,1,2,2,"Rep. Meza, Robert [D]",0,1,1,0,1,0,0,1,0,-1.305,2020,1,0,,1,1,-0.13924421,,41,28.6,21.2,9,24.1,7.8,59.7,75.9,35.4,44.3,70.8,12.4,82.92242,17.077581,0.52072453,344.93332,102.666664,0,0,0,0
2022,44644,SB,1165,31_24_5,Arizona,AZ,0,30,1,2,2,"Rep. Solorio, Christian [D]",0,1,0,0,1,0,0,1,0,,2020,1,0,,1,1,-0.13924421,,41,28.6,21.2,9,24.1,7.8,59.7,75.9,35.4,44.3,70.8,12.4,82.92242,17.077581,0.52072453,344.93332,102.666664,0,0,0,0
2022,44594,SB,1165,16_13_1,Arizona,AZ,1,1,0,2,1,"Sen. Fann, Karen Elizabeth [R]",1,0,0,1,0,1,0,0,0,0.932,2020,105712,40063,,145775,0.4503447,0.21345755,,24.8,18.1,29.1,28.1,81.6,0.9,12.4,18.4,56.4,21.6,93.1,32,63.225586,36.774414,0.34755704,348.7,99.4,0,0,0,0
2022,44594,SB,1165,16_13_1,Arizona,AZ,1,2,0,2,1,"Sen. Gabaldon, Rosanna [D]",0,1,0,0,1,1,0,1,0,-1.682,2020,52333,33463,,85796,0.21994032,-0.053922147,,34.5,24.4,20.6,20.3,31.9,3.4,60.1,68.1,46.5,32.3,80.4,22.8,48.12422,51.87578,0.24603757,472.4,114.7,0,0,0,0
2022,44594,SB,1165,16_13_1,Arizona,AZ,1,3,0,2,1,"Sen. Gonzales, Sally Ann [D]",0,1,0,0,1,1,0,1,0,-2.408,2020,1,0,,1,1,0.28327534,,40.9,25,20,14.1,30.3,2.5,59.2,69.7,33.8,47,82.4,22.8,71.38074,28.619259,0.7208167,472.4,114.7,0,0,0,0
2022,44594,SB,1165,16_13_1,Arizona,AZ,1,4,0,2,1,"Sen. Otondo, Lisa A. [D]",0,1,0,0,1,1,0,1,0,-1.319,2020,41045,32045,,73090,0.12313586,0.30539495,,37.4,27.7,22.3,12.5,25.9,2.9,63.3,74.1,46.9,36,74.7,15.9,78.65389,21.346107,0.17992681,472.4,114.7,0,0,0,0
2022,44594,SB,1165,16_13_1,Arizona,AZ,1,5,0,2,1,"Sen. Borrelli, Sonny [R]",1,0,0,1,0,0,0,0,0,1.215,2020,1,0,,1,1,0.24309695,,22.7,19,26.8,31.4,75.5,0.9,17.8,24.5,50.5,23,85.9,13.3,49.533844,50.466156,0.26948723,472.4,114.7,0,0,0,0
2022,44594,SB,1165,16_13_1,Arizona,AZ,1,6,0,2,1,"Sen. Rogers, Wendy [R]",1,0,0,1,0,1,0,0,0,,2020,67379,55833,,123212,0.0937084,0.234154,,31.8,21.4,24.5,22.5,73,1.2,15.8,27,45,33.9,92.8,32.7,95.368904,4.631092,0.2272883,372.1857,80.85714,0,0,0,0
2022,44594,SB,1165,16_13_1,Arizona,AZ,1,7,0,2,1,"Sen. Hatathlie, Theresa [D]",0,1,0,0,1,1,0,0,1,,2020,,,,,1,0.050459158,,37,24.3,23.7,15,22,0.7,7.6,78,37.9,44.4,81.2,13.8,96.53078,3.4692216,0.2966959,376.825,85.625,0,0,0,0
2022,44594,SB,1165,16_13_1,Arizona,AZ,1,8,0,2,1,"Sen. Shope, Thomas \T.J.\"" R. [R]""",1,0,0,1,0,0,0,1,0,0.884,2020,50639,35963,,86602,0.1694649,0.14678483,,30.7,28.9,22.9,17.4,48.5,4.1,37,51.5,44.7,34.5,84.2,17.3,93.52033,6.479671,0.40072596,472.4,114.7,0,0,0,0
2022,44594,SB,1165,16_13_1,Arizona,AZ,1,9,0,2,1,"Sen. Steele, Victoria [D]",0,1,0,0,1,1,0,0,0,-1.605,2020,1,0,,1,1,0.09799044,,27.7,24.8,25.7,21.9,62.4,2.9,25.3,37.6,43.6,34.1,92.8,43.4,100,0,0.45439893,472.4,114.7,0,0,0,0
2022,44594,SB,1165,16_13_1,Arizona,AZ,1,10,0,2,1,"Sen. Stahl Hamilton, Stephanie [D]",0,1,0,0,1,1,0,0,0,,2020,,,,,1,0.109462894,,29.7,24.3,25.4,20.6,60.8,4.7,27.1,39.2,44.1,33,92.6,34.8,100,0,0.6327587,436.75,87.15,0,0,0,0
2022,44594,SB,1165,16_13_1,Arizona,AZ,1,11,0,2,1,"Sen. Leach, Vince [R]",1,0,0,1,0,0,0,0,0,,2020,72563,60818,,133381,0.08805602,0.001858831,,29.5,22.5,24.2,23.9,62.2,4,26.5,37.8,59,24.4,92,35.8,100,0,0.4750869,472.4,114.7,0,0,0,0
2022,44594,SB,1165,16_13_1,Arizona,AZ,1,12,0,2,1,"Sen. Petersen, Warren H. [R]",1,0,0,1,0,0,0,0,0,1.79,2020,96149,59852,,156001,0.23267159,0.09059038,,38.8,27.1,24.4,9.7,70.7,3.5,17.3,29.3,57.7,29,96.3,43.1,98.19688,1.8031234,0.33457068,472.4,114.7,0,0,0,0
2022,44594,SB,1165,16_13_1,Arizona,AZ,1,13,0,2,1,"Sen. Kerr, Sine [R]",1,0,0,1,0,1,0,0,0,1.173,2020,1,0,,1,1,-0.09902504,,33.1,24.7,21.5,20.7,53.9,3.9,35.9,46.1,57.4,25.4,87.9,23.9,100,0,0.25403675,472.4,114.7,0,0,0,0
2022,44594,SB,1165,16_13_1,Arizona,AZ,1,14,0,2,1,"Sen. Gowan, David [R]",1,0,0,1,0,0,0,0,0,1.249,2020,67229,38829,,106058,0.267778,-0.09115951,,32.7,24.8,23.9,18.5,58.2,3.2,32.5,41.8,52.65,27.6,89.9,27.3,100,0,0.3848613,472.4,114.7,0,0,0,0
2022,44594,SB,1165,16_13_1,Arizona,AZ,1,15,0,2,1,"Sen. Barto, Nancy K. [R]",1,0,0,1,0,1,0,0,0,1.03,2020,1,0,,1,1,-0.29161796,,30.2,28.3,27,14.6,73.1,2.1,12.2,26.9,55.2,27.2,95.4,46.5,100,0,0.35712692,436.75,87.15,0,0,0,0
2022,44594,SB,1165,16_13_1,Arizona,AZ,1,16,0,2,1,"Sen. Townsend, Kelly J. [R]",1,0,0,1,0,1,0,0,0,1.236,2020,1,0,,1,1,-0.21352135,,29.2,22.8,24,24.2,73.6,2.2,18.5,26.4,55.3,24.8,91.9,27,99.87279,0.1272109,0.35865667,420.63333,92.86667,0,0,0,0
2022,44594,SB,1165,16_13_1,Arizona,AZ,1,17,0,2,1,"Sen. Mesnard, Javan D. [R]",1,0,0,1,0,0,0,0,0,1.155,2020,67889,61363,,129252,0.050490513,-0.31747076,,30.9,27.2,25.4,16.6,61,5.1,19.1,39,53.4,29.1,93.8,43.3,100,0,0.3208707,414.5,96.63333,0,0,0,0
2022,44594,SB,1165,16_13_1,Arizona,AZ,1,18,0,2,1,"Sen. Bowie, Sean [D]",0,1,0,0,1,0,0,0,0,-9.41,2020,75013,54066,,129079,0.16228047,0.17633346,,29.3,30.2,27.2,13.1,63,5.6,17.4,37,48.9,34.1,96.1,49.6,100,0,0.51196426,388.4,104.3,0,0,0,0
2022,44594,SB,1165,16_13_1,Arizona,AZ,1,19,0,2,1,"Sen. Contreras, Lupe Chavira [D]",0,1,0,0,1,0,0,1,0,-1.59,2020,1,0,,1,1,0.46123323,,42.5,31.3,19.6,6.6,17.5,8.7,67.7,82.5,42.4,41.6,74.8,14.6,99.8228,0.1771968,0.2909145,494.4,100.04,0,0,0,0
2022,44594,SB,1165,16_13_1,Arizona,AZ,1,20,0,2,1,"Sen. Boyer, Paul [R]",1,0,0,1,0,0,0,0,0,1.053,2020,52734,48059,,100793,0.04638219,-0.01282333,,32.6,28.9,24.6,13.9,61,4.5,25.6,39,41.7,36.2,88.6,25.3,99.858215,0.14178759,0.67518497,388.4,104.3,0,0,0,0
2022,44594,SB,1165,16_13_1,Arizona,AZ,1,21,0,2,1,"Sen. Gray, Rick [R]",1,0,0,1,0,0,0,0,0,1.117,2020,1,0,,1,1,0.09631062,,27.8,23.4,23.7,24.9,62.3,4.4,27.1,37.7,48.2,27.3,88.3,22.8,99.69448,0.30552185,0.41847685,574.9,95.13333,0,0,0,0
2022,44594,SB,1165,16_13_1,Arizona,AZ,1,22,0,2,1,"Sen. Livingston, David Alan [R]",1,0,0,1,0,0,0,0,0,1.154,2020,97386,55653,,153039,0.27269518,0.24501887,,27.4,19.8,24.4,28.4,77,3.1,11.7,23,62.2,20.7,95.3,38.1,98.93286,1.0671352,0.25858292,472.4,114.7,0,0,0,0
2022,44594,SB,1165,16_13_1,Arizona,AZ,1,23,0,2,1,"Sen. Ugenti-Rita, Michelle R. [R]",1,0,0,1,0,1,0,0,0,1.134,2020,89677,62115,,151792,0.18157743,0.2018514,,20.9,21,30.5,27.6,83.1,1.7,7.2,16.9,56.3,24.9,97.4,60.2,80.575096,19.424902,0.3005789,403.1,88.95,0,0,0,0
2022,44594,SB,1165,16_13_1,Arizona,AZ,1,24,0,2,1,"Sen. Alston, Lela [D]",0,1,0,0,1,1,0,0,0,-2.045,2020,66719,27402,,94121,0.41772825,0.14788648,,30,36.8,22.1,11.1,45.7,6.5,38.5,54.3,31,49.8,85.9,35.8,85.78748,14.212517,1.5090853,472.4,114.7,0,0,0,0
2022,44594,SB,1165,16_13_1,Arizona,AZ,1,25,0,2,1,"Sen. Pace, Tyler [R]",1,0,0,1,0,0,0,0,0,,2020,70046,44443,,114489,0.22362848,0.10316076,,30.7,24.5,24.1,20.8,68.1,3.9,21.8,31.9,48.9,29.5,91.8,29.1,52.73606,47.26394,0.26296344,376.33334,98.96667,0,0,0,0
2022,44594,SB,1165,16_13_1,Arizona,AZ,1,27,0,2,1,"Sen. Rios, Rebecca [D]",0,1,0,0,1,1,0,1,0,-1.398,2020,57027,17087,,74114,0.53889954,-0.16070803,,38.4,31,21.9,8.6,19.8,15.6,55.9,80.2,38,44.5,76.9,19.5,91.74828,8.2517185,0.4098726,472.4,114.7,0,0,0,0
2022,44594,SB,1165,16_13_1,Arizona,AZ,1,28,0,2,1,"Sen. Marsh, Christine [D]",0,1,0,0,1,1,0,0,0,,2020,60339,59842,,120181,0.004135429,-0.25115198,,27.3,27.2,27.4,18.1,64.8,3.6,24,35.2,45.3,32.5,92.1,44.6,100,0,0.6007475,444,118.35,0,0,0,0
2022,44594,SB,1165,16_13_1,Arizona,AZ,1,29,0,2,1,"Sen. Quezada, Martin J. [D]",0,1,0,0,1,0,0,1,0,-2.417,2020,41272,17305,,58577,0.40915376,-0.22344106,,43,28.8,21.1,7.1,19.1,6.3,69.2,80.9,40.2,42.1,68.2,10.3,99.59341,0.40659076,0.5977295,472.4,114.7,0,0,0,0
2022,44594,SB,1165,16_13_1,Arizona,AZ,1,30,0,2,1,"Sen. Teran, Raquel [D]",0,1,0,0,1,1,0,1,0,,2020,1,0,,1,1,0.15069738,,41,28.6,21.2,9,24.1,7.8,59.7,75.9,35.4,44.3,70.8,12.4,82.92242,17.077581,0.52072453,344.93332,102.666664,0,0,0,0
2021,44265,SB,354,28 Y 7 N,Arkansas,AR,1,1,0,4,1,"Sen. Hester, Bart [R]",1,0,0,1,0,0,0,0,0,1.471,2020,36778,19855,,56633,0.2988187,0.29935727,38.9,36.6,33.7,21.1,8.7,77,2.3,10,23,60.8,25.2,92.8,45.6,31.055859,68.944145,0.47771108,625.11426,396.3143,0,1,1,1
2021,44265,SB,354,28 Y 7 N,Arkansas,AR,1,2,0,4,1,"Sen. Hendren, Jim [I]",0,1,0,0,0,0,0,0,0,1.062,2020,32705,11825,,44530,0.46889737,0.4439415,29.9,32.7,23.8,24.4,19.4,83.5,0.8,8.6,16.5,58.8,22.5,89.4,26.2,7.387131,92.61287,0.34886107,797.52,500.38,1,1,1,1
2021,44265,SB,354,28 Y 7 N,Arkansas,AR,1,3,0,4,1,"Sen. Bledsoe, Cecile Herndon [R]",1,0,0,1,0,1,0,0,0,1.164,2018,14598,8968,,23566,0.23890351,0.40540385,32.7,34.5,26.8,25.7,12.9,65.9,1.2,27.4,34.1,57.2,25.1,81.2,20.6,35.783516,64.216484,0.25529587,643.38574,386.9,0,1,1,1
2021,44265,SB,354,28 Y 7 N,Arkansas,AR,1,4,0,4,1,"Sen. Leding, Greg [D]",0,1,0,0,1,0,0,0,0,-0.049,2018,18416,11533,,29949,0.22982404,0.06419878,45.9,43.7,28.5,17.8,9.8,78,6.4,8.3,22,37.3,47.2,92.5,45.4,37.10735,62.89265,0.23527586,653.325,454.025,0,1,1,1
2021,44265,SB,354,28 Y 7 N,Arkansas,AR,1,5,0,4,1,"Sen. Ballinger, Bob [R]",1,0,0,1,0,0,0,0,0,2.155,2018,18288,7872,887,27047,0.3851074,0.45899433,26.8,29.8,22,28.7,19.5,89.1,0.5,5.8,10.9,59.4,19.8,85,16.2,69.446785,30.553217,0.20226786,544.075,395.9,0,1,1,1
2021,44265,SB,354,28 Y 7 N,Arkansas,AR,1,6,0,4,1,"Sen. Stubblefield, Gary [R]",1,0,0,1,0,0,0,0,0,1.333,2018,1,0,,1,1,0.42438927,29.5,32.3,23.4,26.6,17.8,83.4,1.5,10.9,16.6,53,23.7,81.5,13.5,38.802223,61.197777,0.06498359,438.85,292.1,0,1,1,1
2021,44265,SB,354,28 Y 7 N,Arkansas,AR,1,7,0,4,1,"Sen. Eads, Lance [R]",1,0,0,1,0,0,0,0,0,0.971,2020,1,0,,1,1,-0.014830209,35.6,38,29.7,21.7,10.6,56.3,2,30.7,43.7,55.4,26.8,77.1,25.8,85.02294,14.977057,0.17325124,522.73334,338.63333,0,1,1,1
2021,44265,SB,354,28 Y 7 N,Arkansas,AR,1,8,0,4,1,"Sen. Pitsch, Matthew W. [R]",1,0,0,1,0,0,0,0,0,1.03,2018,18365,5698,,24063,0.52640986,0.3497866,32.5,32.3,25.4,26,16.3,76.3,5.4,8.8,23.7,50,26.6,87.7,23.7,74.74546,25.254541,0.1923245,604.525,395.6125,0,1,1,1
2021,44265,SB,354,28 Y 7 N,Arkansas,AR,1,9,0,4,1,"Sen. Rice, Terry W. [R]",1,0,0,1,0,0,0,0,0,1.028,2018,1,0,,1,1,0.2510446,31.4,35.9,24.9,24.4,14.7,68.6,5.8,17.4,31.4,50.2,25.8,78.7,13.4,72.26534,27.73466,0.15752994,644.9,440.3,0,1,1,1
2021,44265,SB,354,28 Y 7 N,Arkansas,AR,1,10,0,4,1,"Sen. Teague, Larry R. [D]",1,0,0,0,1,0,0,0,0,0.21,2018,13266,7989,,21255,0.24827099,0.3970356,27.3,31.4,21.5,27,20.1,75.7,12.3,8.6,24.3,53.6,22.3,82.8,14.5,13.404291,86.59571,0.19869429,596.9083,439.96667,0,1,1,1
2021,44265,SB,354,28 Y 7 N,Arkansas,AR,1,11,0,4,1,"Sen. Hickey Jr., Jimmy [R]",1,0,0,1,0,0,0,0,0,0.898,2020,1,0,,1,1,0.28375894,31.2,32.5,25.1,25.6,17,66.1,21.5,9.1,33.9,47.3,27.5,84,14.9,46.429066,53.570934,0.21971023,485.15,316.6,0,1,1,1
2021,44265,SB,354,28 Y 7 N,Arkansas,AR,1,12,0,4,1,"Sen. Beckham, Charles [R]",1,0,0,1,0,0,0,0,0,,2020,17282,13641,,30923,0.11774407,0.10722489,30.5,35.3,21.3,25.2,18.2,65.3,29.5,2.8,34.7,44.6,32.8,87,20.1,24.761827,75.238174,0.22737607,622.5,342.6,0,1,1,1
2021,44265,SB,354,28 Y 7 N,Arkansas,AR,1,13,0,4,1,"Sen. Clark, Alan [R]",1,0,0,1,0,0,0,0,0,1.224,2020,26069,8604,,34673,0.50370604,0.110055275,30.8,29.9,25.2,27.2,17.5,83.9,8.6,4,16.1,51.7,24.3,86.8,16.5,99.29082,0.7091809,0.4170194,622.5,342.6,0,1,1,1
2021,44265,SB,354,28 Y 7 N,Arkansas,AR,1,14,0,4,1,"Sen. Sample, Bill [R]",1,0,0,1,0,0,0,0,0,0.659,2018,21913,9536,,31449,0.39355782,0.10637153,26.3,26.1,21.4,26.1,26.5,84,7.3,5.8,16,52.1,23.1,89.9,23.4,71.54713,28.452873,0.06575562,622.5,342.6,0,1,1,1
2021,44265,SB,354,28 Y 7 N,Arkansas,AR,1,15,0,4,1,"Sen. Johnson, Mark [R]",1,0,0,1,0,0,0,0,0,,2018,1,0,,1,1,0.18044387,29.7,30.8,24.7,27.9,16.6,85.2,7,3.3,14.8,57.7,21,89.1,27.1,52.316616,47.683384,0.31674764,622.5,342.6,0,1,1,1
2021,44265,SB,354,28 Y 7 N,Arkansas,AR,1,16,0,4,1,"Sen. Davis, Breanne [R]",1,0,0,1,0,1,0,0,0,,2020,1,0,,1,1,0.22259966,31.7,35.1,23.5,25,16.4,85.3,2.2,8.5,14.7,50.1,28.6,83.7,19.8,64.92611,35.073887,0.09772623,494.75,300.75,0,1,1,1
2021,44265,SB,354,28 Y 7 N,Arkansas,AR,1,17,0,4,1,"Sen. Flippo, Scott P. [R]",1,0,0,1,0,0,0,0,0,1.828,2018,21156,5321,,26477,0.5980663,0.41236648,25.1,26.3,20.5,27.3,26,94.3,0.4,2.5,5.7,56.5,18.8,87.8,17.5,42.78088,57.21912,0.0989931,586.95,334.65,0,1,1,1
2021,44265,SB,354,28 Y 7 N,Arkansas,AR,1,18,0,4,1,"Sen. Irvin, Missy Thomas [R]",1,0,0,1,0,1,0,0,0,1.095,2018,1,0,,1,1,0.37879592,25.3,26.1,20.6,28.7,24.7,94.3,0.5,2.4,5.7,58.7,16.7,84.4,14.7,17.847317,82.15269,0,617.06665,464.83334,0,1,1,1
2021,44265,SB,354,28 Y 7 N,Arkansas,AR,1,19,0,4,1,"Sen. Sturch, James [R]",1,0,0,1,0,0,0,0,0,0.931,2018,18563,6914,,25477,0.45723593,0.46846068,27.1,29.1,22,27.3,21.6,91.8,1.3,3.8,8.2,53.9,21.3,84.8,15.4,73.01998,26.980019,0.14470908,694.06665,549.26666,0,1,1,1
2021,44265,SB,354,28 Y 7 N,Arkansas,AR,1,20,0,4,1,"Sen. Johnson, Blake [R]",1,0,0,1,0,0,0,0,0,,2018,1,0,,1,1,0.4337236,31.5,32.5,25.1,25,17.3,94.4,1.3,2.2,5.6,52.9,22.2,85.6,15.2,32.76072,67.23928,0.2867959,604.2,454.9,0,1,1,1
2021,44265,SB,354,28 Y 7 N,Arkansas,AR,1,21,0,4,1,"Sen. Sullivan, Dan [R]",1,0,0,1,0,0,0,0,0,1.393,2020,1,0,,1,1,0.10716601,36.6,37,28.3,21.9,12.8,74,15.6,5.4,26,44.5,32.5,90.2,28,39.085125,60.914875,0.20610407,529.975,434.65,0,1,1,1
2021,44265,SB,354,28 Y 7 N,Arkansas,AR,1,22,0,4,1,"Sen. Wallace, David [R]",1,0,0,1,0,0,0,0,0,1.085,2020,1,0,,1,1,0.2921914,30.9,33.5,24.8,26.1,15.7,71.7,21.6,3.5,28.3,47.3,27.7,80.4,11.8,71.61141,28.388586,0.45343095,583.56665,481.73334,0,1,1,1
2021,44265,SB,354,28 Y 7 N,Arkansas,AR,1,23,0,4,1,"Sen. Caldwell, Ronald [R]",1,0,0,1,0,0,0,0,0,0.959,2020,1,0,,1,1,0.05893484,30.3,30.4,24.1,26.9,18.6,71,22.5,2.5,29,47.4,25.6,79.6,11.8,24.902363,75.09764,0.105784,480.34,407.34,0,1,1,1
2021,44265,SB,354,28 Y 7 N,Arkansas,AR,1,24,0,4,1,"Sen. Ingram, Keith M. [D]",0,1,0,0,1,0,0,0,0,0.015,2018,1,0,,1,1,-0.025818793,32.5,34.6,25.6,25.4,14.4,38.8,54.4,2.2,61.2,37.5,37.5,80.7,15.3,49.309982,50.690018,0.15770333,515.25714,393.1143,0,1,1,1
2021,44265,SB,354,28 Y 7 N,Arkansas,AR,1,25,0,4,1,"Sen. Flowers, Stephanie [D]",0,1,0,0,1,1,0,0,0,0.019,2020,1,0,,1,1,0.003032004,34.5,32.8,26.7,26.5,14,37.5,57.4,3.3,62.5,37,39.2,82.9,14.3,44.67442,55.32558,0.07178751,484,323.26666,0,1,1,1
2021,44265,SB,354,28 Y 7 N,Arkansas,AR,1,26,0,4,1,"Sen. Gilmore, Ben [R]",1,0,0,1,0,0,0,0,0,,2020,17732,11791,,29523,0.20123294,0.058208816,28.5,33.1,22,26.1,18.7,63.9,29.4,5.6,36.1,51.2,27.6,83,15.6,35.76968,64.23032,0.090413,574.45,433.275,0,1,1,1
2021,44265,SB,354,28 Y 7 N,Arkansas,AR,1,27,0,4,1,"Sen. Garner, Trent [R]",1,0,0,1,0,0,0,0,0,,2020,19892,12677,,32569,0.22152968,0.007420059,28.2,30.3,23.1,28,18.8,60.9,33.8,2.8,39.1,48.9,26.3,86.1,19.4,29.247313,70.752686,0.03456185,544.075,395.9,0,1,1,1
2021,44265,SB,354,28 Y 7 N,Arkansas,AR,1,28,0,4,1,"Sen. Dismang, Jonathan [R]",1,0,0,1,0,0,0,0,0,1.16,2020,1,0,,1,1,0.3048271,31.6,35.3,23.1,24.2,17.3,76.9,15.9,4.2,23.1,47,29.2,84.8,20.7,49.627003,50.372997,0.34034276,440.35,350.13333,0,1,1,1
2021,44265,SB,354,28 Y 7 N,Arkansas,AR,1,29,0,4,1,"Sen. Hill, Ricky [R]",1,0,0,1,0,0,0,0,0,,2020,1,0,,1,1,0.17401643,33.6,32.9,28.3,26.5,12.4,90,2.8,3.6,10,58.2,21.1,90.5,21.5,69.992805,30.007193,0.03145742,560.1,463.1,0,1,1,1
2021,44265,SB,354,28 Y 7 N,Arkansas,AR,1,30,0,4,1,"Sen. Chesterfield, Linda Pondexter [D]",0,1,0,0,1,1,1,0,0,-0.329,2018,1,0,,1,1,-0.04180585,34.8,35,27.3,24.5,13.4,32.8,59.2,5.1,67.2,31.1,42.6,83.2,16.7,67.45677,32.54323,0.35525715,592.6,318.3,0,1,1,1
2021,44265,SB,354,28 Y 7 N,Arkansas,AR,1,31,0,4,1,"Sen. Elliott, Joyce [D]",0,1,0,0,1,1,1,0,0,-0.48,2018,1,0,,1,1,-0.4890332,35.2,35.9,28.3,24.1,11.8,22.6,62.4,11.6,77.4,35,41.1,86.1,23.7,91.99182,8.008178,0.37556335,592.6,318.3,0,1,1,1
2021,44265,SB,354,28 Y 7 N,Arkansas,AR,1,32,0,4,1,"Sen. Tucker, Clarke [D]",0,1,0,0,1,0,0,0,0,-0.361,2020,28481,15392,,43873,0.29833838,-0.056147646,37,27.8,30.2,25.6,16.5,71.6,17.9,3.1,28.4,45.1,33.2,96.5,55.6,99.85654,0.14346454,0.46215603,405.4,266.15,0,1,1,1
2021,44265,SB,354,28 Y 7 N,Arkansas,AR,1,33,0,4,1,"Sen. Hammer, Kim [R]",1,0,0,1,0,0,0,0,0,1.115,2018,23014,10657,,33671,0.36699235,0.059570268,32.2,32.5,26.8,26.1,14.7,82.6,8.4,4.8,17.4,54.6,24.2,90.6,31.2,97.16698,2.8330224,0.09673853,488.1,288.2,0,1,1,1
2021,44265,SB,354,28 Y 7 N,Arkansas,AR,1,34,0,4,1,"Sen. English, Jane [R]",1,0,0,1,0,1,0,0,0,,2020,21364,18375,,39739,0.07521579,-0.14269356,34.2,33.5,27.1,24,15.4,63.8,25.3,6.4,36.2,48.4,30.1,92.5,31,83.214226,16.785776,0.72289157,488.1,288.2,0,1,1,1
2021,44265,SB,354,28 Y 7 N,Arkansas,AR,1,35,0,4,1,"Sen. Rapert, Jason [R]",1,0,0,1,0,0,0,0,0,1.197,,15168,12339,,27507,0.10284655,0.01986781,40.4,40.4,27.1,21.4,11,75.9,14.7,4.7,24.1,44,37.7,92.1,33.1,69.252174,30.747826,0.26288438,540.35,303.25,0,1,1,1
2021,44277,SB,354,75 Y 18 N 7 NV,Arkansas,AR,0,1,0,2,1,"Rep. Dalby, Carol [R]",1,0,0,1,0,1,0,0,0,0.711,2020,1,0,,1,1,0.101335846,32.4,31.3,26.2,25.8,16.7,57.5,34.5,4.5,42.5,38.1,33.5,85.9,17.4,89.86577,10.134233,0.52530205,519.56665,438.4,0,1,1,1
2021,44277,SB,354,75 Y 18 N 7 NV,Arkansas,AR,0,2,0,2,1,"Rep. Jean, Lane [R]",1,0,0,1,0,0,0,0,0,1.091,2020,1,0,,1,1,0.12778807,32.7,37.3,23.6,23.5,15.6,79.9,15.1,1.6,20.1,51.4,28.3,85.6,18.5,18.080679,81.91932,0.15334657,550.6667,455.66666,0,1,1,1
2021,44277,SB,354,75 Y 18 N 7 NV,Arkansas,AR,0,3,0,2,1,"Rep. Watson, Danny [R]",1,0,0,1,0,0,0,0,0,0.731,2020,6444,2848,,9292,0.38699958,0.11602712,27.5,33,22,26.4,18.5,58.4,30.6,8.7,41.6,47.3,25.9,82.8,15.2,34.936478,65.06352,0.22179364,457,385.85,0,1,1,1
2021,44277,SB,354,75 Y 18 N 7 NV,Arkansas,AR,0,4,0,2,1,"Rep. Vaught, Deann [R]",1,0,0,1,0,1,0,0,0,1.071,2020,1,0,,1,1,-0.17927179,31.6,34.6,25.2,23.7,16.5,63.7,12.7,19.8,36.3,51.8,25.1,80.2,10.7,24.866375,75.13363,0.11974945,412.3,323.65,0,1,1,1
2021,44277,SB,354,75 Y 18 N 7 NV,Arkansas,AR,0,5,0,2,1,"Rep. Fielding, David [D]",0,1,0,0,1,0,1,0,0,-0.034,2020,5242,3993,,9235,0.13524635,-0.016347317,27.9,31.2,21.1,29.1,18.7,43.3,52,2.9,56.7,40.4,29.8,82,14.7,45.28924,54.71076,0.01799856,657.3,552.5,0,1,1,1
2021,44277,SB,354,75 Y 18 N 7 NV,Arkansas,AR,0,7,0,2,1,"Rep. Barker, Sonia Eubanks [R]",1,0,0,1,0,1,0,0,0,1.176,2020,6239,4174,,10413,0.19830981,0.14632608,28.5,30.4,22.8,29,17.6,53.6,40.9,4,46.4,46.1,29,82.2,16.8,17.257816,82.74218,0.07007007,488.1,288.2,0,1,1,1
2021,44277,SB,354,75 Y 18 N 7 NV,Arkansas,AR,0,8,0,2,1,"Rep. Wardlaw, Jeff R. [R]",1,0,0,1,0,0,0,0,0,1.425,2020,6966,3040,,10006,0.3923646,0.14026614,27.6,30.5,22.4,27.2,19.9,60.7,30.2,7.8,39.3,48.9,27.4,83.4,13.7,35.242016,64.75798,0.16374056,488.1,288.2,0,1,1,1
2021,44277,SB,354,75 Y 18 N 7 NV,Arkansas,AR,0,9,0,2,1,"Rep. Beaty Jr., Howard M. [R]",1,0,0,1,0,0,0,0,0,,2020,5339,4875,,10214,0.045427844,-0.011490201,31.1,36,22.2,24.8,17.1,65.7,28.5,4.8,34.3,47.8,30,83,16.6,43.71833,56.28167,0.06326826,592.6,318.3,0,1,1,1
2021,44277,SB,354,75 Y 18 N 7 NV,Arkansas,AR,0,10,0,2,1,"Rep. Holcomb, Mike [R]",1,0,0,1,0,0,0,0,0,0.943,2020,1,0,,1,1,0.044716757,26.6,28.1,22.2,28.8,21,85.2,10.6,1.9,14.8,58.1,20.3,88.7,17,33.671333,66.32867,0.1546342,488.1,288.2,0,1,1,1
2021,44277,SB,354,75 Y 18 N 7 NV,Arkansas,AR,0,11,0,2,1,"Rep. McElroy, Mark D. [R]",1,0,0,1,0,0,0,0,0,,2020,4854,4802,,9656,0.005385253,-0.13492845,26.9,31.9,21.9,27,19.2,44.4,48.8,5.3,55.6,47.2,31.2,79.9,13.4,45.693016,54.306984,0.04709872,488.1,288.2,0,1,1,1
2021,44277,SB,354,75 Y 18 N 7 NV,Arkansas,AR,0,12,0,2,1,"Rep. Tollett, David [R]",1,0,0,1,0,0,0,0,0,,2020,1,0,,1,1,-0.004471988,34.4,30.4,27.1,26.3,16.3,42.5,54.4,2.2,57.5,35.6,38.6,78.9,11.4,37.17676,62.82324,0.10749221,488.1,288.2,0,1,1,1
2021,44277,SB,354,75 Y 18 N 7 NV,Arkansas,AR,0,13,0,2,1,"Rep. Hillman, David [R]",1,0,0,1,0,0,0,0,0,0.629,2020,1,0,,1,1,-0.05286509,28.5,30.5,23.2,27.7,18.7,76.4,19.9,2.3,23.6,49.8,24.2,82.7,14.8,50.987556,49.012444,1.0231278,488.1,288.2,0,1,1,1
2021,44277,SB,354,75 Y 18 N 7 NV,Arkansas,AR,0,14,0,2,1,"Rep. Lynch, Roger D. [R]",1,0,0,1,0,0,0,0,0,0.942,2020,7005,3964,954,11923,0.25505325,-0.025286093,33.6,29,27.6,26.7,16.8,71.2,24.9,2.7,28.8,49.1,27.7,84,15.3,45.66387,54.33613,0,488.1,288.2,0,1,1,1
2021,44277,SB,354,75 Y 18 N 7 NV,Arkansas,AR,0,15,0,2,1,"Rep. Bragg, Kenneth \Ken\"" [R]""",1,0,0,1,0,0,0,0,0,1.029,2020,11074,1970,,13044,0.6979454,0.25104553,28.8,31.9,23.7,27.5,17.1,89.5,5.3,3.3,10.5,57.1,21.3,89.8,18.2,27.482813,72.51719,0.12846394,488.1,288.2,0,1,1,1
2021,44277,SB,354,75 Y 18 N 7 NV,Arkansas,AR,0,17,0,2,1,"Rep. Flowers, Vivian [D]",0,1,0,0,1,0,0,0,0,-0.969,2020,1,0,,1,1,-0.17737272,36.2,38.9,25.4,24.7,10.9,17.9,78.6,2.2,82.1,29.4,49,82.8,14.8,93.08205,6.9179497,0,488.1,288.2,0,1,1,1
2021,44277,SB,354,75 Y 18 N 7 NV,Arkansas,AR,0,18,0,2,1,"Rep. Womack, Richard [R]",1,0,0,1,0,0,0,0,0,1.743,2020,1,0,,1,1,0.3058316,30.8,36.7,19,26.4,18,73.8,20.2,3.5,26.2,46.1,35.8,87.8,23.4,22.16408,77.83592,0.08102998,540.35,303.25,0,1,1,1
2021,44277,SB,354,75 Y 18 N 7 NV,Arkansas,AR,0,19,0,2,1,"Rep. Gonzales, Justin [R]",1,0,0,1,0,0,0,1,0,2,2020,1,0,,1,1,0.12619609,28.2,32.3,22.3,26.6,18.9,75.4,12.2,10.1,24.6,55.5,22.6,85.1,16.6,15.70095,84.29905,0.14091122,592.6,318.3,0,1,1,1
2021,44277,SB,354,75 Y 18 N 7 NV,Arkansas,AR,0,20,0,2,1,"Rep. Maddox, John [R]",1,0,0,1,0,0,0,0,0,1.071,2020,1,0,,1,1,-0.025111716,25.1,28.6,20.4,27.3,23.8,88,0.3,6.5,12,55.2,19.9,82.7,13.4,44.85061,55.14939,0.16781488,592.6,318.3,0,1,1,1
2021,44277,SB,354,75 Y 18 N 7 NV,Arkansas,AR,0,21,0,2,1,"Rep. Richmond, Marcus Edward [R]",1,0,0,1,0,0,0,0,0,1.328,2020,1,0,,1,1,0.30405676,25.8,30.7,20.6,28.1,20.6,89.7,0.5,4,10.3,57.1,19.2,82.3,14,35.735683,64.26432,0.04516304,592.6,318.3,0,1,1,1
2021,44277,SB,354,75 Y 18 N 7 NV,Arkansas,AR,0,22,0,2,1,"Rep. McGrew, Richard [R]",1,0,0,1,0,0,0,0,0,,2020,12400,4146,,16546,0.4988517,0.16097537,21.5,21.7,18.2,24.2,36,90.7,2.7,4.1,9.3,59.4,16.1,91,27.1,20.306852,79.693146,0,592.6,318.3,0,1,1,1
2021,44277,SB,354,75 Y 18 N 7 NV,Arkansas,AR,0,23,0,2,1,"Rep. Fite, Lanny [R]",1,0,0,1,0,1,1,0,0,1.032,2020,1,0,,1,1,0.23290975,31.9,30.4,27.7,24.7,17.1,87.4,6.5,1.9,12.6,58.3,21.4,93.4,31.4,0,100,0,592.6,318.3,0,1,1,1
2021,44277,SB,354,75 Y 18 N 7 NV,Arkansas,AR,0,24,0,2,1,"Rep. Cozart, Bruce [R]",1,0,0,1,0,0,0,0,0,1.32,2020,1,0,,1,1,0.08355068,28.8,27.8,23.3,26.4,22.6,81.7,6.9,6,18.3,47.9,25.4,90,20.7,91.95585,8.044154,0.15621339,560.1,365.75,0,1,1,1
2021,44277,SB,354,75 Y 18 N 7 NV,Arkansas,AR,0,25,0,2,1,"Rep. Warren, Les A. [R]",1,0,0,1,0,0,0,0,0,0.79,2020,1,0,,1,1,-0.04866523,30.1,31.8,24.4,26.6,17.2,72.7,15.7,7.6,27.3,39.1,33.7,85,18,86.34482,13.655182,0.6618583,531.4,354.86667,0,1,1,1
2021,44277,SB,354,75 Y 18 N 7 NV,Arkansas,AR,0,26,0,2,1,"Rep. McClure, Rick [R]",1,0,0,1,0,0,0,0,0,,2020,8327,3304,,11631,0.43186313,-0.08012449,30.6,25.6,25,29,20.4,79.5,13.8,4,20.5,53.8,21.3,87.5,17.5,43.11732,56.88268,0.28507796,411.66666,307.2,0,1,1,1
2021,44277,SB,354,75 Y 18 N 7 NV,Arkansas,AR,0,27,0,2,1,"Rep. Mayberry, Julie [R]",1,0,0,1,0,1,0,0,0,0.622,2020,1,0,,1,1,0.16985387,33.1,32.6,27.8,26.3,13.4,80.6,9.7,6.4,19.4,50.9,25.9,89.3,20.2,18.57498,81.42502,0.24193548,428.96,348.7,0,1,1,1
2021,44277,SB,354,75 Y 18 N 7 NV,Arkansas,AR,0,28,0,2,1,"Rep. Furman, Tony [R]",1,0,0,1,0,0,0,0,0,,2020,1,0,,1,1,0.14517258,35.4,33.2,28.4,23.8,14.8,84.6,6.9,5.1,15.4,47.8,26.7,86.5,18.7,90.171036,9.828964,0.111451656,615.475,468.925,0,1,1,1
2021,44277,SB,354,75 Y 18 N 7 NV,Arkansas,AR,0,29,0,2,1,"Rep. Love, Frederick \Fred\"" J. [D]""",0,1,0,0,1,0,1,0,0,-0.958,2020,1,0,,1,1,0.2565796,34.1,37.5,28,24.4,10.1,20,59.1,19.3,80,40.7,37.3,80.8,12.8,79.60446,20.395542,0.50897914,436.5,300.35,0,1,1,1
2021,44277,SB,354,75 Y 18 N 7 NV,Arkansas,AR,0,30,0,2,1,"Rep. Allen, Fred [D]",0,1,0,0,1,0,1,0,0,-0.042,2020,1,0,,1,1,0.43660095,34,36.1,27.2,23.6,13.1,26.1,62,8.8,73.9,36.3,40.2,90.6,30.8,32.14899,67.85101,0,544.26666,427.03333,0,1,1,1
2021,44277,SB,354,75 Y 18 N 7 NV,Arkansas,AR,0,31,0,2,1,"Rep. Brooks, Keith [R]",1,0,0,1,0,0,0,0,0,,2020,13702,6051,,19753,0.38733357,0.1958156,28.8,31.4,24.1,28.8,15.8,82.2,8.4,4.8,17.8,61.4,21.8,93.1,42.3,54.637028,45.362972,0.059835453,467.4,402.8,0,1,1,1
2021,44277,SB,354,75 Y 18 N 7 NV,Arkansas,AR,0,32,0,2,1,"Rep. Hudson, Ashley [D]",0,1,0,0,1,1,0,0,0,,2020,8404,8380,,16784,0.001429933,0.23159596,32.2,31.2,26.4,25.7,16.6,70.6,14.4,3.9,29.4,55.1,27.5,96.3,62.7,96.823616,3.1763852,0,604.2,454.9,0,1,1,1
2021,44277,SB,354,75 Y 18 N 7 NV,Arkansas,AR,0,33,0,2,1,"Rep. McCullough, Tippi [D]",0,1,1,0,1,1,0,0,0,,2020,1,0,,1,1,-0.1714061,39.4,26.3,32.1,26.5,15,63.7,26.7,2.6,36.3,34.9,41,94.2,50,99.87914,0.12085635,0.8501906,669.05,497.2,0,1,1,1
2021,44277,SB,354,75 Y 18 N 7 NV,Arkansas,AR,0,34,0,2,1,"Rep. Springer, Joy C. [D]",0,1,0,0,1,1,1,0,0,,2020,6463,2722,,9185,0.4072945,-0.29433846,38,31.8,29.3,25.3,13.5,32.9,59.4,3.7,67.1,30.2,43.9,88.9,31,100,0,0.68770605,733.9,539.5,0,1,1,1
2021,44277,SB,354,75 Y 18 N 7 NV,Arkansas,AR,0,35,0,2,1,"Rep. Collins, Andrew [D]",0,1,0,0,1,0,0,0,0,,2020,1,,,1,1,-0.18776935,35.9,27.7,29,26.4,16.7,77.5,14.6,2.7,22.5,47.5,30.3,97.4,56,97.085625,2.9143734,0.38785216,619.55,397.5,0,1,1,1
2021,44277,SB,354,75 Y 18 N 7 NV,Arkansas,AR,0,36,0,2,1,"Rep. Ennett, Denise [D]",0,1,0,0,1,1,1,0,0,,2020,1,,,1,1,-0.56652737,34.1,34.7,27.4,24.5,13.5,27,61.5,8.9,73,30.3,43.4,81.2,14.3,76.834236,23.165768,0.04819277,739,596.45,0,1,1,1
2021,44277,SB,354,75 Y 18 N 7 NV,Arkansas,AR,0,37,0,2,1,"Rep. Scott, Jamie [D]",0,1,0,0,1,1,1,0,0,-0.032,2020,1,,,1,1,-0.19196755,35,36.6,27.8,23.5,12.1,28,64,4.5,72,26,45.8,81.3,17.5,100,0,0.4425954,634.76666,487.66666,0,1,1,1
2021,44277,SB,354,75 Y 18 N 7 NV,Arkansas,AR,0,38,0,2,1,"Rep. Wing, Carlton [R]",1,0,0,1,0,0,0,0,0,0.865,2020,6125,5360,,11485,0.06660862,-0.05531721,34.6,31.8,27.6,24.7,16.2,64.2,22.8,8.2,35.8,44,33.5,91.8,36.8,90.94843,9.051569,1.1392509,626.0333,512.5,0,1,1,1
2021,44277,SB,354,75 Y 18 N 7 NV,Arkansas,AR,0,39,0,2,1,"Rep. Lowery, Mark [R]",1,0,0,1,0,0,0,0,0,1.335,2020,7838,6966,,14804,0.058902998,-0.27356908,35.6,29.9,29.5,26.7,13.8,64.4,28.1,3.1,35.6,50.4,27.2,91.9,34,94.723885,5.276117,0.7578009,642.26666,525.56665,0,1,1,1
2021,44277,SB,354,75 Y 18 N 7 NV,Arkansas,AR,0,40,0,2,1,"Rep. Ray, David [R]",1,0,0,1,0,0,0,0,0,,2020,1,0,,1,1,0.05375959,31.7,29.9,25.9,29.5,14.8,83.7,8,4.1,16.3,53.7,20.9,89,20,100,0,0.15022977,676.9667,556.43335,0,1,1,1
2021,44277,SB,354,75 Y 18 N 7 NV,Arkansas,AR,0,41,0,2,1,"Rep. Brown, Karilyn B. [R]",1,0,0,1,0,1,0,0,0,1.066,2020,8390,6832,,15222,0.10235186,0.23753974,31.5,34.6,25.1,24.6,15.7,70.2,21.4,3.5,29.8,51.2,27.2,93.8,30.5,88.18786,11.812141,0.4470939,574.05,432.9,0,1,1,1
2021,44277,SB,354,75 Y 18 N 7 NV,Arkansas,AR,0,42,0,2,1,"Rep. Perry, Mark [D]",0,1,0,0,1,0,0,0,0,0.121,2020,1,0,,1,1,0.21782012,36,36.7,27.4,22.4,13.2,52.7,34.5,7.9,47.3,47,32,90.5,19.8,35.907665,64.09233,0.31318212,571.7,414.33334,0,1,1,1
2021,44277,SB,354,75 Y 18 N 7 NV,Arkansas,AR,0,43,0,2,1,"Rep. Evans, Brian [R]",1,0,0,1,0,0,0,0,0,,2020,1,0,,1,1,0.037139997,34.1,34.3,28.5,25.6,11.6,87.2,1.7,6.1,12.8,57.1,21.4,90.3,22.7,96.18025,3.8197486,0.08490406,521.15,333.2,0,1,1,1
2021,44277,SB,354,75 Y 18 N 7 NV,Arkansas,AR,0,44,0,2,1,"Rep. Cooper, Cameron [R]",1,0,0,1,0,0,0,0,0,,2020,11737,2284,,14021,0.674203,0.20738488,33.8,35.1,28.7,23.4,12.6,91.9,1.3,2.9,8.1,62.3,20.7,89.7,18.5,98.21728,1.78272,0,517.2,391,0,1,1,1
2021,44277,SB,354,75 Y 18 N 7 NV,Arkansas,AR,0,46,0,2,1,"Rep. Eaves, Les [R]",1,0,0,1,0,0,0,0,0,0.986,2020,1,0,,1,1,0.19961685,35.2,42.5,22,21.2,14.4,81.2,8.6,5.5,18.8,43.1,36.8,87.6,32.7,81.283195,18.716803,0.08663009,590.25,448.025,0,1,1,1
2021,44277,SB,354,75 Y 18 N 7 NV,Arkansas,AR,0,47,0,2,1,"Rep. Christiansen, Craig [R]",1,0,0,1,0,0,0,0,0,,2020,1,0,,1,1,0.32399213,32.6,26.9,26.5,27.3,19.3,78.8,14.7,2.1,21.2,45.7,25,78.2,11,11.392052,88.60795,0.04877573,626.9,418.8,0,1,1,1
2021,44277,SB,354,75 Y 18 N 7 NV,Arkansas,AR,0,49,0,2,1,"Rep. Hollowell, Steve [R]",1,0,0,1,0,0,0,0,0,1.12,2020,5725,4382,,10107,0.1328782,0.20369743,29.6,32.2,23.3,26.2,18.4,61.8,33.5,2.2,38.2,48.1,28.2,82.5,15.2,33.228336,66.77167,0.14424811,626.9,418.8,0,1,1,1
2021,44277,SB,354,75 Y 18 N 7 NV,Arkansas,AR,0,51,0,2,1,"Rep. Ferguson, Deborah [D]",0,1,0,0,1,1,0,0,0,0.286,2020,1,0,,1,1,0.018149164,33.3,34.8,26.3,24.9,14.2,53.6,37.2,2,46.4,42.4,34.4,86.5,21.1,23.84962,76.150375,0.03729256,626.9,418.8,0,1,1,1
2021,44277,SB,354,75 Y 18 N 7 NV,Arkansas,AR,0,52,0,2,1,"Rep. Tosh, Dwight [R]",1,0,0,1,0,0,0,0,0,1.247,2020,1,0,,1,1,-0.19896223,30,31.5,24.7,27,16.9,88.2,3.9,2.8,11.8,51,23.6,83.1,13.5,53.344322,46.655678,0.04995421,539.0333,397.06668,0,1,1,1
2021,44277,SB,354,75 Y 18 N 7 NV,Arkansas,AR,0,53,0,2,1,"Rep. Milligan, Jon [R]",1,0,0,1,0,0,0,0,0,,2020,9086,2811,,11897,0.5274439,0.27776483,36,35.5,27.5,22.8,14.2,84.7,9.7,2.8,15.3,48.1,30,88.6,22.1,92.90258,7.097422,0.14117256,504.6,387.5,0,1,1,1
2021,44277,SB,354,75 Y 18 N 7 NV,Arkansas,AR,0,54,0,2,1,"Rep. Rye, Johnny [R]",1,0,0,1,0,0,0,0,0,1.027,2020,1,0,,1,1,-0.20643517,32.2,33.3,26.6,24.8,15.3,82.9,9.4,3.8,17.1,50.7,24.1,82.3,14.1,57.121895,42.878105,0.035558715,458.86,313.24,0,1,1,1
2021,44277,SB,354,75 Y 18 N 7 NV,Arkansas,AR,0,55,0,2,1,"Rep. Hodges, Monte [D]",0,1,0,0,1,0,1,0,0,-0.168,2020,3666,3362,,7028,0.04325555,-0.28848478,30.6,36.8,23.4,25.8,13.9,41.4,52.7,3.9,58.6,39.2,36.4,78.5,10.6,72.48017,27.51983,1.2195122,551.4,326.7,0,1,1,1
2021,44277,SB,354,75 Y 18 N 7 NV,Arkansas,AR,0,57,0,2,1,"Rep. Gazaway, Jimmie [R]",1,0,0,1,0,0,0,0,0,0.551,2020,1,0,,1,1,-0.022574931,34.2,34.4,27.1,23.8,14.6,92.7,2.1,2.6,7.3,52.3,23.4,88.8,17.1,29.810007,70.189995,0.6375839,545.4,393.06668,0,1,1,1
2021,44277,SB,354,75 Y 18 N 7 NV,Arkansas,AR,0,58,0,2,1,"Rep. Smith, Brandt [R]",1,0,0,1,0,0,0,0,0,,2020,7667,4749,,12416,0.23501933,0.22073437,36.6,36.8,27.5,21.5,14.4,74.2,15.3,4.7,25.8,43.1,34.4,92,37.2,25.884731,74.115265,0.28487894,665.9,546,0,1,1,1
2021,44277,SB,354,75 Y 18 N 7 NV,Arkansas,AR,0,59,0,2,1,"Rep. Ladyman, Jack [R]",1,0,0,1,0,0,0,0,0,1.239,2020,6244,3196,,9440,0.32288137,0.080826126,36.5,37,29.8,21.7,11.4,68.4,18.4,7.5,31.6,45.4,30.8,87.2,20.7,17.617,82.382996,0.19666524,665.9,546,0,1,1,1
2021,44277,SB,354,75 Y 18 N 7 NV,Arkansas,AR,0,60,0,2,1,"Rep. Cavenaugh, Frances [R]",1,0,0,1,0,1,0,0,0,1.171,2020,1,0,,1,1,0.23637703,27.8,30.8,21.4,27.6,20.3,94.5,0.6,2.4,5.5,55.2,21.1,84.5,12.7,21.930626,78.069374,0.13517167,451.85,332.8,0,1,1,1
2021,44277,SB,354,75 Y 18 N 7 NV,Arkansas,AR,0,61,0,2,1,"Rep. Davis, Marsh [R]",1,0,0,1,0,0,0,0,0,,2020,1,0,,1,1,0.15659362,25.5,28.5,20.9,26.4,24.2,95.1,0.9,1.6,4.9,52.6,19.1,84.7,13.7,14.204854,85.79514,0.11436974,561.84,409.92,0,1,1,1
2021,44277,SB,354,75 Y 18 N 7 NV,Arkansas,AR,0,62,0,2,1,"Rep. Gray, Michelle [R]",1,0,0,1,0,1,0,0,0,1.044,2020,1,0,,1,1,0.36509663,25.4,27.9,20.4,27.4,24.3,93.2,1.2,2.2,6.8,53.1,20.2,81.3,11.7,14.871711,85.12829,0.21958718,670.5,462.8,0,1,1,1
2021,44277,SB,354,75 Y 18 N 7 NV,Arkansas,AR,0,63,0,2,1,"Rep. Smith, Stu [R]",1,0,0,1,0,0,0,0,0,,2020,1,0,,1,1,0.29032093,30.6,33.2,23.9,25.8,16.8,87.6,2.2,7.5,12.4,51.7,24.2,85.9,20.8,98.09028,1.9097222,0.07935108,658.7,381,0,1,1,1
2021,44277,SB,354,75 Y 18 N 7 NV,Arkansas,AR,0,64,0,2,1,"Rep. Payton, John [R]",1,0,0,1,0,0,0,0,0,1.496,2020,1,0,,1,1,0.048337698,23.4,23.4,19.3,30.6,26.8,94.7,0.3,1.9,5.3,60.7,15.7,84.7,14.7,99.953995,0.046005215,0,587.73334,393.86667,0,1,1,1
2021,44277,SB,354,75 Y 18 N 7 NV,Arkansas,AR,0,65,0,2,1,"Rep. Beck, Rick [R]",1,0,0,1,0,0,0,0,0,1.196,2020,8057,3766,,11823,0.36293665,-0.15191251,28.7,30.3,23.2,27.7,18.9,84.9,8,3.7,15.1,52.9,23.6,84.7,14.5,99.02526,0.97474146,0.4772625,684.55,462,0,1,1,1
2021,44277,SB,354,75 Y 18 N 7 NV,Arkansas,AR,0,67,0,2,1,"Rep. Meeks, Stephen [R]",1,0,0,1,0,0,0,0,0,1.119,2020,11915,3894,,15809,0.5073692,0.073106796,33.3,37.1,26.2,25.1,11.5,91.9,3.4,2.3,8.1,55.8,23.4,91.8,29.2,43.79777,56.20223,0.00910498,622.5,342.6,0,1,1,1
2021,44277,SB,354,75 Y 18 N 7 NV,Arkansas,AR,0,68,0,2,1,"Rep. Berry, Stan [R]",1,0,0,1,0,0,0,0,0,0.482,2020,11941,2677,,14618,0.63373923,0.13835725,27.5,29.4,22.6,27.5,20.6,93.9,0.4,3.2,6.1,57,20.7,86.8,19,83.88526,16.114738,0.042162072,418.9,306.5,0,1,1,1
2021,44277,SB,354,75 Y 18 N 7 NV,Arkansas,AR,0,69,0,2,1,"Rep. Pilkington, Aaron [R]",1,0,0,1,0,0,0,0,0,1.637,2020,1,0,,1,1,0.24555558,30.4,33.1,24.1,26.4,16.2,81.4,1.4,12.3,18.6,53.4,23.4,80.3,16.6,21.827557,78.17245,0.09990917,586.95,334.65,0,1,1,1
2021,44277,SB,354,75 Y 18 N 7 NV,Arkansas,AR,0,70,0,2,1,"Rep. Hawks, Spencer [R]",1,0,0,1,0,0,0,0,0,,2020,1,0,,1,1,0.2895509,41.6,44.2,25.9,18.7,11.3,74.7,14,3.6,25.3,45.7,41.8,94.1,43.5,2.193498,97.8065,0.39244542,622.5,342.6,0,1,1,1
2021,44277,SB,354,75 Y 18 N 7 NV,Arkansas,AR,0,71,0,2,1,"Rep. Cloud, Joe [R]",1,0,0,1,0,0,0,0,0,,2020,1,0,,1,1,0.25888807,37.9,43.8,24.1,20.4,11.8,73.9,5.3,15.6,26.1,39,40.6,83.8,26,0,100,0.21334368,622.5,342.6,0,1,1,1
2021,44277,SB,354,75 Y 18 N 7 NV,Arkansas,AR,0,72,0,2,1,"Rep. Magie, Stephen K. [D]",0,1,0,0,1,0,0,0,0,-0.099,2020,6419,4645,,11064,0.16033985,0.24508193,45.2,39.6,29.9,19.7,10.7,68.2,21.8,6.6,31.8,36.4,42.7,90.7,27,40.251827,59.748173,0.31569967,622.5,342.6,0,1,1,1
2021,44277,SB,354,75 Y 18 N 7 NV,Arkansas,AR,0,73,0,2,1,"Rep. Bentley, Mary [R]",1,0,0,1,0,1,0,0,0,1.258,2020,1,0,,1,1,0.27802944,28,33,22.6,26.9,17.6,79.4,2.2,16,20.6,51,25.4,82.2,14.2,23.9737,76.0263,0.030731408,622.5,342.6,0,1,1,1
2021,44277,SB,354,75 Y 18 N 7 NV,Arkansas,AR,0,74,0,2,1,"Rep. Eubanks, Jon S. [R]",1,0,0,1,0,0,0,0,0,1.328,2020,9232,1860,,11092,0.66462314,0.20071733,28.1,30.8,21.8,27.9,19.5,90.9,1,2.9,9.1,55.8,21.3,85.3,12.4,63.446056,36.553944,0.080493696,622.5,342.6,0,1,1,1
2021,44277,SB,354,75 Y 18 N 7 NV,Arkansas,AR,0,75,0,2,1,"Rep. Johnson, Lee [R]",1,0,0,1,0,0,0,0,0,,2020,1,0,,1,1,0.21498773,30.7,32.4,26.4,25.1,16.2,91.4,0.7,3.5,8.6,60,20.2,88.2,18,96.072655,3.9273474,0,622.5,342.6,0,1,1,1
2021,44277,SB,354,75 Y 18 N 7 NV,Arkansas,AR,0,76,0,2,1,"Rep. Crawford, Cindy [R]",1,0,0,1,0,1,0,0,0,,2020,9092,3814,,12906,0.40895706,0.28759786,31.3,31.4,24.1,26.1,18.3,68.1,9.6,10,31.9,49.1,28.7,87,26.5,42.15476,57.84524,0.3547497,622.5,342.6,0,1,1,1
2021,44277,SB,354,75 Y 18 N 7 NV,Arkansas,AR,0,77,0,2,1,"Rep. Boyd, Justin [R]",1,0,0,1,0,0,0,0,0,0.917,2020,7208,3469,,10677,0.350192,0.21520284,34.7,33.2,26.5,25.1,15.1,72.5,6.5,10.8,27.5,45.2,27.9,86.8,23,58.66049,41.33951,0.17081504,622.5,342.6,0,1,1,1
2021,44277,SB,354,75 Y 18 N 7 NV,Arkansas,AR,0,78,0,2,1,"Rep. Richardson, Jay [D]",0,1,0,0,1,0,1,0,0,,2020,1,0,,1,1,0.23671822,36.5,39.4,28.6,23.5,8.6,38.8,13.4,37.5,61.2,39.8,36.1,66.1,9.1,80.21223,19.78777,0.15268633,488.26666,313,0,1,1,1
2021,44277,SB,354,75 Y 18 N 7 NV,Arkansas,AR,0,79,0,2,1,"Rep. Deffenbaugh, Gary [R]",1,0,0,1,0,0,0,0,0,1.356,2020,1,0,,1,1,0.12123745,32.1,35.7,25.6,23.7,15,77.2,2.2,12.2,22.8,52,24.4,85.2,17.5,28.264435,71.735565,0.25431904,622.5,342.6,0,1,1,1
2021,44277,SB,354,75 Y 18 N 7 NV,Arkansas,AR,0,80,0,2,1,"Rep. Fite, Charlene [R]",1,0,0,1,0,1,0,0,0,1.048,2020,10506,4059,,14565,0.44263646,0.2278734,30.5,33.4,25.5,25.3,15.8,87.9,1.9,4.1,12.1,58.6,21.5,87.1,22.5,32.694885,67.305115,0.06195787,622.5,342.6,0,1,1,1
2021,44277,SB,354,75 Y 18 N 7 NV,Arkansas,AR,0,81,0,2,1,"Rep. Coleman, Bruce [R]",1,0,0,1,0,0,0,0,0,0.924,2020,1,0,,1,1,0.26251602,29.4,30.6,24.7,28.4,16.3,93.5,0.3,2.6,6.5,60.4,19.6,86.7,15.7,46.791668,53.208332,0.10688519,427.55,273.55,0,1,1,1
2021,44277,SB,354,75 Y 18 N 7 NV,Arkansas,AR,0,82,0,2,1,"Rep. Berry, Mark H. [R]",1,0,0,1,0,0,0,0,0,,2020,8371,3560,,11931,0.40323526,0.3581315,27.4,31.2,22,27.9,18.8,91,0.6,4.2,9,55.4,20.8,80.9,11.6,3.5168195,96.48318,0.48948514,367,258.9,0,1,1,1
2021,44277,SB,354,75 Y 18 N 7 NV,Arkansas,AR,0,83,0,2,1,"Rep. Slape, Keith [R]",1,0,0,1,0,0,0,0,0,,2020,1,0,,1,1,0.5807723,27.4,27.8,22.4,27.5,22.4,95.2,0.2,1.1,4.8,60.1,19.1,84,14.6,28.752075,71.247925,0,367,258.9,0,1,1,1
2021,44277,SB,354,75 Y 18 N 7 NV,Arkansas,AR,0,84,0,2,1,"Rep. Garner, Denise [D]",1,0,0,0,1,1,0,0,0,,2020,1,0,,1,1,0.27232397,31.7,33.1,25,26,15.9,84.8,2.9,6.7,15.2,53.3,27,93.8,47.9,26.317614,73.68239,0.3120125,510.7,325.3,0,1,1,1
2021,44277,SB,354,75 Y 18 N 7 NV,Arkansas,AR,0,85,0,2,1,"Rep. Whitaker, David J. [D]",0,1,0,0,1,0,0,0,0,-0.635,2020,9092,7360,,16452,0.10527595,0.2902696,45.6,39,30.4,20,10.5,81.6,5.3,6.7,18.4,47.2,36.8,92.3,41.4,48.417675,51.582325,0.124834776,510.7,325.3,0,1,1,1
2021,44277,SB,354,75 Y 18 N 7 NV,Arkansas,AR,0,86,0,2,1,"Rep. Clowney, Nicole [D]",0,1,0,0,1,1,0,0,0,,2020,8386,3561,,11947,0.40386707,0.43997306,55.3,55.8,28.5,11.9,3.9,73.9,8.2,9,26.1,21.7,67.9,91.7,47.9,0,100,0.31229088,530.5,427.1,0,1,1,1
2021,44277,SB,354,75 Y 18 N 7 NV,Arkansas,AR,0,87,0,2,1,"Rep. Lundstrum, Robin [R]",1,0,0,1,0,1,0,0,0,1.734,2020,10496,3759,,14255,0.4726061,0.4139801,33.5,38.8,25.6,22.3,13.1,67.4,1.5,19.2,32.6,53.3,29.1,82,25.6,10.275707,89.72429,0.71001816,662.2,455.16666,0,1,1,1
2021,44277,SB,354,75 Y 18 N 7 NV,Arkansas,AR,0,88,0,2,1,"Rep. Penzo, Clint [R]",1,0,0,1,0,0,0,0,0,1.268,2020,6476,4402,,10878,0.19066004,0.048645787,36.8,35.7,29.9,22.6,12,57.9,2.7,27.8,42.1,55.2,28.7,80.7,31.9,84.26005,15.739954,0,622.4667,406,0,1,1,1
2021,44277,SB,354,75 Y 18 N 7 NV,Arkansas,AR,0,89,0,2,1,"Rep. Godfrey, Megan [D]",0,1,0,0,1,1,0,0,0,,2020,3118,2425,,5543,0.12502255,0.30401146,38,43,31.4,17.9,7.7,34.2,1,50.6,65.8,48.8,31.1,61.8,10.2,55.80902,44.19098,0,623.7,400.2,0,1,1,1
2021,44277,SB,354,75 Y 18 N 7 NV,Arkansas,AR,0,90,0,2,1,"Rep. Underwood, Kendon [R]",1,0,0,1,0,0,0,0,0,,2020,11583,6904,,18487,0.25309676,0.20559056,38.8,38.1,32.4,21.1,8.3,68.5,1.6,21.8,31.5,62.8,23.4,87.8,40,0,100,0.16698474,601.43335,421.93332,0,1,1,1
2021,44277,SB,354,75 Y 18 N 7 NV,Arkansas,AR,0,91,0,2,1,"Rep. Haak, Delia [R]",1,0,0,1,0,1,0,0,0,0.457,2020,13471,5113,,18584,0.44974172,0.22500241,36.8,38.5,32.1,21.7,7.8,81.1,2.2,8.1,18.9,59.7,25.8,92.8,39.5,20.88078,79.119225,0.3526146,510.7,325.3,0,1,1,1
2021,44277,SB,354,75 Y 18 N 7 NV,Arkansas,AR,0,92,0,2,1,"Rep. McKenzie, Gayla Hendren [R]",1,0,0,1,0,1,0,0,0,,2020,1,0,,1,1,0.022903135,26.3,27.5,21.6,25,25.7,87,1.5,6.7,13,63.2,17.7,92.5,30.8,99.942116,0.057881538,0.6123699,434.15,270.6,0,1,1,1
2021,44277,SB,354,75 Y 18 N 7 NV,Arkansas,AR,0,93,0,2,1,"Rep. Dotson, Jim [R]",1,0,0,1,0,0,0,0,0,2.026,2020,10446,7530,,17976,0.16221629,0.3960249,41,34.7,36,21.1,8.3,73.5,1.9,9.7,26.5,58.1,26.5,94.2,49.8,96.91156,3.0884418,0.6752701,636.15,411.25,0,1,1,1
2021,44277,SB,354,75 Y 18 N 7 NV,Arkansas,AR,0,94,0,2,1,"Rep. Carr, John P. [R]",1,0,0,1,0,0,0,0,0,,2020,5654,4681,,10335,0.0941461,0.328611,37.5,35.8,30.5,21.2,12.5,59,2.2,30,41,50,30.6,80.4,21.8,97.68946,2.3105361,0.34671828,747.9,469.9,0,1,1,1
2021,44277,SB,354,75 Y 18 N 7 NV,Arkansas,AR,0,95,0,2,1,"Rep. Mccollum, Austin [R]",1,0,0,1,0,0,0,0,0,1.894,2020,1,0,,1,1,0.4197015,30.9,32,26.2,25.5,16.3,85.3,1.3,9.4,14.7,61.2,21.1,90,26.8,45.075916,54.924084,0.39013863,715.75,511.7,0,1,1,1
2021,44277,SB,354,75 Y 18 N 7 NV,Arkansas,AR,0,96,0,2,1,"Rep. Bryant, Joshua [R]",1,0,0,1,0,0,0,0,0,,2020,7838,4313,,12151,0.2900996,0.3991405,29.5,31.8,24.3,29,14.8,67.9,0.7,27.2,32.1,61.8,22.2,81,20.1,99.40411,0.595883,0.0435578,817.3333,511.35,0,1,1,1
2021,44277,SB,354,75 Y 18 N 7 NV,Arkansas,AR,0,97,0,2,1,"Rep. Breaux, Harlan [R]",1,0,0,1,0,0,0,0,0,,2020,9083,6129,,15212,0.1941888,0.36448288,27.1,30.5,22,28,19.7,81.3,1.7,11.9,18.7,59.7,20.1,87.8,24.1,66.50697,33.493027,0.09376465,822.5,496.2,0,1,1,1
2021,44277,SB,354,75 Y 18 N 7 NV,Arkansas,AR,0,98,0,2,1,"Rep. Mcnair, Ron [R]",1,0,0,1,0,0,0,0,0,0.782,2020,1,,,1,1,0.41823834,29.9,33.5,23.4,25.2,18,87.2,0.6,8.4,12.8,51,24.2,84.8,17.5,77.852875,22.147127,0,772.35,441.2,0,1,1,1
2021,44277,SB,354,75 Y 18 N 7 NV,Arkansas,AR,0,99,0,2,1,"Rep. Fortner, Jack [R]",1,0,0,1,0,0,0,0,0,1.094,2020,1,,,1,1,0.30407327,23.6,26.3,19.1,29.8,24.8,94,0.6,2.4,6,58.1,18.2,86.6,15.8,89.40381,10.596193,0.11984249,667.93335,415.26666,0,1,1,1
2021,44277,SB,354,75 Y 18 N 7 NV,Arkansas,AR,0,100,0,2,1,"Rep. Speaks, Nelda [R]",1,0,0,1,0,1,0,0,0,1.153,2020,11205,2979,,14184,0.57994926,0.22663327,22.8,22.5,18.7,26.8,32,95,0.1,2.6,5,56.7,17,88.6,18.3,36.701775,63.298225,0.15565933,626.7,450.6,0,1,1,1
2021,44314,S,1028,23 Y 16 N 1 NV,Florida,FL,1,1,0,4,1,"Sen. Broxson, Douglas \Doug\"" Vaughn [R]""",1,0,0,1,0,0,0,0,0,0.676,2020,185380,98407,,283787,0.3064728,0.29679295,33.7,32.3,26,26,15.7,70.7,16.1,5.8,29.3,46.2,31.7,91.1,27,92.60982,7.390181,0.34339866,507.13333,301.63333,0,1,0,0
2021,44314,S,1028,23 Y 16 N 1 NV,Florida,FL,1,2,0,4,1,"Sen. Gainer, George B. [R]",1,0,0,1,0,0,0,0,0,0.523,2018,149157,48979,,198136,0.50560224,0.1663229,32.7,29.5,26.5,26.9,17.1,76.5,10.9,6.6,23.5,49.4,27.7,88.7,24.4,65.537704,34.46229,0.19098063,423,273.76666,0,1,0,0
2021,44314,S,1028,23 Y 16 N 1 NV,Florida,FL,1,3,0,4,1,"Sen. Ausley, Loranne [D]",0,1,0,0,1,1,0,0,0,-1.158,2020,137609,120176,,257785,0.067626126,-0.10183373,37.9,35.6,25.7,24.2,14.6,58.7,30.4,6.3,41.3,40.2,41.4,87.9,31.7,57.77027,42.22973,0.33360264,473.70908,291.8818,0,1,0,0
2021,44314,S,1028,23 Y 16 N 1 NV,Florida,FL,1,4,0,4,1,"Sen. Bean, Aaron Paul [R]",1,0,0,1,0,0,0,0,0,0.477,2018,149347,80598,5514,235459,0.29197866,0.1667159,35,29.7,28.4,26.6,15.3,71.7,11.1,8.8,28.3,51,29.3,93,37,92.25452,7.745484,0.30452734,535.9,294.65,0,1,0,0
2021,44314,S,1028,23 Y 16 N 1 NV,Florida,FL,1,5,0,4,1,"Sen. Bradley, Jennifer E. [R]",1,0,0,1,0,1,0,0,0,,2020,194198,65568,,259766,0.49517643,0.23486702,30.4,30.2,24.6,27.6,17.7,75.3,12,7.9,24.7,50,27.3,86.5,17.9,87.51358,12.486417,0.28442228,382.76364,276.79092,0,1,0,0
2021,44314,S,1028,23 Y 16 N 1 NV,Florida,FL,1,6,0,4,1,"Sen. Gibson, Audrey [D]",0,1,0,0,1,1,1,0,0,-1.15,2018,1,0,,1,1,0.03809612,35.5,33.4,28.6,25.2,12.6,40.6,43.7,9,59.4,37.2,38.3,86.2,20.6,57.59927,42.40073,0.42640126,535.9,294.65,0,1,0,0
2021,44314,S,1028,23 Y 16 N 1 NV,Florida,FL,1,7,0,4,1,"Sen. Hutson, Travis [R]",1,0,0,1,0,0,0,0,0,0.78,2020,212577,131763,13,344353,0.23468359,-0.007828829,26.8,26.7,21.4,28.3,23.5,77.2,10.1,8.1,22.8,50.7,27.1,92.2,32.6,78.99542,21.004578,0.25650194,402.73334,155.8,0,1,0,0
2021,44314,S,1028,23 Y 16 N 1 NV,Florida,FL,1,8,0,4,1,"Sen. Perry, Keith [R]",1,0,0,1,0,0,0,0,0,1.322,2018,100690,98692,4319,203701,0.009808494,-0.025133483,35.8,34.4,24.7,23.9,17.1,65.5,17.8,10.2,34.5,39.6,39.9,88.3,29.7,92.60006,7.399941,0.42809534,429.83334,226.23334,0,1,0,0
2021,44314,S,1028,23 Y 16 N 1 NV,Florida,FL,1,9,0,4,1,"Sen. Brodeur, Jason T. [R]",1,0,0,1,0,0,0,0,0,0.746,2020,141544,133900,5787,281231,0.027180502,0.019213866,33.8,29.7,27.5,27.5,15.6,62.6,10.2,20.3,37.4,48.9,31.3,94,36.7,93.71281,6.287197,0.30173108,464.75,200.7,0,1,0,0
2021,44314,S,1028,23 Y 16 N 1 NV,Florida,FL,1,10,0,4,1,"Sen. Simpson, Wilton [R]",1,0,0,1,0,0,0,0,0,0.761,2018,147601,79349,,226950,0.30073583,-0.12354313,24.2,24.7,19.6,27.3,28.4,81.6,3.9,10.5,18.4,51.5,23.4,88.2,20.1,91.71262,8.287376,0.34712926,344.5,120,0,1,0,0
2021,44314,S,1028,23 Y 16 N 1 NV,Florida,FL,1,11,0,4,1,"Sen. Bracy III, Randolph [D]",0,1,0,0,1,0,1,0,0,-1.216,2020,147244,79224,,226468,0.30035147,0.16901353,37.9,34,30.5,24.4,11,33.4,36.3,23.3,66.6,40.4,39.5,85.3,26.5,93.57678,6.4232183,0.43970785,491.4,225.9,0,1,0,0
2021,44314,S,1028,23 Y 16 N 1 NV,Florida,FL,1,12,0,4,1,"Sen. Baxley, Dennis K. [R]",1,0,0,1,0,0,0,0,0,0.597,2018,172776,91765,21,264562,0.30620798,-0.30557424,21.1,21.1,17.2,24.6,37.3,76.1,9.1,11.2,23.9,55.7,20.2,89.3,22.9,94.214035,5.785963,0.25118515,364.66666,143.86667,0,1,0,0
2021,44314,S,1028,23 Y 16 N 1 NV,Florida,FL,1,13,0,4,1,"Sen. Stewart, Linda A. [D]",0,1,0,0,1,0,0,0,0,-0.979,2020,152769,99134,,251903,0.21291927,0.051657237,40.5,33.2,31,23.8,12.1,46.8,8.8,36.6,53.2,40.2,41.4,89.6,35.7,99.87251,0.12748991,0.7413263,491.4,225.9,0,1,0,0
2021,44314,S,1028,23 Y 16 N 1 NV,Florida,FL,1,14,0,4,1,"Sen. Wright, Tommy A. [R]",1,0,0,1,0,0,0,0,0,,2018,124055,96161,,220216,0.12666655,-0.08445398,27.3,26.2,21.8,29.3,22.7,74.3,8.9,12.4,25.7,49.2,26.8,90.5,24.6,55.540222,44.459778,0.37420768,408.85,167.25,0,1,0,0
2021,44314,S,1028,23 Y 16 N 1 NV,Florida,FL,1,15,0,4,1,"Sen. Torres Jr., Victor M. [D]",0,1,0,0,1,0,0,1,0,-1.364,2020,180185,123153,12207,315545,0.18074125,0.021099927,36.5,33.6,29.9,24.7,11.8,37.8,8.7,45.5,62.2,49.2,33.4,89.4,31.3,85.03979,14.9602165,0.36127365,482.95,195.45,0,1,0,0
2021,44314,S,1028,23 Y 16 N 1 NV,Florida,FL,1,16,0,4,1,"Sen. Hooper, Ed [R]",1,0,0,1,0,0,0,0,0,0.445,2018,111997,102407,,214404,0.044728644,0.11151074,26.8,24.3,21.9,29,24.8,78.4,5.1,12.1,21.6,46.8,27.3,90.8,27.2,99.2898,0.710194,0.48603544,394.05,120,0,1,0,0
2021,44314,S,1028,23 Y 16 N 1 NV,Florida,FL,1,17,0,4,1,"Sen. Mayfield, Debbie [R]",1,0,0,1,0,1,0,0,0,0.699,2020,193560,114515,11323,319398,0.2474812,0.008360393,25.6,25.4,20.3,28.4,26.1,74.4,9,11.6,25.6,49.3,26.3,91.4,30.2,73.76452,26.235485,0.22518146,473.85,128.2,0,1,0,0
2021,44314,S,1028,23 Y 16 N 1 NV,Florida,FL,1,18,0,4,1,"Sen. Cruz, Janet R. [D]",0,1,0,0,1,1,0,1,0,-1.294,2018,104078,103667,,207745,0.001978387,0.07770514,35.1,28.7,29.5,27.5,14.4,53.4,7.3,32.5,46.6,46.4,33,90.8,39.4,99.695946,0.30405098,0.70905954,601.1,226.1,0,1,0,0
2021,44314,S,1028,23 Y 16 N 1 NV,Florida,FL,1,19,0,4,1,"Sen. Rouson, Darryl Ervin [D]",0,1,0,0,1,0,1,0,0,-1.058,2020,174343,79463,,253806,0.37382883,-0.37125465,36.2,32.3,29.4,25.4,12.9,40.3,31.3,22.6,59.7,38.3,38.8,87.1,26.4,99.323235,0.67676884,0.8483485,547.35,176.9,0,1,0,0
2021,44314,S,1028,23 Y 16 N 1 NV,Florida,FL,1,20,0,4,1,"Sen. Burgess Jr., Daniel \Danny\"" Wright [R]""",1,0,0,1,0,0,0,0,0,0.45,2020,141607,116685,,258292,0.09648769,-0.14177656,34,33.4,26.2,24.7,15.8,59.4,12,20.9,40.6,47.8,33.1,87.5,28.8,87.155136,12.844864,0.39958453,437.2,190.46666,0,1,0,0
2021,44314,S,1028,23 Y 16 N 1 NV,Florida,FL,1,21,0,4,1,"Sen. Boyd, Jim [R]",1,0,0,1,0,0,0,0,0,0.717,2020,191673,122480,,314153,0.22025256,0.08761357,26.1,27,21.4,26.5,25,69.4,8.2,17.9,30.6,53.1,25.2,89.3,30.4,89.98577,10.014225,0.36518446,459.3,171.8,0,1,0,0
2021,44314,S,1028,23 Y 16 N 1 NV,Florida,FL,1,22,0,4,1,"Sen. Stargel, Kelli [R]",1,0,0,1,0,1,0,0,0,1.154,2018,105575,94295,,199870,0.056436684,-0.18773152,30.9,30.8,24.7,24.5,20.1,56.9,15.2,23.6,43.1,48.1,31,85.4,21.4,99.46614,0.53385824,0.4470011,411.7,196,0,1,0,0
2021,44314,S,1028,23 Y 16 N 1 NV,Florida,FL,1,23,0,4,1,"Sen. Gruters, Joe [R]",1,0,0,1,0,0,0,0,0,0.427,2020,188126,131491,6696,326313,0.17356035,0.18692333,20.9,19.9,16.8,27.6,35.8,83.7,4.5,8.5,16.3,53.3,21.1,92.4,31.8,96.54218,3.4578156,0.39016795,512.1,160.45,0,1,0,0
2021,44314,S,1028,23 Y 16 N 1 NV,Florida,FL,1,24,0,4,1,"Sen. Brandes, Jeffrey \Jeff\"" R. [R]""",1,0,0,1,0,0,0,0,0,0.423,2018,116415,98104,,214519,0.0853584,0.062415507,28.3,22.8,23.3,30.1,23.9,78.3,5.3,9,21.7,44.6,28.8,90.9,29.7,92.852066,7.1479373,0.71544564,493.6,127.7,0,1,0,0
2021,44314,S,1028,23 Y 16 N 1 NV,Florida,FL,1,25,0,4,1,"Sen. Harrell, Gayle B. [R]",1,0,0,1,0,1,0,0,0,0.493,2020,168063,118211,,286274,0.17414086,-0.27522242,26.4,26.6,21.2,27.6,24.5,64.5,15.2,16.9,35.5,49.7,27.5,87.5,24.8,99.74731,0.2526906,0.42390954,430.06668,118.333336,0,1,0,0
2021,44314,S,1028,23 Y 16 N 1 NV,Florida,FL,1,26,0,4,1,"Sen. Albritton, Ben [R]",1,0,0,1,0,0,0,0,0,0.748,2018,117979,63253,,181232,0.30196655,0.022074088,26.7,26.6,21.3,25.1,26.9,68.1,9.4,19.3,31.9,50.7,26.6,83.9,18.7,94.076195,5.9238076,0.19098507,472.225,265.825,0,1,0,0
2021,44314,S,1028,23 Y 16 N 1 NV,Florida,FL,1,27,0,4,1,"Sen. Rodrigues, Ray Wesley [R]",1,0,0,1,0,0,0,1,0,0.733,2020,176954,115537,,292491,0.20997912,-0.32342115,26.1,25,21,26.6,27.4,69.7,8.3,18.7,30.3,49.9,26.6,89,28.7,96.26958,3.730422,0.35106212,416.6,163.6,0,1,0,0
2021,44314,S,1028,23 Y 16 N 1 NV,Florida,FL,1,28,0,4,1,"Sen. Passidomo, Kathleen C. [R]",1,0,0,1,0,1,0,0,0,0.722,2018,138293,73000,,211293,0.30901638,-0.020269696,26,26.1,20.9,24.5,28.4,59.3,7.8,30.2,40.7,54.4,24.9,84.6,32,96.4502,3.5498009,0.29505587,481.23334,161.2,0,1,0,0
2021,44314,S,1028,23 Y 16 N 1 NV,Florida,FL,1,29,0,4,1,"Sen. Polsky, Tina [D]",0,1,0,0,1,1,0,0,0,,2020,156441,124502,,280943,0.11368498,-0.19522265,26.4,28,21.1,27.2,23.9,63.7,11,19,36.3,51.5,27.5,93,44.1,100,0,0.19089326,419.15,138.25,0,1,0,0
2021,44314,S,1028,23 Y 16 N 1 NV,Florida,FL,1,30,0,4,1,"Sen. Powell Jr., Bobby [D]",0,1,0,0,1,0,1,0,0,-1.155,2018,1,0,,1,1,0.06692963,30.8,27.7,25.1,26.7,20.4,51.6,22.6,20.8,48.4,45.5,32.3,88.4,35.3,99.36138,0.63861895,0.24022803,394.4,107.4,0,1,0,0
2021,44314,S,1028,23 Y 16 N 1 NV,Florida,FL,1,31,0,4,1,"Sen. Berman, Lori B. [D]",0,1,0,0,1,1,0,0,0,-1.355,2020,156495,95019,,251514,0.24442378,-0.641811,29.9,26.8,24.3,24.8,23.9,50.1,19.7,26.2,49.9,44.5,32.1,85.1,30.3,99.97592,0.024081709,0.3520067,394.4,107.4,0,1,0,0
2021,44314,S,1028,23 Y 16 N 1 NV,Florida,FL,1,32,0,4,1,"Sen. Book, Lauren Frances [D]",0,1,0,0,1,1,0,0,0,-0.809,2018,1,0,,1,1,0.1593837,32.9,32.4,26.6,28.2,12.9,41.4,13.5,37.2,58.6,49.7,32.1,92.7,41.9,100,0,0.36925063,443.9,169.1,0,1,0,0
2021,44314,S,1028,23 Y 16 N 1 NV,Florida,FL,1,34,0,4,1,"Sen. Farmer, Gary [D]",0,1,0,0,1,0,0,0,0,-2.118,2018,1,0,,1,1,-0.39304984,31.2,23.6,26.1,30,20.4,53.2,15.6,26.5,46.8,40.9,33.7,88.8,33.3,98.74766,1.2523403,1.1022657,443.9,169.1,0,1,0,0
2021,44314,S,1028,23 Y 16 N 1 NV,Florida,FL,1,35,0,4,1,"Sen. Jones, Shevrin \Shev\"" D. [D]""",0,1,1,0,1,0,1,1,0,-1.036,2020,188942,,590,189532,0.9968871,-0.5388426,35.3,32.4,28.3,25.6,13.8,11.8,48.4,35.1,88.2,37.2,42.8,84.9,22,99.998055,0.001944058,0.1702028,478.75,149.4,0,1,0,0
2021,44314,S,1028,23 Y 16 N 1 NV,Florida,FL,1,36,0,4,1,"Sen. Diaz Jr., Manny [R]",1,0,0,1,0,0,0,1,0,0.701,2018,66361,56395,,122756,0.08118544,-0.4709904,33.9,28.1,27.7,28.2,16,5.5,4.6,88.5,94.5,42.8,33.7,77.7,22.4,100,0,0.14390191,513.6,129.7,0,1,0,0
2021,44314,S,1028,23 Y 16 N 1 NV,Florida,FL,1,37,0,4,1,"Sen. Garcia, Ileana [R]",1,0,0,1,0,1,0,1,0,,2020,104630,104598,6382,215610,1.48E-04,-0.1813522,34.8,26.9,28.8,26.8,17.5,18.6,3.9,74.8,81.4,42.2,35.8,83.2,37.5,96.08328,3.9167182,0.3607578,513.6,129.7,0,1,0,0
2021,44314,S,1028,23 Y 16 N 1 NV,Florida,FL,1,38,0,4,1,"Sen. Pizzo, Jason W.B. [D]",0,1,0,0,1,0,0,1,0,,2018,1,0,,1,1,-0.20989768,36,27.7,29.9,26.7,15.6,24,31.2,41.7,76,36.7,40.5,83,33.1,99.28365,0.71634835,0.7039059,513.6,129.7,0,1,0,0
2021,44314,S,1028,23 Y 16 N 1 NV,Florida,FL,1,39,0,4,1,"Sen. Rodriguez, Ana Maria [R]",1,0,0,1,0,1,0,1,0,,2020,123556,95135,3639,222330,0.1278325,-0.43498996,34.5,31,28.1,25.8,15.1,17.2,11.1,69.6,82.8,42.3,34.5,79.3,25,91.45837,8.541633,0.30691484,517.7,112.7,0,1,0,0
2021,44314,S,1028,23 Y 16 N 1 NV,Florida,FL,1,40,0,4,1,"Sen. Taddeo, Annette [D]",0,1,0,0,1,1,0,1,0,-1.842,2018,90924,79068,,169992,0.06974446,-0.29598713,33.9,29.2,27,28.3,15.4,13.7,6.5,76.3,86.3,45.8,32.7,87.1,32.1,99.916626,0.08337248,0.35706615,513.6,129.7,0,1,0,0
2021,44314,S,1028,79 Y 37 N 4 NV,Florida,FL,0,1,0,2,1,"Rep. Salzman, Michelle Lynn [R]",1,0,0,1,0,1,0,0,0,,2020,57363,30485,,87848,0.3059603,0.34110656,33.7,30.4,25.3,26.8,17.3,67.9,19.7,4.7,32.1,43.3,32.9,91,24.7,58.85668,41.14332,0.25575867,534.1,325.3,0,1,0,0
2021,44314,S,1028,79 Y 37 N 4 NV,Florida,FL,0,2,0,2,1,"Rep. Andrade, Alex [R]",1,0,0,1,0,0,0,0,0,,2020,49953,39507,,89460,0.11676727,0.34958923,33.1,35.1,25,24.7,15.2,63.9,21.7,6.2,36.1,40.3,35.9,91.3,30.8,93.29318,6.7068186,0.2870649,497.05,309,0,1,0,0
2021,44314,S,1028,79 Y 37 N 4 NV,Florida,FL,0,3,0,2,1,"Rep. Williamson, Jayer [R]",1,0,0,1,0,0,0,0,0,0.745,2020,82702,25929,,108631,0.52262247,0.052905183,32.3,30.9,26.5,27.5,15.2,82.3,6.1,5.6,17.7,55.8,25.3,90.9,24.7,99.484726,0.5152704,0.4741406,493.65,289.8,0,1,0,0
2021,44314,S,1028,79 Y 37 N 4 NV,Florida,FL,0,4,0,2,1,"Rep. Maney, T. \Patt\"" Patterson [R]""",1,0,0,1,0,0,0,0,0,,2020,70208,27083,11,97302,0.44320774,0.35269725,35.9,31.5,28.2,24.9,15.4,72.3,10.2,9.5,27.7,50.1,28.8,92.2,32.3,99.889946,0.110051885,0.21236087,527.3,286.9,0,1,0,0
2021,44314,S,1028,79 Y 37 N 4 NV,Florida,FL,0,5,0,2,1,"Rep. Drake, Brad [R]",1,0,0,1,0,0,0,0,0,0.738,2020,1,0,,1,1,0.31459177,31.1,27.4,25.7,28.3,18.6,78.6,12.6,4.8,21.4,48.4,27.7,83.6,18.5,36.071102,63.928898,0.16837986,379.28,257.26,0,1,0,0
2021,44314,S,1028,79 Y 37 N 4 NV,Florida,FL,0,6,0,2,1,"Rep. Trumbull, Jay [R]",1,0,0,1,0,0,0,0,0,0.612,2020,61456,23848,,85304,0.44087029,0.2667625,32.9,29.9,26.6,26.9,16.7,75.6,11.4,6.5,24.4,48.2,28.1,90.7,23.6,86.4751,13.524899,0.20100202,368.6,227.2,0,1,0,0
2021,44314,S,1028,79 Y 37 N 4 NV,Florida,FL,0,7,0,2,1,"Rep. Shoaf, Jason [R]",1,0,0,1,0,0,0,0,0,,2020,55841,20696,,76537,0.45918968,0.21991444,32.7,26.9,26.8,28.4,17.9,71.2,20.6,5.3,28.8,45.5,31.7,82,15.3,55.347134,44.652866,0.1505174,457.92728,314.2,0,1,0,0
2021,44314,S,1028,79 Y 37 N 4 NV,Florida,FL,0,8,0,2,1,"Rep. Alexander, Ramon [D]",0,1,0,0,1,0,1,0,0,-1.146,2020,1,0,,1,1,-0.34261534,47.9,44.9,26.6,18.5,10.1,36,51.9,7.4,64,26.4,57.6,85.9,26.5,79.97078,20.02922,0.54593617,535.35,250.55,0,1,0,0
2021,44314,S,1028,79 Y 37 N 4 NV,Florida,FL,0,9,0,2,1,"Rep. Tant, Allison E. [D]",0,1,0,0,1,1,0,0,0,,2020,58868,42901,,101769,0.15689453,-0.13864742,33.2,34.6,24,25.8,15.7,69.9,17.2,6.2,30.1,49,34.7,96.3,54.6,88.396965,11.603032,0.28836763,567.76666,307.23334,0,1,0,0
2021,44314,S,1028,79 Y 37 N 4 NV,Florida,FL,0,10,0,2,1,"Rep. Brannan, Chuck [R]",1,0,0,1,0,0,0,0,0,,2020,58872,16456,,75328,0.5630841,0.11073325,31.3,30.5,24.7,27,17.7,73.6,16.7,6.8,26.4,46.7,29.5,84.2,14.8,17.36096,82.63904,0.1283349,403.56,287.4,0,1,0,0
2021,44314,S,1028,79 Y 37 N 4 NV,Florida,FL,0,11,0,2,1,"Rep. Byrd, Cord [R]",1,0,0,1,0,0,0,0,0,0.603,2020,76422,35686,,112108,0.3633639,0.2232376,32.4,27.9,26,27.8,18.3,82.8,6.9,5.4,17.2,53,26.9,93,36,27.965961,72.034035,0.28367063,399.1,213.4,0,1,0,0
2021,44314,S,1028,79 Y 37 N 4 NV,Florida,FL,0,12,0,2,1,"Rep. Yarborough, Clay [R]",1,0,0,1,0,0,0,0,0,0.767,2020,51715,34391,,86106,0.20119388,0.22900084,37.9,32.1,30.5,25.2,12.2,60.9,14.1,13.4,39.1,47.2,33.3,91.8,35.1,48.83383,51.16617,0.35048768,663,367.5,0,1,0,0
2021,44314,S,1028,79 Y 37 N 4 NV,Florida,FL,0,13,0,2,1,"Rep. Davis, Tracie [D]",0,1,0,0,1,1,1,0,0,-1.404,2020,1,0,,1,1,0.43197826,35.6,33.6,28.5,25.2,12.7,35.3,50.6,8.8,64.7,31.6,42.4,83.5,18.7,95.79633,4.2036676,0.54260546,663,367.5,0,1,0,0
2021,44314,S,1028,79 Y 37 N 4 NV,Florida,FL,0,14,0,2,1,"Rep. Nixon, Angela [D]",0,1,0,0,1,1,1,0,0,,2020,1,0,,1,1,-0.19454406,34.1,33.9,27.5,25.4,13.2,36.1,53.5,5.3,63.9,36.8,37,86.3,15.8,90.581474,9.418528,0.18194336,663,367.5,0,1,0,0
2021,44314,S,1028,79 Y 37 N 4 NV,Florida,FL,0,15,0,2,1,"Rep. Duggan, Wyman [R]",1,0,0,1,0,0,0,0,0,,2020,45360,39000,,84360,0.07539118,-0.29344988,35.5,33.8,28.3,25.8,12.1,54.2,28,9.6,45.8,45.8,33,88.9,24.1,100,0,0.5183229,535.9,294.65,0,1,0,0
2021,44314,S,1028,79 Y 37 N 4 NV,Florida,FL,0,16,0,2,1,"Rep. Fischer, Jason [R]",1,0,0,1,0,0,0,0,0,0.714,2020,59549,43901,,103450,0.15126148,0.32208544,36.4,28.2,30.3,26.3,15.3,67.2,11.5,10.9,32.8,50,30.2,93.8,42.1,100,0,0.31845793,663,367.5,0,1,0,0
2021,44314,S,1028,79 Y 37 N 4 NV,Florida,FL,0,17,0,2,1,"Rep. Stevenson, Cyndi [R]",1,0,0,1,0,1,0,0,0,0.643,2020,97932,46685,,144617,0.3543636,0.3034416,28.4,30.4,23.6,28.4,17.4,82.6,5.1,7,17.4,58.1,24.7,95.2,46.9,96.24649,3.7535133,0.096290715,663,367.5,0,1,0,0
2021,44314,S,1028,79 Y 37 N 4 NV,Florida,FL,0,18,0,2,1,"Rep. Garrison, Sam [R]",1,0,0,1,0,0,0,0,0,,2020,64759,28457,3099,96315,0.3769091,0.22971117,31.6,33.1,25.7,27.3,13.8,70.7,10.9,10.6,29.3,55.8,26.5,92.1,25.5,93.675354,6.324647,0.2527408,364.2,145.4,0,1,0,0
2021,44314,S,1028,79 Y 37 N 4 NV,Florida,FL,0,19,0,2,1,"Rep. Payne, Bobby [R]",1,0,0,1,0,0,0,0,0,0.728,2020,58184,21259,,79443,0.46479866,0.55758244,29.4,27.9,24,27.9,20.3,75.4,14.4,7.3,24.6,45.7,28.4,81.5,12.9,94.57714,5.4228587,0.36859968,405.9,143.45,0,1,0,0
2021,44314,S,1028,79 Y 37 N 4 NV,Florida,FL,0,20,0,2,1,"Rep. Hayes Hinson, Yvonne [D]",0,1,0,0,1,1,1,0,0,,2020,1,0,,1,1,0.039191723,43.1,36.9,28.1,22.4,12.7,51.6,32.5,8.5,48.4,30.3,49.9,86.5,27.1,81.6549,18.3451,0.55845183,382.33334,180.6,0,1,0,0
2021,44314,S,1028,79 Y 37 N 4 NV,Florida,FL,0,21,0,2,1,"Rep. Clemons, Chuck [R]",1,0,0,1,0,0,0,0,0,0.473,2020,48883,46817,,95700,0.021588298,0.0304303,35.9,38,23.1,22.7,16.2,72.9,9.5,9.5,27.1,43.4,40.3,92.6,43.6,31.676846,68.32316,0.4408368,424.25,214.85,0,1,0,0
2021,44314,S,1028,79 Y 37 N 4 NV,Florida,FL,0,22,0,2,1,"Rep. Harding, Joe B. [R]",1,0,0,1,0,0,0,0,0,,2020,63520,35011,,98531,0.2893404,0.08617415,23.3,22.9,19.3,26.3,31.4,71.9,8.3,14.7,28.1,51.5,22.4,87,19.2,76.00253,23.997467,0.22722484,387.9,265.03333,0,1,0,0
2021,44314,S,1028,79 Y 37 N 4 NV,Florida,FL,0,23,0,2,1,"Rep. McClain, Stan [R]",1,0,0,1,0,0,0,0,0,0.673,2020,58787,28882,,87669,0.34111258,-0.37083024,27.8,29.6,21.9,25.5,23,74.8,10.2,11.1,25.2,46.3,28.6,88,17.8,77.47269,22.52731,0.24385518,383.7,183,0,1,0,0
2021,44314,S,1028,79 Y 37 N 4 NV,Florida,FL,0,24,0,2,1,"Rep. Renner, Paul [R]",1,0,0,1,0,0,0,0,0,0.664,2020,70884,41553,,112437,0.26086608,0.15647988,23,23.1,18.5,28.5,29.9,77.7,8,10.6,22.3,53.4,23.6,91.5,25.3,84.58713,15.412872,0.3442013,383.7,183,0,1,0,0
2021,44314,S,1028,79 Y 37 N 4 NV,Florida,FL,0,25,0,2,1,"Rep. Leek, Tom [R]",1,0,0,1,0,0,0,0,0,0.681,2020,65675,36696,2407,104778,0.27657524,0.16953756,24.4,21.9,19.8,29.8,28.5,86.5,3.9,5.6,13.5,49.8,24.9,92.3,29.8,83.68089,16.319103,0.31627804,407.4,159,0,1,0,0
2021,44314,S,1028,79 Y 37 N 4 NV,Florida,FL,0,26,0,2,1,"Rep. Fetterhoff, Elizabeth [R]",1,0,0,1,0,1,0,0,0,,2020,44278,39164,,83442,0.06128808,0.06801089,31.6,30.2,23.1,26.4,20.3,63.3,21.6,10.5,36.7,37.4,35.7,87.9,21.5,88.34112,11.658884,0.35367733,407.4,159,0,1,0,0
2021,44314,S,1028,79 Y 37 N 4 NV,Florida,FL,0,27,0,2,1,"Rep. Barnaby, Webster [R]",1,0,0,1,0,0,1,0,0,,2020,49486,38583,,88069,0.12380066,-0.07918298,28.5,27.6,23.3,28.2,20.9,65.9,7.3,23.1,34.1,49.5,26.2,89.5,18.5,98.065926,1.9340755,0.41316193,395.83334,174.16667,0,1,0,0
2021,44314,S,1028,79 Y 37 N 4 NV,Florida,FL,0,28,0,2,1,"Rep. Smith, David A. [R]",1,0,0,1,0,0,0,1,0,,2020,51350,45288,2049,98687,0.06142653,0.027580854,33.4,32.2,25.9,28.4,13.6,62.2,10.4,20.3,37.8,51.2,31.6,94.2,37.8,90.902504,9.097495,0.36720937,396.4,180.5,0,1,0,0
2021,44314,S,1028,79 Y 37 N 4 NV,Florida,FL,0,29,0,2,1,"Rep. Plakon, Scott [R]",1,0,0,1,0,0,0,0,0,,2020,48411,44619,2760,95790,0.039586596,0.1901834,33,29.2,27.6,27.4,15.7,61.9,11.4,18.7,38.1,51.6,29.9,94.5,39.5,93.61363,6.3863716,0.15463267,396.4,180.5,0,1,0,0
2021,44314,S,1028,79 Y 37 N 4 NV,Florida,FL,0,30,0,2,1,"Rep. Goff-Marcil, Joy [D]",0,1,0,0,1,1,0,0,0,,2020,46713,41452,,88165,0.059672207,-0.007213832,37.8,28,31.3,25.4,15.2,57.6,13.3,22.5,42.4,41,36.6,93.1,38.1,98.96409,1.0359082,0.5251245,408.85,167.25,0,1,0,0
2021,44314,S,1028,79 Y 37 N 4 NV,Florida,FL,0,31,0,2,1,"Rep. Truenow, Keith [R]",1,0,0,1,0,0,0,0,0,,2020,58311,39403,,97714,0.19350348,0.11475333,27.5,27.7,22.4,27.4,22.5,68.1,11,16.9,31.9,52.9,25.1,87.3,23.2,99.08482,0.9151795,0.31421363,421.3,154,0,1,0,0
2021,44314,S,1028,79 Y 37 N 4 NV,Florida,FL,0,32,0,2,1,"Rep. Sabatini, Anthony [R]",1,0,0,1,0,0,0,0,0,,2020,63164,50226,,113390,0.114101775,0.28534505,28.1,28.4,22.8,25.3,23.5,64.3,11.1,19.3,35.7,55.2,25.6,89.8,24.2,86.05541,13.944591,0.32185096,421.3,154,0,1,0,0
2021,44314,S,1028,79 Y 37 N 4 NV,Florida,FL,0,33,0,2,1,"Rep. Hage, Brett [R]",1,0,0,1,0,0,0,0,0,,2020,93646,40370,,134016,0.3975346,0.09747104,14.7,11.9,12.4,23.3,52.4,85.5,6,5.9,14.5,61.3,14,91.3,28.3,89.5989,10.4011,0.32029337,421.3,154,0,1,0,0
2021,44314,S,1028,79 Y 37 N 4 NV,Florida,FL,0,34,0,2,1,"Rep. Massullo, Ralph [R]",1,0,0,1,0,0,0,0,0,0.665,2020,75745,25069,,100814,0.50266826,-0.092558965,20.2,20.7,16.1,28,35.2,88.2,2.7,5.7,11.8,52,20.8,88.1,17.7,99.98576,0.014235776,0.2573762,473.85,128.2,0,1,0,0
2021,44314,S,1028,79 Y 37 N 4 NV,Florida,FL,0,35,0,2,1,"Rep. Ingoglia, Blaise [R]",1,0,0,1,0,0,0,0,0,0.61,2020,60733,33761,,94494,0.28543612,0.0469044,25.3,25.7,20.5,26.6,27.3,77.5,5,13.4,22.5,51,24,87.3,17.4,100,0,0.21871021,482.95,195.45,0,1,0,0
2021,44314,S,1028,79 Y 37 N 4 NV,Florida,FL,0,36,0,2,1,"Rep. Mariano, Amber [R]",1,0,0,1,0,1,0,1,0,0.786,2020,51432,29726,,81158,0.2674536,-0.27632162,28,25.3,22.5,27.7,24.7,80.8,2.9,13.2,19.2,44,28.6,87.6,15.3,100,0,0.4082685,533.1,220.9,0,1,0,0
2021,44314,S,1028,79 Y 37 N 4 NV,Florida,FL,0,37,0,2,1,"Rep. Zika, Ardian [R]",1,0,0,1,0,0,0,0,0,,2020,71722,42436,,114158,0.2565392,0.043828834,27.8,27.6,23.1,28.2,21.1,78.6,4,12.1,21.4,54.1,24.7,91.4,28.5,99.681946,0.3180506,0.5005752,512.25,223.4,0,1,0,0
2021,44314,S,1028,79 Y 37 N 4 NV,Florida,FL,0,38,0,2,1,"Rep. Maggard, Randy [R]",1,0,0,1,0,0,0,0,0,,2020,57794,40642,,98436,0.1742452,-0.05142725,28.8,29.5,23.7,25.1,21.7,67.6,8.3,18.2,32.4,52.2,26.3,88.2,26.3,95.87267,4.12733,0.5223216,533.1,220.9,0,1,0,0
2021,44314,S,1028,79 Y 37 N 4 NV,Florida,FL,0,39,0,2,1,"Rep. Tomkow, Josie [R]",1,0,0,1,0,1,0,0,0,,2020,57449,40238,,97687,0.17618516,-0.26587462,31.8,29.7,25.8,25.7,18.8,66.1,8.6,21,33.9,50.5,30,86.7,21,100,0,0.55451965,512.25,223.4,0,1,0,0
2021,44314,S,1028,79 Y 37 N 4 NV,Florida,FL,0,40,0,2,1,"Rep. Burton, Colleen [R]",1,0,0,1,0,1,0,0,0,0.648,2020,45004,31555,2786,79345,0.16950029,0.089634456,31.9,32.2,24.3,25,18.5,62.2,16.5,17.1,37.8,44.5,34.4,87.9,23.9,99.998634,0.001364498,0.6098463,491.4,225.9,0,1,0,0
2021,44314,S,1028,79 Y 37 N 4 NV,Florida,FL,0,41,0,2,1,"Rep. Killebrew, Sam H. [R]",1,0,0,1,0,0,0,0,0,0.254,2020,51477,45050,,96527,0.066582404,0.17172764,28.8,30.1,23.6,23.7,22.6,54.4,17.7,24.3,45.6,48.1,29.4,83.1,19.4,88.248795,11.751208,0.37982932,491.4,225.9,0,1,0,0
2021,44314,S,1028,79 Y 37 N 4 NV,Florida,FL,0,42,0,2,1,"Rep. Hawkins Jr., Fred [R]",1,0,0,1,0,0,0,0,0,,2020,46615,45455,7474,99544,0.011653138,0.19658178,31.8,33.1,25.6,24.6,16.8,48.5,10.8,36.2,51.5,48.5,30.4,84.2,18,84.59122,15.408786,0.12280702,491.4,225.9,0,1,0,0
2021,44314,S,1028,79 Y 37 N 4 NV,Florida,FL,0,43,0,2,1,"Rep. Arrington, Kristen [D]",0,1,0,0,1,1,0,0,0,,2020,1,0,,1,1,0.16956891,37,34.7,30.1,23.3,11.9,20.5,11.5,63.5,79.5,42,38.5,85.4,18.2,64.8466,35.153397,0.25882688,491.4,225.9,0,1,0,0
2021,44314,S,1028,79 Y 37 N 4 NV,Florida,FL,0,44,0,2,1,"Rep. Thompson, Geraldine \Geri\"" F. [D]""",0,1,0,0,1,1,1,0,0,-1.383,2020,61654,55950,,117604,0.048501752,0.06298832,36.6,32.5,30.4,26.3,10.8,56.9,9,21.6,43.1,56.1,30.2,94.2,51.3,74.7534,25.246597,0.5461003,491.4,225.9,0,1,0,0
2021,44314,S,1028,79 Y 37 N 4 NV,Florida,FL,0,45,0,2,1,"Rep. Brown, Kamia L. [D]",0,1,0,0,1,1,1,0,0,-1.445,2020,1,0,,1,1,0.046002828,35.6,35.6,28.5,24.8,10.9,27.4,44.6,21.3,72.6,41.2,37.9,82.9,21.3,98.91172,1.0882785,0.36163393,482.95,195.45,0,1,0,0
2021,44314,S,1028,79 Y 37 N 4 NV,Florida,FL,0,46,0,2,1,"Rep. McCurdy, Travaris Leon [D]",0,1,0,0,1,0,1,0,0,,2020,1,0,,1,1,-0.007058288,43.7,35.4,34.6,21.1,8.8,18.3,49.1,26.3,81.7,29.7,48.9,82.6,20.1,94.36498,5.635021,0.6062488,474.5,165,0,1,0,0
2021,44314,S,1028,79 Y 37 N 4 NV,Florida,FL,0,47,0,2,1,"Rep. Eskamani, Anna V. [D]",0,1,0,0,1,1,0,0,1,,2020,59494,41321,,100815,0.18026087,0.12987743,39.4,24.6,33.3,27.1,14.9,63,7.2,23.1,37,40.6,38.7,92.9,44.4,97.21965,2.780348,1.1771812,482.95,195.45,0,1,0,0
2021,44314,S,1028,79 Y 37 N 4 NV,Florida,FL,0,48,0,2,1,"Rep. Morales, Daisy [D]",0,1,0,0,1,1,0,1,0,,2020,47341,25197,,72538,0.3052745,0.004950633,38.9,32.3,31.8,24.5,11.4,21.3,10.1,59.8,78.7,41.9,36.7,85.4,22.9,98.57778,1.4222157,0.38529626,416,233,0,1,0,0
2021,44314,S,1028,79 Y 37 N 4 NV,Florida,FL,0,50,0,2,1,"Rep. Plasencia, Rene \Coach P\"" [R]""",1,0,0,1,0,0,0,1,0,0.196,2020,62790,47004,,109794,0.14377835,-0.16723387,34.4,30.4,28.6,26.5,14.5,58.1,10.1,23.5,41.9,53.4,29.1,91.7,36.2,100,0,0.18253344,416,233,0,1,0,0
2021,44314,S,1028,79 Y 37 N 4 NV,Florida,FL,0,51,0,2,1,"Rep. Sirois, Tyler [R]",1,0,0,1,0,0,0,0,0,,2020,59405,36694,,96099,0.2363292,0.002582321,26.4,25.3,21.1,31.4,22.2,76.5,10.2,8.5,23.5,49.4,26.4,91.5,29,100,0,0.35855362,416,233,0,1,0,0
2021,44314,S,1028,79 Y 37 N 4 NV,Florida,FL,0,52,0,2,1,"Rep. Altman, Thad [R]",1,0,0,1,0,0,0,0,0,0.472,2020,70949,42912,,113861,0.24623883,-0.23485981,25.5,25.3,20.6,30.2,23.9,79.2,5.2,10,20.8,49.6,25.5,94.4,37.6,100,0,0.18972684,334.9,98.8,0,1,0,0
2021,44314,S,1028,79 Y 37 N 4 NV,Florida,FL,0,53,0,2,1,"Rep. Fine, Randy [R]",1,0,0,1,0,0,0,0,0,0.565,2020,55938,44794,13,100745,0.11061591,-0.2624708,28.7,28.2,22.5,27.1,22.3,66.9,13.6,13.2,33.1,47.9,28.9,90.3,23.2,100,0,0.2500738,330.7,110.15,0,1,0,0
2021,44314,S,1028,79 Y 37 N 4 NV,Florida,FL,0,54,0,2,1,"Rep. Grall, Erin K. [R]",1,0,0,1,0,1,0,0,0,0.44,2020,69344,35864,,105208,0.31822675,-0.12923159,23,23.4,18.1,26.9,31.6,75,9.9,11.7,25,49.9,24.9,88.3,27.1,99.95973,0.040265974,0.19767353,294.5,112.3,0,1,0,0
2021,44314,S,1028,79 Y 37 N 4 NV,Florida,FL,0,55,0,2,1,"Rep. Tuck, Kaylee Alexis [R]",1,0,0,1,0,1,0,0,0,,2020,51946,22475,3,74424,0.39598784,-0.5015193,25.4,25.3,20.4,24.3,29.9,66.2,9,21.1,33.8,51.1,24.3,81.5,15.1,99.748024,0.25197268,0.10231192,294.5,112.3,0,1,0,0
2021,44314,S,1028,79 Y 37 N 4 NV,Florida,FL,0,56,0,2,1,"Rep. Bell, Melony [R]",1,0,0,1,0,1,0,0,0,,2020,45397,22069,,67466,0.34577417,0.011623019,32.2,32.6,25.7,23.9,17.8,58,11.7,27.6,42,47.4,32.9,81.1,17.3,99.23852,0.7614825,0.23776846,294.5,112.3,0,1,0,0
2021,44314,S,1028,79 Y 37 N 4 NV,Florida,FL,0,57,0,2,1,"Rep. Beltran, Mike [R]",1,0,0,1,0,0,0,0,0,,2020,67139,56144,,123283,0.089185044,0.039025106,29.9,32.1,25.5,24.4,18,60.2,10.3,23.3,39.8,57.1,24.9,90.2,33.9,99.95553,0.044470385,0.34715524,493.6,127.7,0,1,0,0
2021,44314,S,1028,79 Y 37 N 4 NV,Florida,FL,0,58,0,2,1,"Rep. McClure, Lawrence [R]",1,0,0,1,0,0,0,0,0,0.726,2020,40873,32435,,73308,0.1151034,-0.24304247,34.8,34.8,27.7,24.4,13.2,54.9,13.6,25.4,45.1,46.4,33.6,83.2,22.9,100,0,0.42785832,493.6,127.7,0,1,0,0
2021,44314,S,1028,79 Y 37 N 4 NV,Florida,FL,0,59,0,2,1,"Rep. Learned, Andrew Phillips [D]",0,1,0,0,1,0,0,0,0,,2020,45683,44413,,90096,0.014096075,-0.53170884,36.7,30.7,30.5,26,12.7,51.1,15.5,25.8,48.9,46.9,32.8,91.7,29.9,99.98247,0.017533233,0.5903188,493.6,127.7,0,1,0,0
2021,44314,S,1028,79 Y 37 N 4 NV,Florida,FL,0,60,0,2,1,"Rep. Toledo, Jackie [R]",1,0,0,1,0,1,0,1,0,0.658,2020,57502,48352,,105854,0.08643981,-0.018029671,36.4,27.8,31.1,26.7,14.3,68,6.4,19.3,32,46.2,34.7,93.2,48,96.87101,3.1289876,0.94067234,493.6,127.7,0,1,0,0
2021,44314,S,1028,79 Y 37 N 4 NV,Florida,FL,0,61,0,2,1,"Rep. Hart, Dianne \Ms Dee\"" [D]""",0,1,0,0,1,1,1,0,0,,2020,1,0,,1,1,-0.059262868,36.9,35.4,29.5,23.6,11.4,22.3,46.6,27.4,77.7,28.3,47,79.8,17.3,88.23055,11.769448,0.8153756,547.35,176.9,0,1,0,0
2021,44314,S,1028,79 Y 37 N 4 NV,Florida,FL,0,62,0,2,1,"Rep. Valdes, Susan L. [D]",0,1,0,0,1,1,0,1,0,,2020,38403,25136,3183,66722,0.19883996,0.08891712,37.5,29.1,30.9,26.1,13.8,27.5,9.8,56.9,72.5,39.8,36.8,82.9,22,87.62457,12.375424,0.58884865,547.35,176.9,0,1,0,0
2021,44314,S,1028,79 Y 37 N 4 NV,Florida,FL,0,63,0,2,1,"Rep. Driskell, Fentrice [D]",0,1,0,0,1,1,1,0,0,,2020,1,0,,1,1,0.257256,38.7,36.3,27.4,24.4,11.9,52.6,12.9,22.6,47.4,42.9,40.3,92,43.6,90.00306,9.996937,0.35664093,601.1,226.1,0,1,0,0
2021,44314,S,1028,79 Y 37 N 4 NV,Florida,FL,0,64,0,2,1,"Rep. Koster, Traci [R]",1,0,0,1,0,1,0,0,0,,2020,55874,47426,,103300,0.08178122,0.04693141,29.2,28.1,24.3,30.9,16.6,69.7,5,17.5,30.3,54.5,25.7,95.4,45.4,88.5001,11.4999,0.4429901,601.1,226.1,0,1,0,0
2021,44314,S,1028,79 Y 37 N 4 NV,Florida,FL,0,65,0,2,1,"Rep. Sprowls, Chris [R]",1,0,0,1,0,0,0,0,0,0.479,2020,63787,40539,,104326,0.22283994,-0.055174097,23,21.8,19,30.2,29,84.2,3.2,7.4,15.8,50.8,23.6,93.2,34.3,82.52878,17.471218,0.42172506,601.1,226.1,0,1,0,0
2021,44314,S,1028,79 Y 37 N 4 NV,Florida,FL,0,66,0,2,1,"Rep. DiCeglie, Nicola \Nick\"" G. [R]""",1,0,0,1,0,0,0,0,0,,2020,56074,39522,,95596,0.17314532,0.28799695,25,21.8,20.6,30.2,27.4,80.2,7.2,7.2,19.8,47.1,25.8,91.4,29.5,81.19749,18.802515,0.4339245,601.1,226.1,0,1,0,0
2021,44314,S,1028,79 Y 37 N 4 NV,Florida,FL,0,67,0,2,1,"Rep. Latvala, Chris [R]",1,0,0,1,0,0,0,0,0,0.212,2020,47018,35457,,82475,0.1401758,0.027501723,30.4,25.3,24.8,28,22.1,70.4,7.5,17.1,29.6,41.3,31.4,89.3,23.9,90.674866,9.325135,0.68043137,601.1,226.1,0,1,0,0
2021,44314,S,1028,79 Y 37 N 4 NV,Florida,FL,0,68,0,2,1,"Rep. Diamond, Ben [D]",0,1,0,0,1,0,0,0,0,-1.186,2020,49905,42785,,92690,0.07681519,-0.045583624,33.1,24,27.8,29.1,19.1,75.4,6.4,9.2,24.6,40.5,33.3,90.7,34.5,99.49233,0.50767,0.9410912,601.1,226.1,0,1,0,0
2021,44314,S,1028,79 Y 37 N 4 NV,Florida,FL,0,70,0,2,1,"Rep. Rayner, Michele [D]",0,1,1,0,1,1,1,0,0,,2020,1,0,,1,1,0.028755091,33.5,33.1,26.5,24.4,16.1,32.9,43.7,19.8,67.1,33.6,42,82.2,19.5,96.721504,3.2784963,0.788088,459.3,171.8,0,1,0,0
2021,44314,S,1028,79 Y 37 N 4 NV,Florida,FL,0,71,0,2,1,"Rep. Robinson, Will [R]",1,0,0,1,0,0,0,0,0,,2020,51751,37745,,89496,0.15649861,-0.017793613,23.7,22.8,18.8,26.2,32.2,76,5.5,14.8,24,47.1,25.7,89.4,30.2,94.10587,5.89413,0.4963869,317.5,117.5,0,1,0,0
2021,44314,S,1028,79 Y 37 N 4 NV,Florida,FL,0,72,0,2,1,"Rep. McFarland, Fiona [R]",1,0,0,1,0,1,0,0,0,,2020,54902,45617,,100519,0.0923706,0.27105436,24.1,21.1,19.6,28.1,31.2,81.2,2.3,13.6,18.8,48.4,24.1,92.5,36.4,78.44092,21.559086,0.39069742,317.5,117.5,0,1,0,0
2021,44314,S,1028,79 Y 37 N 4 NV,Florida,FL,0,73,0,2,1,"Rep. Gregory, Tommy [R]",1,0,0,1,0,0,0,0,0,,2020,90503,49822,,140325,0.28990558,-0.0317616,23.2,23.6,19.3,29.6,27.5,83.4,2.8,9.2,16.6,62.3,19.5,94.6,38.9,97.98425,2.015745,0.299167,544.7,179.5,0,1,0,0
2021,44314,S,1028,79 Y 37 N 4 NV,Florida,FL,0,74,0,2,1,"Rep. Buchanan, James Vernon [R]",1,0,0,1,0,0,0,0,0,,2020,73420,44858,,118278,0.24148193,0.10785401,18.4,18.7,14.6,26.5,40.2,88.2,3.4,4.7,11.8,57.8,17.9,93.5,29.9,88.357796,11.642208,0.46323776,544.7,179.5,0,1,0,0
2021,44314,S,1028,79 Y 37 N 4 NV,Florida,FL,0,75,0,2,1,"Rep. Grant, Michael L. [R]",1,0,0,1,0,0,0,0,0,0.628,2020,72913,39972,,112885,0.29181024,0.1513399,18.9,17.9,14.9,28.1,39,84.1,5.3,7,15.9,55.3,19.2,90.3,23.2,98.33793,1.6620725,0.17859487,512.1,160.45,0,1,0,0
2021,44314,S,1028,79 Y 37 N 4 NV,Florida,FL,0,76,0,2,1,"Rep. Botana, Adam [R]",1,0,0,1,0,0,0,1,0,,2020,68286,35960,,104246,0.31009343,0.140779,20.7,18.1,16.4,24.4,41.3,80,2,15.2,20,59.4,18.6,91,38.6,96.82806,3.1719472,0.2401504,411.3,159.96666,0,1,0,0
2021,44314,S,1028,79 Y 37 N 4 NV,Florida,FL,0,77,0,2,1,"Rep. Giallombardo, Mike [R]",1,0,0,1,0,0,0,0,0,,2020,66165,36797,,102962,0.28523144,0.08676436,26.1,25.1,21.5,30.1,23.3,73.2,4.6,19.2,26.8,51.7,24.7,91.7,23.8,68.65326,31.346739,0.4337646,416.6,163.6,0,1,0,0
2021,44314,S,1028,79 Y 37 N 4 NV,Florida,FL,0,78,0,2,1,"Rep. Persons-Mulicka, Jenna [R]",1,0,0,1,0,1,0,0,0,,2020,52464,38792,,91256,0.14982028,-0.32427073,28.9,26.3,22.9,24.9,25.7,63.4,12.4,20.1,36.6,44.7,31.7,86.2,32.4,94.99095,5.00905,0.40897712,416.6,163.6,0,1,0,0
2021,44314,S,1028,79 Y 37 N 4 NV,Florida,FL,0,79,0,2,1,"Rep. Roach, Spencer [R]",1,0,0,1,0,0,0,0,0,,2020,46239,29933,,76172,0.21406816,-0.08001236,28.9,30.5,23.6,24.8,21.2,56.1,13.1,27.7,43.9,45.9,30.3,82.8,16.3,80.477394,19.522606,0.38802314,416.6,163.6,0,1,0,0
2021,44314,S,1028,79 Y 37 N 4 NV,Florida,FL,0,80,0,2,1,"Rep. Melo, Lauren [R]",1,0,0,1,0,1,0,0,0,,2020,54859,30747,,85606,0.2816625,0.17848079,28.5,31.8,22.4,24.1,21.6,52.7,7.5,36.8,47.3,54.5,28,79.4,27.5,93.632515,6.367481,0.17573494,516.45,160.5,0,1,0,0
2021,44314,S,1028,79 Y 37 N 4 NV,Florida,FL,0,81,0,2,1,"Rep. Skidmore, Kelly [D]",0,1,0,0,1,1,0,0,0,-1.199,2020,52204,36126,,88330,0.18202196,0.09076706,27.4,29.1,22,26.3,22.5,55.3,17.2,21.9,44.7,51.1,28.9,87.5,36.8,98.36298,1.6370136,0.21523458,616.3,157.4,0,1,0,0
2021,44314,S,1028,79 Y 37 N 4 NV,Florida,FL,0,82,0,2,1,"Rep. Snyder, John [R]",1,0,0,1,0,0,0,0,0,,2020,64879,35136,,100015,0.2973854,0.014795851,24.5,24.2,20.2,29.5,26.1,76.9,4.3,15.5,23.1,51.2,25.8,90.9,37.9,95.93009,4.0699105,0.17878427,513.55,160,0,1,0,0
2021,44314,S,1028,79 Y 37 N 4 NV,Florida,FL,0,83,0,2,1,"Rep. Overdorf, Toby [R]",1,0,0,1,0,0,0,0,0,,2020,58993,46047,,105040,0.12324829,-0.049545493,28.1,27.4,22.9,26.7,22.9,64.8,14.9,17,35.2,52.3,26.6,90,27.2,98.47952,1.5204765,0.41377804,531.975,353.425,0,1,0,0
2021,44314,S,1028,79 Y 37 N 4 NV,Florida,FL,0,84,0,2,1,"Rep. Trabulsy, Dana [R]",1,0,0,1,0,1,0,0,0,,2020,46373,41179,,87552,0.059324745,-0.3654018,25.8,26.4,20.7,26.5,26.3,58.5,19.7,17.7,41.5,46.6,28.6,85.4,19.8,98.19649,1.8035114,0.5268608,360.9,105.3,0,1,0,0
2021,44314,S,1028,79 Y 37 N 4 NV,Florida,FL,0,85,0,2,1,"Rep. Roth, Rick [R]",1,0,0,1,0,0,0,0,0,0.436,2020,61107,47008,,108115,0.13040744,-0.16772601,28.1,24.2,23.2,30.1,22.7,72.4,8.8,13.4,27.6,53.6,25.3,92.8,39.6,96.61618,3.383817,0.32042643,447.9,123.8,0,1,0,0
2021,44314,S,1028,79 Y 37 N 4 NV,Florida,FL,0,86,0,2,1,"Rep. Willhite, Matt [D]",0,1,0,0,1,0,0,0,0,-0.688,2020,49820,37911,,87731,0.1357445,-0.41879597,30,31.5,23.9,26.5,18.1,50,20.7,23.1,50,49.2,30.6,89.9,35.5,100,0,0.18675666,464.65,124.85,0,1,0,0
2021,44314,S,1028,79 Y 37 N 4 NV,Florida,FL,0,87,0,2,1,"Rep. Silvers, David [D]",0,1,0,0,1,0,0,0,0,-1.084,2020,30537,18254,,48791,0.25174725,-0.10439842,37.3,35.8,30.3,23.2,10.7,23.6,15.9,57.4,76.4,36.9,42,72.6,15.3,100,0,0.33137608,394.4,107.4,0,1,0,0
2021,44314,S,1028,79 Y 37 N 4 NV,Florida,FL,0,88,0,2,1,"Rep. Hardy, Omari [D]",0,1,0,0,1,0,1,0,0,,2020,53248,16396,2487,72131,0.5109038,-0.2740645,36.2,32.3,28.6,25.3,13.9,25.7,54.8,16,74.3,34,44.5,80.2,23.2,100,0,0.3227811,394.4,107.4,0,1,0,0
2021,44314,S,1028,79 Y 37 N 4 NV,Florida,FL,0,89,0,2,1,"Rep. Caruso, Mike [R]",1,0,0,1,0,0,0,0,0,,2020,56409,45168,,101577,0.110664815,-0.3079971,26.6,20.4,21.3,28,30.4,75.3,7.7,12.2,24.7,46.4,29.4,93.4,47.9,100,0,0.36611554,394.4,107.4,0,1,0,0
2021,44314,S,1028,79 Y 37 N 4 NV,Florida,FL,0,90,0,2,1,"Rep. Casello, Joseph \Joe\"" A. [D]""",1,0,0,0,1,0,0,0,0,,2020,52386,35537,,87923,0.19163358,-0.22654837,28.7,27.6,23.3,26.2,22.8,53.7,17.8,23,46.3,47.7,29.7,88.3,31.3,100,0,0.28876513,394.4,107.4,0,1,0,0
2021,44314,S,1028,79 Y 37 N 4 NV,Florida,FL,0,91,0,2,1,"Rep. Slosberg, Emily [D]",0,1,0,0,1,1,0,0,0,-1.152,2020,68053,38763,,106816,0.27420986,-0.18959102,17.8,16,14.5,22.7,46.8,79,7.4,9.9,21,52.1,19.8,95.2,46.1,99.94717,0.052832767,0.2124824,394.4,107.4,0,1,0,0
2021,44314,S,1028,79 Y 37 N 4 NV,Florida,FL,0,92,0,2,1,"Rep. Hawkins-Williams, Patricia [D]",0,1,0,0,1,1,1,0,0,,2020,49496,11485,,60981,0.6233253,-0.5924533,34.8,28.9,28.5,25.3,17.2,33.8,38.3,23.2,66.2,36.4,38.8,81.7,21.7,100,0,0.898793,394.4,107.4,0,1,0,0
2021,44314,S,1028,79 Y 37 N 4 NV,Florida,FL,0,93,0,2,1,"Rep. LaMarca, Chip [R]",1,0,0,1,0,0,0,0,0,,2020,54593,44239,,98832,0.10476364,-0.5715322,26,18.5,22.5,33.9,25.2,72.3,7.1,15.8,27.7,45.2,29.9,92.8,42.7,100,0,1.50136,394.4,107.4,0,1,0,0
2021,44314,S,1028,79 Y 37 N 4 NV,Florida,FL,0,94,0,2,1,"Rep. Dubose, Bobby [D]",0,1,0,0,1,0,1,0,0,-1.211,2020,1,0,,1,1,-0.50419176,35.2,30.3,29.3,27.1,13.2,24.5,57.3,15.2,75.5,31.3,45.5,82,23.9,100,0,1.4941792,394.4,107.4,0,1,0,0
2021,44314,S,1028,79 Y 37 N 4 NV,Florida,FL,0,96,0,2,1,"Rep. Hunschofsky, Christine Maria [D]",0,1,0,0,1,1,0,0,0,,2020,1,0,,1,1,-0.28895602,30.3,30,24.8,28.4,16.8,51,17.1,24.4,49,49.5,28.7,92.1,35.2,100,0,0.1953003,443.9,169.1,0,1,0,0
2021,44314,S,1028,79 Y 37 N 4 NV,Florida,FL,0,97,0,2,1,"Rep. Daley, Dan [D]",0,1,0,0,1,0,0,0,0,,2020,1,0,,1,1,-0.2096961,32.7,30.9,27,26.5,15.7,40.8,21.5,30.3,59.2,45.8,32.1,91.3,35.1,99.86639,0.1336117,0.25914738,443.9,169.1,0,1,0,0
2021,44314,S,1028,79 Y 37 N 4 NV,Florida,FL,0,98,0,2,1,"Rep. Gottlieb, Michael A. [D]",0,1,0,0,1,0,0,0,0,-1.562,2020,1,0,,1,1,-0.2107431,34.1,29.1,27.7,27.7,15.6,45.8,13.9,32.3,54.2,46.9,32,92.8,40.1,100,0,0.46654755,443.9,169.1,0,1,0,0
2021,44314,S,1028,79 Y 37 N 4 NV,Florida,FL,0,99,0,2,1,"Rep. Jenne, Evan Boyd [D]",0,1,0,0,1,0,0,0,0,-1.439,2020,1,0,,1,1,-0.121666834,33.6,31.2,27.5,27.5,13.8,43.2,12.7,36.5,56.8,43.9,35.5,88.9,32.6,100,0,0.44298467,443.9,169.1,0,1,0,0
2021,44314,S,1028,79 Y 37 N 4 NV,Florida,FL,0,100,0,2,1,"Rep. Geller, Joseph \Joe\"" S. [D]""",0,1,0,0,1,0,0,0,0,-1.409,2020,1,0,,1,1,-0.26100847,29.2,21.6,25,29.5,23.9,52.4,4.8,39.1,47.6,46,26.4,92.3,43.6,100,0,0.56392974,443.9,169.1,0,1,0,0
2021,44314,S,1028,79 Y 37 N 4 NV,Florida,FL,0,101,0,2,1,"Rep. Woodson, Marie P. [D]",0,1,0,0,1,1,1,0,0,,2020,51222,17935,,69157,0.4813251,-0.114793606,36.8,31.6,29.6,26,12.7,21.8,36.6,37.3,78.2,37.8,39.9,83.6,18.4,90.39049,9.609514,0.4730301,443.9,169.1,0,1,0,0
2021,44314,S,1028,79 Y 37 N 4 NV,Florida,FL,0,102,0,2,1,"Rep. Robinson, Felicia Simone [D]",0,1,0,0,1,1,1,0,0,,2020,1,0,,1,1,-0.17634463,37,31.7,29.9,25.1,13.4,9.4,48.6,38.5,90.6,34.5,45,86.2,20.5,100,0,0.24660912,443.9,169.1,0,1,0,0
2021,44314,S,1028,79 Y 37 N 4 NV,Florida,FL,0,103,0,2,1,"Rep. Fabricio, Thomas \Tom\"" P. [R]""",1,0,0,1,0,0,0,0,0,,2020,41726,35298,,77024,0.083454505,-0.48008257,34.8,30.7,28.3,28.1,12.8,7.3,6.7,82,92.7,48.4,32,84.7,28.7,100,0,0.08751043,443.9,169.1,0,1,0,0
2021,44314,S,1028,79 Y 37 N 4 NV,Florida,FL,0,104,0,2,1,"Rep. Bartleman, Robin [D]",0,1,0,0,1,1,0,0,0,,2020,50865,36921,,87786,0.15884082,-0.49245977,27.9,32.9,21.8,29.6,15.8,35.2,9.4,48.2,64.8,55.6,28,94.9,47.2,100,0,0.3088962,478.75,149.4,0,1,0,0
2021,44314,S,1028,79 Y 37 N 4 NV,Florida,FL,0,105,0,2,1,"Rep. Borrero, David [R]",1,0,0,1,0,0,0,1,0,,2020,38437,33166,,71603,0.07361423,-0.42830765,35,31.8,28,26.4,13.6,16.9,8.4,70.3,83.1,45.9,33.7,80.1,29.1,100,0,0.1872926,478.75,149.4,0,1,0,0
2021,44314,S,1028,79 Y 37 N 4 NV,Florida,FL,0,106,0,2,1,"Rep. Rommel, Bob [R]",1,0,0,1,0,0,0,0,0,1.746,2020,69786,36063,,105849,0.31859535,-0.47643334,18.1,16.1,14.8,26.2,42.7,79.7,4.2,13.8,20.3,58.4,17.8,92.6,43.8,100,0,0.2728334,513.6,129.7,0,1,0,0
2021,44314,S,1028,79 Y 37 N 4 NV,Florida,FL,0,107,0,2,1,"Rep. Benjamin, Christopher [D]",0,1,0,0,1,0,1,0,0,,2020,1,0,,1,1,-0.45820186,35.8,33.1,28.6,25.2,13.1,13.7,57.1,25.4,86.3,36.4,44.8,81.3,21.6,100,0,0.18557741,513.6,129.7,0,1,0,0
2021,44314,S,1028,79 Y 37 N 4 NV,Florida,FL,0,108,0,2,1,"Rep. Joseph, Dotie [D]",0,1,0,0,1,1,1,0,0,,2020,1,0,,1,1,-0.48224398,36.3,32.3,28.9,25.4,13.5,9.9,60,27.4,90.1,31.1,47.9,76.5,20.9,100,0,0.59278446,513.6,129.7,0,1,0,0
2021,44314,S,1028,79 Y 37 N 4 NV,Florida,FL,0,109,0,2,1,"Rep. Bush III, James [D]",1,0,0,0,1,0,1,0,0,-1.147,2020,1,0,,1,1,-0.57244074,36.7,31,29.7,26.4,12.9,6.9,42.7,48.8,93.1,28.1,48.7,73.3,18.6,100,0,0.367475,513.6,129.7,0,1,0,0
2021,44314,S,1028,79 Y 37 N 4 NV,Florida,FL,0,110,0,2,1,"Rep. Rizo Jr., Alejandro \Alex\"" [R]""",1,0,0,1,0,0,0,1,0,,2020,34023,22891,,56914,0.19559336,-0.26880717,33.4,27.3,27.5,27.5,17.8,5,2.9,91,95,41.9,32.7,76.4,19.3,100,0,0.22290488,513.6,129.7,0,1,0,0
2021,44314,S,1028,79 Y 37 N 4 NV,Florida,FL,0,111,0,2,1,"Rep. Avila, Bryan [R]",1,0,0,1,0,0,0,1,0,0.649,2020,32443,17567,,50010,0.2974605,-0.3440912,32.5,23.8,27.1,29.1,19.9,4.8,1.3,93.2,95.2,38.4,36.3,70.4,16.2,100,0,0.037171267,513.6,129.7,0,1,0,0
2021,44314,S,1028,79 Y 37 N 4 NV,Florida,FL,0,113,0,2,1,"Rep. Grieco, Michael [D]",0,1,0,0,1,0,0,0,0,,2020,1,0,,1,1,-0.44700968,39.4,22.2,34.4,27.1,16.2,25.1,3,69.3,74.9,38.2,37.8,81.6,36.7,100,0,0.91198844,513.6,129.7,0,1,0,0
2021,44314,S,1028,79 Y 37 N 4 NV,Florida,FL,0,114,0,2,1,"Rep. Busatta Cabrera, Demi [R]",1,0,0,1,0,1,0,1,0,,2020,43443,36434,,79877,0.08774741,-0.24775456,32,29.6,25.5,27.4,17.5,21.6,5.1,70.2,78.4,44.9,33.5,86.9,38.4,100,0,0.42264012,513.6,129.7,0,1,0,0
2021,44314,S,1028,79 Y 37 N 4 NV,Florida,FL,0,115,0,2,1,"Rep. Aloupis, Vance [R]",1,0,0,1,0,0,0,1,0,,2020,47544,35412,,82956,0.14624621,-0.12803671,33.6,27.4,27.3,29,16.3,21.2,3.6,70,78.8,47.2,31.9,89.6,41.5,100,0,0.28384158,513.6,129.7,0,1,0,0
2021,44314,S,1028,79 Y 37 N 4 NV,Florida,FL,0,116,0,2,1,"Rep. Perez, Daniel [R]",1,0,0,1,0,0,0,1,0,0.725,2020,48804,28924,11,77739,0.2557275,-0.24712245,33.2,26.6,26.8,27.1,19.5,10.5,1.4,86,89.5,43.8,32,85,33.4,99.99562,0.004377996,0.2872937,513.6,129.7,0,1,0,0
2021,44314,S,1028,79 Y 37 N 4 NV,Florida,FL,0,117,0,2,1,"Rep. Chambliss, Kevin Dykemia [D]",0,1,0,0,1,0,1,0,0,,2020,1,0,,1,1,-0.34363785,35.7,39.4,28.9,22.1,9.5,7,30.3,60.2,93,36.5,41.2,75,17.2,99.94143,0.058572218,0.27920616,513.6,129.7,0,1,0,0
2021,44314,S,1028,79 Y 37 N 4 NV,Florida,FL,0,118,0,2,1,"Rep. Rodriguez, Anthony [R]",1,0,0,1,0,0,0,1,0,,2020,47017,31261,,78278,0.2012826,-0.39024106,33.1,28.3,26.8,29.1,15.7,13.1,3.7,80.4,86.9,47.1,31.4,86,28.3,99.96338,0.03662333,0.4226613,513.6,129.7,0,1,0,0
2021,44314,S,1028,79 Y 37 N 4 NV,Florida,FL,0,119,0,2,1,"Rep. Fernandez-Barquin, Juan [R]",1,0,0,1,0,0,0,1,0,,2020,50810,26979,,77789,0.30635437,-0.15833078,34.8,30.4,27.1,28.2,14.3,9.1,1.4,86.6,90.9,47.4,32.2,85.5,32.4,97.0667,2.9332962,0.2964695,513.6,129.7,0,1,0,0
2021,44314,S,1028,79 Y 37 N 4 NV,Florida,FL,0,120,0,2,1,"Rep. Mooney Jr., James \Jim\"" Vernon [R]""",1,0,0,1,0,0,0,0,0,,2020,45698,37426,,83124,0.09951398,-0.036025304,33.7,28.6,27.8,27.4,16.2,39.9,9.3,48.2,60.1,45.6,32.2,83.4,26.4,90.518745,9.481258,0.47088885,517.7,112.7,0,1,0,0
2022,44616,SB,435,34_22,Georgia ,GA,1,1,0,2,1,"Sen. Watson, Ben [R]",1,0,0,1,0,0,0,0,0,0.812,2020,72192,0,,72192,1,0.22593753,,33.5,27.7,24.6,14.3,65.2,21.4,7.8,34.8,55.4,26.3,92.4,34.9,79.30605,20.693943,0.3488555,361.5,178.86667,0,1,0,0
2022,44616,SB,435,34_22,Georgia ,GA,1,2,0,2,1,"Sen. Jackson III, Lester G. [D]",0,1,0,0,1,0,1,0,0,-0.812,2020,62334,0,,62334,1,-0.19946559,,35.9,30.3,21.4,12.5,35.5,53.3,6.4,64.5,33.6,45.1,87.4,27.9,98.511604,1.488394,0.47154567,416.4,185.9,0,1,0,0
2022,44616,SB,435,34_22,Georgia ,GA,1,3,0,2,1,"Sen. McNeill, Sheila [R]",1,0,0,1,0,1,0,0,0,,2020,63891,0,,63891,1,0.22643965,,32.3,24.4,26.5,16.7,67.6,22.7,5.9,32.4,50.3,28.2,87.1,23.6,58.957554,41.042446,0.17730756,381.64,239.36,0,1,0,0
2022,44616,SB,435,34_22,Georgia ,GA,1,4,0,2,1,"Sen. Hickman, Billy [R]",1,0,0,1,0,0,0,0,0,,2020,65492,0,,65492,1,0.2730649,,38.7,25.3,23.6,12.3,67.2,23.6,5.7,32.8,45.2,35.3,84.5,21.1,40.115685,59.884315,0.26061907,395.53333,278.65,0,1,0,0
2022,44616,SB,435,34_22,Georgia ,GA,1,5,0,2,1,"Sen. Rahman, Sheikh [D]",0,1,0,0,1,0,0,0,1,,2020,44991,0,,44991,1,-0.083572716,,39.6,33.7,21.1,5.5,16.9,28,43,83.1,44.5,41.1,75.7,22.4,100,0,0.3190412,495.5,216.7,0,1,0,0
2022,44616,SB,435,34_22,Georgia ,GA,1,6,0,2,1,"Sen. Jordan, Jennifer [D]",0,1,0,0,1,1,0,0,0,,2020,62148,38891,,101039,0.23017845,-0.022300148,,28.9,37.4,22.7,11.1,55.6,22.3,12.3,44.4,44.8,39.4,94,63.4,100,0,0.63806957,612.15,203.15,0,1,0,0
2022,44616,SB,435,34_22,Georgia ,GA,1,7,0,2,1,"Sen. Harper, Tyler [R]",1,0,0,1,0,0,0,0,0,,2020,56433,0,,56433,1,0.22525665,,33,25.9,25.6,15.6,66.7,24,7.4,33.3,45.7,31.7,80.2,12.6,36.661304,63.338696,0.12550732,475.9222,349.82224,0,1,0,0
2022,44616,SB,435,34_22,Georgia ,GA,1,8,0,2,1,"Sen. Goodman, Russ [R]",1,0,0,1,0,0,0,0,0,,2020,43324,26819,,70143,0.23530503,0.010363339,,38.2,25.8,22.8,13.1,57.5,33.1,6.1,42.5,44.6,35.7,82.9,21.6,68.08125,31.918745,0.28707233,412.25714,297.32858,0,1,0,0
2022,44616,SB,435,34_22,Georgia ,GA,1,9,0,2,1,"Sen. Merritt, Nikki [D]",0,1,0,0,1,1,1,0,0,,2020,53941,49879,,103820,0.03912541,0.42653504,,35.5,24.5,28.1,12.2,50.7,26.6,11.9,49.3,56.6,28.7,91.6,39.5,100,0,0.34232983,495.5,216.7,0,1,0,0
2022,44616,SB,435,34_22,Georgia ,GA,1,10,0,2,1,"Sen. Jones, Emanuel [D]",0,1,0,0,1,0,1,0,0,-0.784,2020,84994,0,,84994,1,-0.1842901,,33.7,25.8,28.3,12.1,18.5,72.2,4.7,81.5,42,38.9,90.4,29.6,97.5052,2.4947937,0.38373345,440.35,212.2,0,1,0,0
2022,44616,SB,435,34_22,Georgia ,GA,1,11,0,2,1,"Sen. Burke, Dean [R]",1,0,0,1,0,0,0,0,0,0.831,2020,57018,0,,57018,1,0.31693032,,33.2,24.2,25.9,16.8,55.5,33.7,8.7,44.5,45.4,30.5,79.5,15.7,34.14984,65.85016,0.06350819,556.5571,398.62857,0,1,0,0
2022,44616,SB,435,34_22,Georgia ,GA,1,12,0,2,1,"Sen. Sims, Freddie Powell [D]",0,1,0,0,1,1,1,0,0,-0.563,2020,40396,22546,,62942,0.28359443,0.15900557,,34.7,25.5,24.4,15.6,30.4,63.5,3.6,69.6,33.7,42.4,79.6,17.5,66.58098,33.41902,0.1766351,430.81818,277.14545,0,1,0,0
2022,44616,SB,435,34_22,Georgia ,GA,1,13,0,2,1,"Sen. Summers, Carden H. [R]",1,0,0,1,0,0,0,0,0,,2020,48153,21178,,69331,0.3890756,0.20117092,,32.6,25.1,26.1,16,59.2,32.3,5.7,40.8,48.3,31.5,82.5,15.9,51.780365,48.219635,0.06289004,525.42224,412.33334,0,1,0,0
2022,44616,SB,435,34_22,Georgia ,GA,1,14,0,2,1,"Sen. Thompson, Bruce [R]",1,0,0,1,0,0,0,0,0,1.014,2020,66534,28505,,95039,0.400141,0.20443425,,33.9,26.9,26.9,12.4,72.6,11.2,12.6,27.4,54.3,27.5,86.5,28.1,37.638268,62.361732,0.23628566,492.53333,278.26666,0,1,0,0
2022,44616,SB,435,34_22,Georgia ,GA,1,15,0,2,1,"Sen. Harbison, Ed [D]",0,1,0,0,1,0,1,0,0,-0.637,2020,48998,0,,48998,1,-0.17512023,,36,27.2,24,12.8,33,55.9,7.1,67,35.4,41.4,81.6,16.2,97.12695,2.8730485,0.3421574,478.4,311.4,0,1,0,0
2022,44616,SB,435,34_22,Georgia ,GA,1,16,0,2,1,"Sen. Harbin, Marty \Marty\"" H. [R]""",1,0,0,1,0,0,0,0,0,,2020,65626,30643,,96269,0.363388,0.36736184,,32.8,22.5,28.1,16.5,69.1,20.8,5,30.9,53.3,28.2,88.9,30.9,60.605503,39.394497,0.106096596,553.625,355.675,0,1,0,0
2022,44616,SB,435,34_22,Georgia ,GA,1,17,0,2,1,"Sen. Strickland, Brian [R]",1,0,0,1,0,0,0,0,0,0.901,2020,52454,50513,,102967,0.0188507,0.34532627,,36.2,26,25.9,11.8,55.9,34.8,5.3,44.1,50.3,31.3,89.8,25.2,67.0253,32.9747,0.041914526,405.16666,265.5,0,1,0,0
2022,44616,SB,435,34_22,Georgia ,GA,1,18,0,2,1,"Sen. Kennedy, John F. [R]",1,0,0,1,0,0,0,0,0,0.87,2020,71209,0,,71209,1,0.34820828,,31.1,24.2,27.4,17.1,62,30.3,4.3,38,48.3,30.2,86.8,24.9,66.988396,33.011604,0.21515083,419.43332,243.13333,0,1,0,0
2022,44616,SB,435,34_22,Georgia ,GA,1,19,0,2,1,"Sen. Tillery, Blake [R]",1,0,0,1,0,0,0,0,0,0.788,2020,54197,0,,54197,1,5.29E-04,,33.4,28.2,24.5,14,60.8,27.5,9.3,39.2,46.2,31.5,79.3,13.1,41.977272,58.022728,0.24311316,471.45456,346.9,0,1,0,0
2022,44616,SB,435,34_22,Georgia ,GA,1,20,0,2,1,"Sen. Walker, Larry \III\"" [R]""",1,0,0,1,0,0,0,0,0,0.788,2020,57946,31257,,89203,0.29919398,0.1610295,,34.1,26.1,26,13.8,60.1,30.1,5.1,39.9,48.3,31.6,89.5,24.1,44.87387,55.12613,0.24413033,488.925,365.15,0,1,0,0
2022,44616,SB,435,34_22,Georgia ,GA,1,21,0,2,1,"Sen. Beach, Brandon [R]",1,0,0,1,0,0,0,0,0,0.774,2020,94143,0,,94143,1,0.3425878,,33.2,25.7,29.7,11.4,77.3,6.5,7.5,22.7,62.2,24.1,94.5,49.9,96.668526,3.3314774,0.37472394,559.6,227.45,0,1,0,0
2022,44616,SB,435,34_22,Georgia ,GA,1,22,0,2,1,"Sen. Jones II, Harold V. [D]",0,1,0,0,1,0,1,0,0,-1,2020,60966,0,,60966,1,-0.14680469,,35.4,28.2,23.5,12.8,30.2,61.6,4.8,69.8,33.2,44.2,82.7,20.7,98.84968,1.1503204,0.45946035,528.3,235.8,0,1,0,0
2022,44616,SB,435,34_22,Georgia ,GA,1,23,0,2,1,"Sen. Burns, Max [R]",1,0,0,1,0,0,0,0,0,,2020,46712,32069,,78781,0.1858697,0.06267582,,32,25.1,27,16,56.9,35.9,4.4,43.1,45.8,31.6,82.9,17.2,43.015945,56.984055,0.13285807,506.16364,329.72726,0,1,0,0
2022,44616,SB,435,34_22,Georgia ,GA,1,24,0,2,1,"Sen. Anderson, Lee [R]",1,0,0,1,0,0,0,0,0,0.884,2020,83776,0,,83776,1,0.45445746,,32.2,25.4,26.5,15.9,70,19.4,5.2,30,53.9,27,87.3,27.5,63.322414,36.677586,0.24056533,502.87143,352.84286,0,1,0,0
2022,44616,SB,435,34_22,Georgia ,GA,1,25,0,2,1,"Sen. Jones, Burt [R]",1,0,0,1,0,0,0,0,0,0.962,2020,61330,29315,,90645,0.35319102,0.09668444,,31.9,23.6,26.8,17.6,63.2,30.6,3.7,36.8,48,31.9,84.6,20.7,29.375946,70.624054,0.07746639,464.71112,266.16666,0,1,0,0
2022,44616,SB,435,34_22,Georgia ,GA,1,26,0,2,1,"Sen. Lucas, David E. [D]",0,1,0,0,1,0,1,0,0,-0.752,2020,53421,0,,53421,1,-0.21803942,,35.5,24.8,24.8,14.9,33.8,61.1,2.5,66.2,33.8,41.9,79.6,14.1,84.6715,15.328503,0.23128465,455.94287,279.3143,0,1,0,0
2022,44616,SB,435,34_22,Georgia ,GA,1,27,0,2,1,"Sen. Dolezal, Greg [R]",1,0,0,1,0,0,0,0,0,,2020,87192,37340,,124532,0.40031478,0.68068045,,35.3,26,27.2,11.4,73.2,3.4,9.4,26.8,65.3,22.3,93,52,82.55327,17.446735,0.19375584,420.3,186.1,0,1,0,0
2022,44616,SB,435,34_22,Georgia ,GA,1,28,0,2,1,"Sen. Brass, Matt [R]",1,0,0,1,0,0,0,0,0,0.925,2020,82691,0,,82691,1,0.34083214,,33,25.3,27.9,13.8,73.6,16.7,5.8,26.4,55.5,26,87.6,27,48.385967,51.614033,0.22450615,535.68,314.38,0,1,0,0
2022,44616,SB,435,34_22,Georgia ,GA,1,29,0,2,1,"Sen. Robertson, Randy [R]",1,0,0,1,0,0,0,0,0,,2020,70161,0,,70161,1,0.15031251,,32.9,26.6,25.4,15.2,61.4,27.8,5.3,38.6,49.5,30.7,88.5,28.5,60.120193,39.879807,0.109914266,489.2,311.4,0,1,0,0
2022,44616,SB,435,34_22,Georgia ,GA,1,30,0,2,1,"Sen. Dugan, Michael \Mike\"" B. [R]""",1,0,0,1,0,0,0,0,0,1.024,2020,58303,28023,,86326,0.35076338,0.42478126,,36.6,25.8,25.6,12.1,68.6,21.3,6.4,31.4,50.6,30.8,85.8,22.2,78.47694,21.523064,0.228963,424.36667,276.9,0,1,0,0
2022,44616,SB,435,34_22,Georgia ,GA,1,31,0,2,1,"Sen. Anavitarte, Jason [R]",1,0,0,1,0,0,0,1,0,,2020,66020,27146,,93166,0.41725522,0.36663234,,35.1,26.8,26,12.1,75.3,14.7,7.2,24.7,52.4,26.5,86.1,19.8,63.533173,36.466827,0.18560214,463.9,320.3,0,1,0,0
2022,44616,SB,435,34_22,Georgia ,GA,1,32,0,2,1,"Sen. Kirkpatrick, Kay [R]",1,0,0,1,0,1,0,0,0,,2020,63544,50005,,113549,0.11923487,0.20646407,,29.7,23.5,31,15.6,73.8,8.5,6.3,26.2,62,23.8,97.1,63.7,100,0,0.3119041,612.15,203.15,0,1,0,0
2022,44616,SB,435,34_22,Georgia ,GA,1,33,0,2,1,"Sen. Rhett, Michael \Doc\"" A. [D]""",0,1,0,0,1,0,1,0,0,-0.879,2020,66207,0,,66207,1,0.10581348,,33.8,30,24.4,11.8,36,39.9,20.1,64,44.5,35.4,84.4,30.4,100,0,0.3699773,552.2,240.4,0,1,0,0
2022,44616,SB,435,34_22,Georgia ,GA,1,34,0,2,1,"Sen. Seay, Valencia [D]",0,1,0,0,1,1,1,0,0,-0.701,2020,64110,0,,64110,1,-0.17296036,,38.4,27.5,24.1,10,14.1,67.3,13.5,85.9,34.9,43.5,85.1,20.6,95.24466,4.7553368,0.30732167,597.75,302.15,0,1,0,0
2022,44616,SB,435,34_22,Georgia ,GA,1,35,0,2,1,"Sen. James, Donzella [D]",0,1,0,0,1,1,1,0,0,-0.573,2020,82600,0,,82600,1,-0.1524926,,36.8,28.6,24.3,10.4,22.5,67.2,8.9,77.5,40.1,38.6,89.4,29.9,95.28634,4.7136626,0.3998573,604.9,253.6,0,1,0,0
2022,44616,SB,435,34_22,Georgia ,GA,1,36,0,2,1,"Sen. Orrock, Nan Grogan [D]",0,1,0,0,1,1,0,0,0,,2020,78536,0,,78536,1,-0.55653983,,33.8,35.3,21.9,9,32.2,56.8,6,67.8,22.9,59.2,87.3,41.4,100,0,1.3519396,672.1,165.9,0,1,0,0
2022,44616,SB,435,34_22,Georgia ,GA,1,37,0,2,1,"Sen. Tippins, Lindsey [R]",1,0,0,1,0,0,0,0,0,0.975,2020,60238,45370,,105608,0.14078479,0.47275022,,36.2,24.9,28.2,10.8,64.5,20.3,8.3,35.5,53.8,32.6,94.7,47.3,99.07256,0.92743605,0.29041922,552.2,240.4,0,1,0,0
2022,44616,SB,435,34_22,Georgia ,GA,1,38,0,2,1,"Sen. Tate, Horacena [D]",0,1,0,0,1,1,1,0,0,-1.323,2020,79748,0,,79748,1,-0.42367443,,33,31.9,23.5,11.6,21.8,65.6,9.3,78.2,36,44.5,88.8,38.5,99.98883,0.011172404,0.8111348,612.15,203.15,0,1,0,0
2022,44616,SB,435,34_22,Georgia ,GA,1,39,0,2,1,"Sen. Halpern, Sonya [D]",0,1,0,0,1,1,1,0,0,,2020,4435,1055,,5490,0.61566484,-0.5192838,,33.8,33.4,22,10.9,26.3,62.4,4.7,73.7,24.7,56.6,91.4,44.4,100,0,1.373395,672.1,165.9,0,1,0,0
2022,44616,SB,435,34_22,Georgia ,GA,1,40,0,2,1,"Sen. Harrell, Sally [D]",0,1,0,0,1,1,0,0,0,-0.468,2020,54359,35494,,89853,0.20995404,-0.044239443,,31,32.5,24.1,12.4,53.2,16.2,17.9,46.8,49.8,34.7,91,59,100,0,0.71085906,558.9667,182.56667,0,1,0,0
2022,44616,SB,435,34_22,Georgia ,GA,1,41,0,2,1,"Sen. Jackson, Kim [D]",0,1,1,0,1,1,1,0,0,,2020,58154,14828,,72982,0.5936532,-0.16188294,,34.8,31.2,24.4,9.7,21.2,51.2,13.6,78.8,40,42.1,83.1,30.7,100,0,0.79116356,502.4,190.9,0,1,0,0
2022,44616,SB,435,34_22,Georgia ,GA,1,42,0,2,1,"Sen. Parent, Elena C. [D]",0,1,0,0,1,1,0,0,0,-0.926,2020,85202,0,,85202,1,-0.6214236,,30.9,34.5,22.9,11.6,52.3,24.4,12.8,47.7,38.9,45.2,89.3,59,100,0,1.350868,509.3,165.1,0,1,0,0
2022,44616,SB,435,34_22,Georgia ,GA,1,43,0,2,1,"Sen. Anderson, Tonya P. [D]",0,1,0,0,1,1,1,0,0,-1.623,2020,67857,19703,,87560,0.5499543,-0.3336252,,36.2,26.4,26.2,11.1,24.9,64.7,7.3,75.1,40,38.9,87.6,24,92.59643,7.403571,0.15702038,451.13333,234.1,0,1,0,0
2022,44616,SB,435,34_22,Georgia ,GA,1,44,0,2,1,"Sen. Davenport, Gail Paulette [D]",0,1,0,0,1,1,1,0,0,-1.062,2020,77593,10405,,87998,0.7635174,-0.024919938,,34.2,29.2,25.8,10.9,13.9,69.7,8.6,86.1,34.8,44.2,86.9,25.5,99.68498,0.3150209,1.0134916,483.3,190.7,0,1,0,0
2022,44616,SB,435,34_22,Georgia ,GA,1,45,0,2,1,"Sen. Dixon, Clint [R]",1,0,0,1,0,0,0,0,0,,2020,56965,45493,,102458,0.11196783,0.47734073,,36.9,25.9,28.2,8.9,55.7,17.4,13,44.3,56.3,29.5,91.6,41.9,98.448746,1.5512564,0.27481017,495.5,216.7,0,1,0,0
2022,44616,SB,435,34_22,Georgia ,GA,1,46,0,2,1,"Sen. Cowsert, Bill [R]",1,0,0,1,0,0,0,0,0,0.978,2020,59278,37924,,97202,0.21968684,0.025142951,,39.9,24.9,22.7,12.7,70.4,18.5,5.5,29.6,44.9,40.4,89.6,36.3,78.6934,21.3066,0.2778023,380.46667,224.86667,0,1,0,0
2022,44616,SB,435,34_22,Georgia ,GA,1,47,0,2,1,"Sen. Ginn, Frank [R]",1,0,0,1,0,0,0,0,0,0.849,2020,60282,31255,,91537,0.31710675,0.30931637,,34.3,28,24.8,12.8,69.8,14.9,10.5,30.2,50.4,30.8,83.9,23.3,48.585667,51.414333,0.28854144,377.725,219.325,0,1,0,0
2022,44616,SB,435,34_22,Georgia ,GA,1,48,0,2,1,"Sen. Au, Michelle [D]",0,1,0,0,1,1,0,0,1,,2020,49184,38358,,87542,0.12366635,0.17251775,,33.7,27.4,29.5,9.5,39.8,18.1,14.3,60.2,56.6,29.6,92.3,52.2,99.243164,0.75683784,0.1804502,583.8,191.3,0,1,0,0
2022,44616,SB,435,34_22,Georgia ,GA,1,49,0,2,1,"Sen. Miller, Butch [R]",1,0,0,1,0,0,0,0,0,,2020,74684,0,,74684,1,0.32499668,,35,25.8,24.9,14.3,61.4,7.5,27.7,38.6,52.5,30.2,78.9,24.3,74.61687,25.38313,0.5657458,800.9,398.5,0,1,0,0
2022,44616,SB,435,34_22,Georgia ,GA,1,50,0,2,1,"Sen. Hatchett, Bo [R]",1,0,0,1,0,0,0,0,0,,2020,71693,14493,,86186,0.66368085,0.43302774,,31.7,23.2,25.8,19.1,81.6,5.7,9.3,18.4,53.3,25.4,80.4,18.9,21.067406,78.932594,0.32435325,601.8625,452.725,0,1,0,0
2022,44616,SB,435,34_22,Georgia ,GA,1,51,0,2,1,"Sen. Gooch, Steve [R]",1,0,0,1,0,0,0,0,0,1.169,2020,84767,17625,,102392,0.65573484,0.3762338,,28.3,20.5,28.3,23,90.9,1.1,5.2,9.1,57.1,22.4,85.4,24.1,12.628638,87.37136,0.24736908,462.0875,270.0875,0,1,0,0
2022,44616,SB,435,34_22,Georgia ,GA,1,52,0,2,1,"Sen. Hufstetler, Chuck [R]",1,0,0,1,0,0,0,0,0,0.766,2020,57621,17755,,75376,0.52889514,0.36143258,,33.8,25.2,25.6,15.2,73.4,11.1,12,26.6,50.5,27.6,80.8,19.6,57.78087,42.21913,0.15775608,545.225,363.275,0,1,0,0
2022,44616,SB,435,34_22,Georgia ,GA,1,53,0,2,1,"Sen. Mullis, Jeff [R]",1,0,0,1,0,0,0,0,0,0.899,2020,66064,0,,66064,1,0.41001645,,30.7,24.7,27.1,17.4,90.2,4,2.8,9.8,52.4,24.6,82.5,16.7,60.027683,39.972317,0.10978306,453.825,348.325,0,1,0,0
2022,44616,SB,435,34_22,Georgia ,GA,1,54,0,2,1,"Sen. Payne, Chuck [R]",1,0,0,1,0,0,0,0,0,0.945,2020,57768,0,,57768,1,0.30442798,,34.5,25.6,26.1,13.8,70,2.9,24.4,30,54.9,24.4,71.5,13.8,50.156723,49.843277,0.22541516,489.375,291.45,0,1,0,0
2022,44616,SB,435,34_22,Georgia ,GA,1,55,0,2,1,"Sen. Butler, Gloria [D]",0,1,0,0,1,1,1,0,0,-1.339,2020,85654,0,,85654,1,-0.16813888,,35.1,26,28.4,10.6,18.8,70,7,81.2,42,38.9,91.5,31.5,99.774956,0.22504501,0.4104548,502.4,190.9,0,1,0,0
2022,44616,SB,435,34_22,Georgia ,GA,1,56,0,2,1,"Sen. Albers, John [R]",1,0,0,1,0,0,0,0,0,1.009,2020,51476,49284,,100760,0.021754665,0.12856355,,31.9,29,27.8,11.2,60.1,17.2,12.8,39.9,52.9,31.9,95.1,57.7,100,0,0.4448094,559.6,227.45,0,1,0,0
2020,43906,HB,500,24 Y 11 N,Idaho,ID,1,1,0,2,1,"Sen. Woodward, Jim [R]",0,1,0,1,0,0,0,0,0,,2018,14831,5125,,19956,0.48637003,0.37293732,25.1,27.7,20.8,29.3,22.2,92.6,0.2,3.5,7.4,58,20,90.8,21.8,28.620485,71.37952,0.049714144,309.2,159.1,0,1,1,1
2020,43906,HB,500,24 Y 11 N,Idaho,ID,1,2,0,2,1,"Sen. Vick, Steve [R]",1,0,0,1,0,0,0,0,0,1.829,2018,15109,5131,491,20731,0.4813082,0.38507304,24.6,27.8,19.6,30.6,21.9,93.1,0.4,4,6.9,62.3,20.2,93.7,28.4,22.338898,77.6611,0.05628038,352.82,110.66,0,1,1,1
2020,43906,HB,500,24 Y 11 N,Idaho,ID,1,3,0,2,1,"Sen. Cheatham, Don [R]",1,0,0,1,0,0,0,0,0,1.383,2018,12226,4707,,16933,0.44404417,0.38119614,31.3,33.7,27.4,24,15.1,90.2,0.2,4.5,9.8,56.1,24.4,91.8,20.1,55.03543,44.96457,0.14881717,636.6,56.7,0,1,1,1
2020,43906,HB,500,24 Y 11 N,Idaho,ID,1,4,0,2,1,"Sen. Souza, Mary [R]",1,0,0,1,0,1,0,0,0,1.285,2018,10579,7749,,18328,0.15440856,0.21052207,34.7,32.2,26.5,24.3,17.2,89.1,0.4,5,10.9,46.8,29.9,91.9,26,98.92616,1.0738387,0.13044491,636.6,56.7,0,1,1,1
2020,43906,HB,500,24 Y 11 N,Idaho,ID,1,5,0,2,1,"Sen. Nelson, David [D]",0,1,0,0,1,0,0,0,0,,2018,11197,8777,,19974,0.121157505,0.11794027,37.6,41.5,22.4,21.8,14.3,88.1,0.8,4.2,11.9,46.2,39.7,94.5,38.3,68.02622,31.97378,0.38143674,636.6,56.7,0,1,1,1
2020,43906,HB,500,24 Y 11 N,Idaho,ID,1,6,0,2,1,"Sen. Johnson, Dan G. [R]",0,1,0,1,0,0,0,0,0,0.57,2018,1,0,,1,1,0.4392166,30.1,30.6,23.7,25.9,19.8,86.8,0.2,3.9,13.2,51.3,26.1,91.9,21.5,62.953465,37.046535,0.36244005,425.4,100.63333,0,1,1,1
2020,43906,HB,500,24 Y 11 N,Idaho,ID,1,7,0,2,1,"Sen. Crabtree, Carl G. [R]",1,0,0,1,0,0,0,0,0,1.154,2018,1,0,,1,1,0.05734526,24,25,19.4,30.7,24.9,91.5,0.3,3.4,8.5,57.6,20.1,89.3,17.9,80.53102,19.468975,0.0337325,459.43332,51.1,0,1,1,1
2020,43906,HB,500,24 Y 11 N,Idaho,ID,1,8,0,2,1,"Sen. Thayn, Steven P. [R]",1,0,0,1,0,0,0,0,0,1.216,2018,14128,4510,1265,19903,0.48324373,0.14587116,23.3,25.9,19.1,30.7,24.3,91.6,0.1,5.1,8.4,53.8,23.1,91.3,22.2,11.434526,88.565475,0.14081456,464.475,75.875,0,1,1,1
2020,43906,HB,500,24 Y 11 N,Idaho,ID,1,9,0,2,1,"Sen. Lee, Abby [R]",0,1,0,1,0,1,0,0,0,0.603,2018,1,0,,1,1,0.2864972,26,32.7,21.1,26.7,19.5,80.6,0.2,15.7,19.4,55.2,23.1,85.3,15.2,45.83133,54.16867,0.022912132,464.16666,85.05,0,1,1,1
2020,43906,HB,500,24 Y 11 N,Idaho,ID,1,10,0,2,1,"Sen. Rice, James \Jim\"" E. [R]""",1,0,0,1,0,0,0,0,0,1.18,2018,7526,4720,,12246,0.22913605,0.48731732,34.8,40.9,27.7,20,11.6,58.8,0.3,36.7,41.2,48.6,30.7,80.4,14.6,83.48326,16.516739,0.64653856,452.95,123.55,0,1,1,1
2020,43906,HB,500,24 Y 11 N,Idaho,ID,1,11,0,2,1,"Sen. Lodge, Patti Anne [R]",1,0,0,1,0,1,0,0,0,0.72,2018,13834,3949,,17783,0.55586797,0.47696435,28,37.1,23.4,24.8,14.7,77.6,0.1,19,22.4,59.9,23.9,85.8,21.1,51.219513,48.780487,0.06851448,430.7,126.8,0,1,1,1
2020,43906,HB,500,24 Y 11 N,Idaho,ID,1,12,0,2,1,"Sen. Lakey, Todd M. [R]",1,0,0,1,0,0,0,0,0,0.903,2018,9089,4875,,13964,0.301776,0.17351925,34.5,40.1,25.7,21.2,13.1,69.9,0.3,26.3,30.1,49.4,29.5,83.9,16.5,99.54312,0.4568818,0.13895065,430.7,126.8,0,1,1,1
2020,43906,HB,500,24 Y 11 N,Idaho,ID,1,13,0,2,1,"Sen. Agenbroad, Jeff C. [R]",1,0,0,1,0,0,0,0,0,0.8,2018,1,0,,1,1,0.34753233,33.8,37.7,27.7,21.6,13,74.7,0.6,19.6,25.3,52.7,30.6,88.7,21.3,81.00929,18.99071,0.769761,430.7,126.8,0,1,1,1
2020,43906,HB,500,24 Y 11 N,Idaho,ID,1,14,0,2,1,"Sen. Grow, Scott [R]",1,0,0,1,0,0,0,0,0,,2018,13834,3949,,17783,0.55586797,0.39447072,26.3,30,23.8,29.3,16.9,91.5,0.2,3.7,8.5,63.9,24.1,97.3,38.4,91.6999,8.300103,0.21383767,415.15,71.5,0,1,1,1
2020,43906,HB,500,24 Y 11 N,Idaho,ID,1,15,0,2,1,"Sen. Martin, Fred S. [R]",1,0,0,1,0,0,0,0,0,0.738,2018,8948,8942,,17890,3.35E-04,0.15854649,33.4,35.2,27,23.3,14.4,83,1.6,9.5,17,49.6,31.3,95,32.4,100,0,0.14409222,475.2,120.3,0,1,1,1
2020,43906,HB,500,24 Y 11 N,Idaho,ID,1,16,0,2,1,"Sen. Burgoyne, Grant T. [D]",0,1,0,0,1,0,0,0,0,-0.916,2018,12784,6819,,19603,0.30429015,-0.0914476,36.7,30.2,29.6,23.7,16.5,81.6,2.1,10.5,18.4,45.3,31.1,93.9,36.6,99.99441,0.005589402,0.51213205,475.2,120.3,0,1,1,1
2020,43906,HB,500,24 Y 11 N,Idaho,ID,1,17,0,2,1,"Sen. Jordan, Maryanne [D]",0,1,0,0,1,1,0,0,0,-1.256,2018,11652,5069,,16721,0.39369655,-0.23749307,42,34.9,30.9,22.3,11.9,79.4,1.7,13.1,20.6,33.5,45.2,92.8,29.4,100,0,0.60053504,475.2,120.3,0,1,1,1
2020,43906,HB,500,24 Y 11 N,Idaho,ID,1,18,0,2,1,"Sen. Ward-Engelking, Janie [D]",0,1,0,0,1,1,0,0,0,-0.69,2018,1,0,,1,1,0.001520001,38.4,32.3,30.1,24.3,13.1,83.6,1.5,6,16.4,53.6,32.2,95.4,48.3,100,0,0.64089525,475.2,120.3,0,1,1,1
2020,43906,HB,500,24 Y 11 N,Idaho,ID,1,19,0,2,1,"Sen. Buckner-Webb, Cherie [D]",0,1,0,0,1,1,1,0,0,-1.111,2018,18793,6401,,25194,0.49186313,-0.4348139,33,27.4,27.5,30.2,14.9,89.9,0.8,5.8,10.1,50.5,30.4,97.4,55.1,97.32782,2.6721776,0.3208292,475.2,120.3,0,1,1,1
2020,43906,HB,500,24 Y 11 N,Idaho,ID,1,20,0,2,1,"Sen. Winder, Charles \Chuck\"" L. [R]""",1,0,0,1,0,0,0,0,0,0.934,2018,1,0,,1,1,0.14688945,32.2,39,26.5,23.5,11.1,83.6,1.6,9,16.4,54.1,28.9,95.5,38.2,99.52489,0.47510955,0,475.2,120.3,0,1,1,1
2020,43906,HB,500,24 Y 11 N,Idaho,ID,1,21,0,2,1,"Sen. Bayer, Regina [R]",1,0,0,1,0,1,0,0,0,,2018,19869,11235,,31104,0.27758488,0.20960154,33.6,33.7,29.5,24.3,12.6,84.3,1.7,6.5,15.7,59.9,25.5,95,37.1,86.529854,13.470142,0.56871545,475.2,120.3,0,1,1,1
2020,43906,HB,500,24 Y 11 N,Idaho,ID,1,22,0,2,1,"Sen. Den Hartog, Lori [R]",1,0,0,1,0,1,0,0,0,1.372,2018,17997,6242,,24239,0.48496225,0.3664742,37.1,34.6,31.4,24,10,86.7,0.3,9.2,13.3,54.4,30.8,93.4,22.8,47.78274,52.21726,0.7065971,475.2,120.3,0,1,1,1
2020,43906,HB,500,24 Y 11 N,Idaho,ID,1,23,0,2,1,"Sen. Brackett, Bert [R]",1,0,0,1,0,0,0,0,0,0.737,2018,1,0,,1,1,0.23976687,33.7,36.1,25.3,23.8,15,73.4,1.7,18.6,26.6,59.3,22.8,85.3,16.5,46.92316,53.07684,0.347347,419.43332,116.86667,0,1,1,1
2020,43906,HB,500,24 Y 11 N,Idaho,ID,1,24,0,2,1,"Sen. Heider, Lee [R]",1,0,0,1,0,0,0,0,0,0.74,2018,1,0,,1,1,0.24461374,35,37,28.4,21.1,13.5,78.4,1.1,16.2,21.6,52.9,26.2,88.9,20.8,85.58967,14.41033,0.2696558,476.06668,273.53333,0,1,1,1
2020,43906,HB,500,24 Y 11 N,Idaho,ID,1,25,0,2,1,"Sen. Patrick, Jim [R]",1,0,0,1,0,0,0,0,0,0.897,2018,1,0,,1,1,0.35598323,29.8,38.3,23.9,23.1,14.7,72,0.1,25.5,28,58.2,24.5,82.1,16.9,47.361168,52.638832,0.28654936,476.3,243.9,0,1,1,1
2020,43906,HB,500,24 Y 11 N,Idaho,ID,1,26,0,2,1,"Sen. Stennett, Michelle R. [D]",0,1,0,0,1,1,0,1,0,-1.249,2018,10094,6768,,16862,0.19724825,0.22550374,27.9,33,22.6,27.7,16.7,72.2,0.2,25,27.8,56.4,25.2,84.6,26.9,52.816185,47.183815,0.083051175,336.7,155.6,0,1,1,1
2020,43906,HB,500,24 Y 11 N,Idaho,ID,1,27,0,2,1,"Sen. Anthon, Kelly A. [R]",1,0,0,1,0,0,0,0,0,0.977,2018,1,0,,1,1,0.15749116,30.3,39.5,23.9,22.1,14.6,66.4,0.2,30.8,33.6,59.4,23.8,80.5,16.1,39.683304,60.316696,0,608.5333,101.23333,0,1,1,1
2020,43906,HB,500,24 Y 11 N,Idaho,ID,1,28,0,2,1,"Sen. Guthrie, Jim K. [R]",0,1,0,1,0,0,0,0,0,0.887,2018,17067,4916,,21983,0.5527453,-0.021981621,31.4,36.6,26.1,23.1,14.1,80.6,0.3,11.8,19.4,58.9,24.1,90.4,26.8,49.245182,50.754818,0.0744694,823.2,47.5,0,1,1,1
2020,43906,HB,500,24 Y 11 N,Idaho,ID,1,29,0,2,1,"Sen. Nye, Marcus \Mark\"" W. [D]""",0,1,0,0,1,0,0,0,0,-0.341,2018,1,0,,1,1,-0.061811127,37.8,37.8,28.5,21.1,12.9,83.8,0.9,9.2,16.2,44.7,34.4,91.5,25.7,68.53661,31.463385,0.6182112,512.6,54.2,0,1,1,1
2020,43906,HB,500,24 Y 11 N,Idaho,ID,1,30,0,2,1,"Sen. Mortimer, Dean M. [R]",1,0,0,1,0,0,0,0,0,1.2,2018,1,0,,1,1,0.093996435,33.6,42.8,27.6,18.5,11.1,84.2,0.3,12.4,15.8,61.9,21.1,92.9,34.9,99.47631,0.5236863,0.110787176,711,83.7,0,1,1,1
2020,43906,HB,500,24 Y 11 N,Idaho,ID,1,31,0,2,1,"Sen. Bair, Steven [R]",1,0,0,1,0,0,0,0,0,1.044,2018,1,0,,1,1,0.28030193,29.8,40.4,23.4,22.6,13.7,73.8,0.2,18,26.2,57.3,24.9,87.5,20.7,19.38209,80.61791,0.08123477,625.85,112.225,0,1,1,1
2020,43906,HB,500,24 Y 11 N,Idaho,ID,1,32,0,2,1,"Sen. Harris, Mark [R]",1,0,0,1,0,0,0,0,0,1.113,2018,1,0,,1,1,0.3149058,28.8,37,24,24.4,14.4,89.9,0.2,8,10.1,62.8,23,92.7,26.2,85.10596,14.894043,0.012471938,653.6,48.3,0,1,1,1
2020,43906,HB,500,24 Y 11 N,Idaho,ID,1,33,0,2,1,"Sen. Lent, Dave [R]",1,0,0,1,0,0,0,0,0,,2018,7899,5379,,13278,0.18978763,-0.11725692,33.6,36.2,26.4,22.9,14.5,78.9,0.9,15.7,21.1,50.2,27,89.7,24.9,99.72841,0.27158818,0.43699926,653.6,48.3,0,1,1,1
2020,43906,HB,500,24 Y 11 N,Idaho,ID,1,34,0,2,1,"Sen. Hill, Brent [R]",1,0,0,1,0,0,0,0,0,0.809,2018,9500,1858,,11358,0.67282975,0.5555504,43,54.7,23,14.6,7.7,89.4,0.2,7.2,10.6,60.4,32.7,95.4,34,58.75095,41.24905,0.030365141,535.7,70.7,0,1,1,1
2020,43906,HB,500,24 Y 11 N,Idaho,ID,1,35,0,2,1,"Sen. Burtenshaw, Van [R]",1,0,0,1,0,0,0,0,0,0.978,2018,1,0,,1,1,0.37953553,29.7,39.8,24.3,22.6,13.1,85.8,0.2,11.5,14.2,62.9,23.1,88.5,21.6,19.74962,80.25038,0.048913423,622.22,42.24,0,1,1,1
2020,43908,HB,500,54 Y 16 N ,Idaho,ID,0,1A,0,2,1,"Rep. Scott, Heather [R]",1,0,0,1,0,1,0,0,0,2.017,2018,12656,7264,,19920,0.27068272,0.41110885,,27.7,20.8,29.3,22.2,92.6,0.2,3.5,7.4,58,20,90.8,21.8,28.620485,71.37952,0.049714144,309.2,159.1,0,1,1,1
2020,43908,HB,500,54 Y 16 N ,Idaho,ID,0,1B,0,2,1,"Rep. Dixon, Sage [R]",1,0,0,1,0,0,0,0,0,1.387,2018,13227,6744,,19971,0.3246207,0.41110885,,27.7,20.8,29.3,22.2,92.6,0.2,3.5,7.4,58,20,90.8,21.8,28.620485,71.37952,0.049714144,309.2,159.1,0,1,1,1
2020,43908,HB,500,54 Y 16 N ,Idaho,ID,0,2A,0,2,1,"Rep. Barbieri, Vito [R]",1,0,0,1,0,0,0,0,0,1.74,2018,14976,5725,,20701,0.44688663,0.31000516,,27.8,19.6,30.6,21.9,93.1,0.4,4,6.9,62.3,20.2,93.7,28.4,22.338898,77.6611,0.05628038,352.82,110.66,0,1,1,1
2020,43908,HB,500,54 Y 16 N ,Idaho,ID,0,2B,0,2,1,"Rep. Remington, Timothy \Tim\"" [R]""",1,0,0,1,0,0,0,0,0,,2018,,,,,1,0.31000516,,27.8,19.6,30.6,21.9,93.1,0.4,4,6.9,62.3,20.2,93.7,28.4,22.338898,77.6611,0.05628038,352.82,110.66,0,1,1,1
2020,43908,HB,500,54 Y 16 N ,Idaho,ID,0,3A,0,2,1,"Rep. Mendive, Ron [R]",1,0,0,1,0,0,0,0,0,1.457,2018,1,0,,1,1,0.39298925,,33.7,27.4,24,15.1,90.2,0.2,4.5,9.8,56.1,24.4,91.8,20.1,55.03543,44.96457,0.14881717,636.6,56.7,0,1,1,1
2020,43908,HB,500,54 Y 16 N ,Idaho,ID,0,3B,0,2,1,"Rep. Wisniewski, Tony [R]",1,0,0,1,0,0,0,0,0,,2018,11991,4954,,16945,0.41528475,0.39298925,,33.7,27.4,24,15.1,90.2,0.2,4.5,9.8,56.1,24.4,91.8,20.1,55.03543,44.96457,0.14881717,636.6,56.7,0,1,1,1
2020,43908,HB,500,54 Y 16 N ,Idaho,ID,0,4A,0,2,1,"Rep. Addis, James \Jim\"" Samuel [R]""",1,0,0,1,0,0,0,0,0,,2018,10403,7945,,18348,0.13396555,0.07854945,,32.2,26.5,24.3,17.2,89.1,0.4,5,10.9,46.8,29.9,91.9,26,98.92616,1.0738387,0.13044491,636.6,56.7,0,1,1,1
2020,43908,HB,500,54 Y 16 N ,Idaho,ID,0,4B,0,2,1,"Rep. Amador, Paul [R]",1,0,0,1,0,0,0,0,0,0.581,2018,11431,6834,,18265,0.25168353,0.07854945,,32.2,26.5,24.3,17.2,89.1,0.4,5,10.9,46.8,29.9,91.9,26,98.92616,1.0738387,0.13044491,636.6,56.7,0,1,1,1
2020,43908,HB,500,54 Y 16 N ,Idaho,ID,0,5A,0,2,1,"Rep. Goesling, Bill [R]",0,1,0,1,0,0,0,0,0,,2018,9888,9491,,19379,0.020486092,0.085545935,,41.5,22.4,21.8,14.3,88.1,0.8,4.2,11.9,46.2,39.7,94.5,38.3,68.02622,31.97378,0.38143674,636.6,56.7,0,1,1,1
2020,43908,HB,500,54 Y 16 N ,Idaho,ID,0,5B,0,2,1,"Rep. Troy, Caroline Nilsson [R]",0,1,0,1,0,1,0,0,0,0.87,2018,10403,8957,,19360,0.07469008,0.085545935,,41.5,22.4,21.8,14.3,88.1,0.8,4.2,11.9,46.2,39.7,94.5,38.3,68.02622,31.97378,0.38143674,636.6,56.7,0,1,1,1
2020,43908,HB,500,54 Y 16 N ,Idaho,ID,0,6A,0,2,1,"Rep. Stevenson, Thyra K. [R]",1,0,0,1,0,1,0,0,0,1.179,2018,9090,6308,,15398,0.18067281,0.44644576,,30.6,23.7,25.9,19.8,86.8,0.2,3.9,13.2,51.3,26.1,91.9,21.5,62.953465,37.046535,0.36244005,425.4,100.63333,0,1,1,1
2020,43908,HB,500,54 Y 16 N ,Idaho,ID,0,6B,0,2,1,"Rep. Kingsley, Mike [R]",1,0,0,1,0,0,0,0,0,1.236,2018,9305,6541,,15846,0.17442888,0.44644576,,30.6,23.7,25.9,19.8,86.8,0.2,3.9,13.2,51.3,26.1,91.9,21.5,62.953465,37.046535,0.36244005,425.4,100.63333,0,1,1,1
2020,43908,HB,500,54 Y 16 N ,Idaho,ID,0,7A,0,2,1,"Rep. Giddings, Priscilla [R]",1,0,0,1,0,1,0,0,0,1.434,2018,1,0,,1,1,0.067832254,,25,19.4,30.7,24.9,91.5,0.3,3.4,8.5,57.6,20.1,89.3,17.9,80.53102,19.468975,0.0337325,459.43332,51.1,0,1,1,1
2020,43908,HB,500,54 Y 16 N ,Idaho,ID,0,7B,0,2,1,"Rep. Shepherd, Paul E. [R]",1,0,0,1,0,0,0,0,0,1.396,2018,1,0,,1,1,0.067832254,,25,19.4,30.7,24.9,91.5,0.3,3.4,8.5,57.6,20.1,89.3,17.9,80.53102,19.468975,0.0337325,459.43332,51.1,0,1,1,1
2020,43908,HB,500,54 Y 16 N ,Idaho,ID,0,8A,0,2,1,"Rep. Gestrin, Terry F. [R]",1,0,0,1,0,0,0,0,0,1.314,2018,14670,6265,,20935,0.40148076,0.017396381,,25.9,19.1,30.7,24.3,91.6,0.1,5.1,8.4,53.8,23.1,91.3,22.2,11.434526,88.565475,0.14081456,464.475,75.875,0,1,1,1
2020,43908,HB,500,54 Y 16 N ,Idaho,ID,0,8B,0,2,1,"Rep. Moon, Dorothy [R]",1,0,0,1,0,1,0,0,0,1.867,2018,1,0,,1,1,0.017396381,,25.9,19.1,30.7,24.3,91.6,0.1,5.1,8.4,53.8,23.1,91.3,22.2,11.434526,88.565475,0.14081456,464.475,75.875,0,1,1,1
2020,43908,HB,500,54 Y 16 N ,Idaho,ID,0,9A,0,2,1,"Rep. Kerby, Ryan [R]",1,0,0,1,0,0,0,0,0,0.966,2018,12077,3838,,15915,0.51768774,0.22002348,,32.7,21.1,26.7,19.5,80.6,0.2,15.7,19.4,55.2,23.1,85.3,15.2,45.83133,54.16867,0.022912132,464.16666,85.05,0,1,1,1
2020,43908,HB,500,54 Y 16 N ,Idaho,ID,0,9B,0,2,1,"Rep. Boyle, Judy [R]",1,0,0,1,0,1,0,0,0,1.452,2018,11933,3991,,15924,0.49874404,0.22002348,,32.7,21.1,26.7,19.5,80.6,0.2,15.7,19.4,55.2,23.1,85.3,15.2,45.83133,54.16867,0.022912132,464.16666,85.05,0,1,1,1
2020,43908,HB,500,54 Y 16 N ,Idaho,ID,0,10A,0,2,1,"Rep. Wagoner, Jarom [R]",1,0,0,1,0,0,0,0,0,0.572,2018,7661,4450,,12111,0.26513088,0.47560766,,40.9,27.7,20,11.6,58.8,0.3,36.7,41.2,48.6,30.7,80.4,14.6,83.48326,16.516739,0.64653856,452.95,123.55,0,1,1,1
2020,43908,HB,500,54 Y 16 N ,Idaho,ID,0,10B,0,2,1,"Rep. Chaney, Greg [R]",1,0,0,1,0,0,0,0,0,1.175,2018,7194,4940,,12134,0.18575902,0.47560766,,40.9,27.7,20,11.6,58.8,0.3,36.7,41.2,48.6,30.7,80.4,14.6,83.48326,16.516739,0.64653856,452.95,123.55,0,1,1,1
2020,43908,HB,500,54 Y 16 N ,Idaho,ID,0,11A,0,2,1,"Rep. Syme, Scott Alan [R]",1,0,0,1,0,0,0,0,0,0.888,2018,1,0,,1,1,0.5603663,,37.1,23.4,24.8,14.7,77.6,0.1,19,22.4,59.9,23.9,85.8,21.1,51.219513,48.780487,0.06851448,430.7,126.8,0,1,1,1
2020,43908,HB,500,54 Y 16 N ,Idaho,ID,0,11B,0,2,1,"Rep. Nichols, Tammy [R]",1,0,0,1,0,1,0,0,0,,2018,13719,3970,,17689,0.55113345,0.5603663,,37.1,23.4,24.8,14.7,77.6,0.1,19,22.4,59.9,23.9,85.8,21.1,51.219513,48.780487,0.06851448,430.7,126.8,0,1,1,1
2020,43908,HB,500,54 Y 16 N ,Idaho,ID,0,12A,0,2,1,"Rep. Anderst, Robert E. [R]",1,0,0,1,0,0,0,0,0,0.778,2018,8862,4985,,13847,0.27998844,0.096518286,,40.1,25.7,21.2,13.1,69.9,0.3,26.3,30.1,49.4,29.5,83.9,16.5,99.54312,0.4568818,0.13895065,430.7,126.8,0,1,1,1
2020,43908,HB,500,54 Y 16 N ,Idaho,ID,0,12B,0,2,1,"Rep. Youngblood, Rick D. [R]",1,0,0,1,0,0,0,0,0,0.632,2018,17278,28,,17306,0.9967641,0.096518286,,40.1,25.7,21.2,13.1,69.9,0.3,26.3,30.1,49.4,29.5,83.9,16.5,99.54312,0.4568818,0.13895065,430.7,126.8,0,1,1,1
2020,43908,HB,500,54 Y 16 N ,Idaho,ID,0,13A,0,2,1,"Rep. Crane, Brent J. [R]",1,0,0,1,0,0,0,0,0,1.318,2018,1,0,,1,1,0.31316268,,37.7,27.7,21.6,13,74.7,0.6,19.6,25.3,52.7,30.6,88.7,21.3,81.00929,18.99071,0.769761,430.7,126.8,0,1,1,1
2020,43908,HB,500,54 Y 16 N ,Idaho,ID,0,13B,0,2,1,"Rep. Collins, Gary E. [R]",1,0,0,1,0,0,0,0,0,0.887,2018,10074,5233,,15307,0.31626055,0.31316268,,37.7,27.7,21.6,13,74.7,0.6,19.6,25.3,52.7,30.6,88.7,21.3,81.00929,18.99071,0.769761,430.7,126.8,0,1,1,1
2020,43908,HB,500,54 Y 16 N ,Idaho,ID,0,14A,0,2,1,"Rep. Moyle, Mike [R]",1,0,0,1,0,0,0,0,0,1.287,2018,17929,9054,,26983,0.3289108,0.16746059,,30,23.8,29.3,16.9,91.5,0.2,3.7,8.5,63.9,24.1,97.3,38.4,91.6999,8.300103,0.21383767,415.15,71.5,0,1,1,1
2020,43908,HB,500,54 Y 16 N ,Idaho,ID,0,14B,0,2,1,"Rep. DeMordaunt, Gayann [R]",1,0,0,1,0,1,0,0,0,1.24,2018,1,0,,1,1,0.16746059,,30,23.8,29.3,16.9,91.5,0.2,3.7,8.5,63.9,24.1,97.3,38.4,91.6999,8.300103,0.21383767,415.15,71.5,0,1,1,1
2020,43908,HB,500,54 Y 16 N ,Idaho,ID,0,15A,0,2,1,"Rep. Berch, Steve [D]",0,1,0,0,1,0,0,0,0,,2018,9845,8225,,18070,0.08965135,0.071705274,,35.2,27,23.3,14.4,83,1.6,9.5,17,49.6,31.3,95,32.4,100,0,0.14409222,475.2,120.3,0,1,1,1
2020,43908,HB,500,54 Y 16 N ,Idaho,ID,0,15B,0,2,1,"Rep. Ellis, Jake [D]",0,1,0,0,1,0,0,0,0,,2018,9089,8769,,17858,0.01791914,0.071705274,,35.2,27,23.3,14.4,83,1.6,9.5,17,49.6,31.3,95,32.4,100,0,0.14409222,475.2,120.3,0,1,1,1
2020,43908,HB,500,54 Y 16 N ,Idaho,ID,0,16A,0,2,1,"Rep. McCrostie, John [D]",0,1,1,0,1,0,0,0,0,-0.684,2018,12095,7451,,19546,0.23759337,-0.15223257,,30.2,29.6,23.7,16.5,81.6,2.1,10.5,18.4,45.3,31.1,93.9,36.6,99.99441,0.005589402,0.51213205,475.2,120.3,0,1,1,1
2020,43908,HB,500,54 Y 16 N ,Idaho,ID,0,16B,0,2,1,"Rep. Mason, Rob [D]",0,1,0,0,1,0,0,0,0,,2018,12199,7275,,19474,0.25284997,-0.15223257,,30.2,29.6,23.7,16.5,81.6,2.1,10.5,18.4,45.3,31.1,93.9,36.6,99.99441,0.005589402,0.51213205,475.2,120.3,0,1,1,1
2020,43908,HB,500,54 Y 16 N ,Idaho,ID,0,17A,0,2,1,"Rep. Gannon, John L. [D]",0,1,0,0,1,0,0,0,0,-0.704,2018,11606,5030,,16636,0.39528733,-0.28077012,,34.9,30.9,22.3,11.9,79.4,1.7,13.1,20.6,33.5,45.2,92.8,29.4,100,0,0.60053504,475.2,120.3,0,1,1,1
2020,43908,HB,500,54 Y 16 N ,Idaho,ID,0,17B,0,2,1,"Rep. Chew, Susan B. [D]",0,1,0,0,1,1,0,0,1,-0.991,2018,11780,5021,,16801,0.4022975,-0.28077012,,34.9,30.9,22.3,11.9,79.4,1.7,13.1,20.6,33.5,45.2,92.8,29.4,100,0,0.60053504,475.2,120.3,0,1,1,1
2020,43908,HB,500,54 Y 16 N ,Idaho,ID,0,18A,0,2,1,"Rep. Rubel, Illana [D]",0,1,0,0,1,0,0,0,0,-1.105,2018,1,0,,1,1,0.14871773,,32.3,30.1,24.3,13.1,83.6,1.5,6,16.4,53.6,32.2,95.4,48.3,100,0,0.64089525,475.2,120.3,0,1,1,1
2020,43908,HB,500,54 Y 16 N ,Idaho,ID,0,18B,0,2,1,"Rep. Green, Brooke [D]",0,1,0,0,1,1,0,0,0,,2018,17339,11241,,28580,0.21336599,0.14871773,,32.3,30.1,24.3,13.1,83.6,1.5,6,16.4,53.6,32.2,95.4,48.3,100,0,0.64089525,475.2,120.3,0,1,1,1
2020,43908,HB,500,54 Y 16 N ,Idaho,ID,0,19A,0,2,1,"Rep. Necochea, Lauren [D]",0,1,0,0,1,1,0,0,0,,2018,1,0,,1,1,-0.42332956,,27.4,27.5,30.2,14.9,89.9,0.8,5.8,10.1,50.5,30.4,97.4,55.1,97.32782,2.6721776,0.3208292,475.2,120.3,0,1,1,1
2020,43908,HB,500,54 Y 16 N ,Idaho,ID,0,19B,0,2,1,"Sen. Wintrow, Melissa [D]",0,1,0,0,1,1,0,0,0,-1.468,2018,1,0,,1,1,-0.42332956,,27.4,27.5,30.2,14.9,89.9,0.8,5.8,10.1,50.5,30.4,97.4,55.1,97.32782,2.6721776,0.3208292,475.2,120.3,0,1,1,1
2020,43908,HB,500,54 Y 16 N ,Idaho,ID,0,20A,0,2,1,"Rep. Palmer, Joe A. [R]",1,0,0,1,0,0,0,0,0,1.407,2018,12932,3028,,15960,0.6205514,0.2583846,,39,26.5,23.5,11.1,83.6,1.6,9,16.4,54.1,28.9,95.5,38.2,99.52489,0.47510955,0,475.2,120.3,0,1,1,1
2020,43908,HB,500,54 Y 16 N ,Idaho,ID,0,20B,0,2,1,"Rep. Holtzclaw, James [R]",1,0,0,1,0,0,0,0,0,1.106,2018,1,0,,1,1,0.2583846,,39,26.5,23.5,11.1,83.6,1.6,9,16.4,54.1,28.9,95.5,38.2,99.52489,0.47510955,0,475.2,120.3,0,1,1,1
2020,43908,HB,500,54 Y 16 N ,Idaho,ID,0,21A,0,2,1,"Rep. Harris, Steven C. [R]",1,0,0,1,0,0,0,0,0,1.646,2018,12680,8253,,20933,0.21148425,0.15513091,,33.7,29.5,24.3,12.6,84.3,1.7,6.5,15.7,59.9,25.5,95,37.1,86.529854,13.470142,0.56871545,475.2,120.3,0,1,1,1
2020,43908,HB,500,54 Y 16 N ,Idaho,ID,0,21B,0,2,1,"Rep. Kiska, Megan [R]",1,0,0,1,0,1,0,0,0,,2018,1,0,,1,1,0.15513091,,33.7,29.5,24.3,12.6,84.3,1.7,6.5,15.7,59.9,25.5,95,37.1,86.529854,13.470142,0.56871545,475.2,120.3,0,1,1,1
2020,43908,HB,500,54 Y 16 N ,Idaho,ID,0,22A,0,2,1,"Rep. Woude, John Vander [R]",1,0,0,1,0,0,0,0,0,,2018,1,0,,1,1,0.5234698,,34.6,31.4,24,10,86.7,0.3,9.2,13.3,54.4,30.8,93.4,22.8,47.78274,52.21726,0.7065971,475.2,120.3,0,1,1,1
2020,43908,HB,500,54 Y 16 N ,Idaho,ID,0,22B,0,2,1,"Rep. Monks, Jason A. [R]",1,0,0,1,0,0,0,0,0,1.356,2018,1,0,,1,1,0.5234698,,34.6,31.4,24,10,86.7,0.3,9.2,13.3,54.4,30.8,93.4,22.8,47.78274,52.21726,0.7065971,475.2,120.3,0,1,1,1
2020,43908,HB,500,54 Y 16 N ,Idaho,ID,0,23A,0,2,1,"Sen. Zito, Christy [R]",1,0,0,1,0,1,0,0,0,1.674,2018,1,0,,1,1,0.45031014,,36.1,25.3,23.8,15,73.4,1.7,18.6,26.6,59.3,22.8,85.3,16.5,46.92316,53.07684,0.347347,419.43332,116.86667,0,1,1,1
2020,43908,HB,500,54 Y 16 N ,Idaho,ID,0,23B,0,2,1,"Rep. Blanksma, Megan C. [R]",1,0,0,1,0,1,0,0,0,0.967,2018,10441,220,,10661,0.9587281,0.45031014,,36.1,25.3,23.8,15,73.4,1.7,18.6,26.6,59.3,22.8,85.3,16.5,46.92316,53.07684,0.347347,419.43332,116.86667,0,1,1,1
2020,43908,HB,500,54 Y 16 N ,Idaho,ID,0,24A,0,2,1,"Rep. Clow, Lance W. [R]",1,0,0,1,0,0,0,0,0,0.924,2018,1,0,,1,1,0.1067033,,37,28.4,21.1,13.5,78.4,1.1,16.2,21.6,52.9,26.2,88.9,20.8,85.58967,14.41033,0.2696558,476.06668,273.53333,0,1,1,1
2020,43908,HB,500,54 Y 16 N ,Idaho,ID,0,24B,0,2,1,"Rep. Hartgen, Linda Wright [R]",1,0,0,1,0,1,0,0,0,0.813,2018,7902,5120,668,13690,0.20321402,0.1067033,,37,28.4,21.1,13.5,78.4,1.1,16.2,21.6,52.9,26.2,88.9,20.8,85.58967,14.41033,0.2696558,476.06668,273.53333,0,1,1,1
2020,43908,HB,500,54 Y 16 N ,Idaho,ID,0,25A,0,2,1,"Rep. Lickley, Laurie [R]",1,0,0,1,0,1,0,0,0,,2018,1,0,,1,1,0.24878031,,38.3,23.9,23.1,14.7,72,0.1,25.5,28,58.2,24.5,82.1,16.9,47.361168,52.638832,0.28654936,476.3,243.9,0,1,1,1
2020,43908,HB,500,54 Y 16 N ,Idaho,ID,0,25B,0,2,1,"Rep. Kauffman, Clark [R]",1,0,0,1,0,0,0,0,0,0.511,2018,1,0,,1,1,0.24878031,,38.3,23.9,23.1,14.7,72,0.1,25.5,28,58.2,24.5,82.1,16.9,47.361168,52.638832,0.28654936,476.3,243.9,0,1,1,1
2020,43908,HB,500,54 Y 16 N ,Idaho,ID,0,26A,0,2,1,"Rep. Davis, Muffy [D]",0,1,0,0,1,1,0,0,0,,2018,9508,7393,,16901,0.12514052,0.081306346,,33,22.6,27.7,16.7,72.2,0.2,25,27.8,56.4,25.2,84.6,26.9,52.816185,47.183815,0.083051175,336.7,155.6,0,1,1,1
2020,43908,HB,500,54 Y 16 N ,Idaho,ID,0,26B,0,2,1,"Rep. Toone, Sally [D]",0,1,0,0,1,1,0,0,0,-0.946,2018,9767,7026,,16793,0.16322277,0.081306346,,33,22.6,27.7,16.7,72.2,0.2,25,27.8,56.4,25.2,84.6,26.9,52.816185,47.183815,0.083051175,336.7,155.6,0,1,1,1
2020,43908,HB,500,54 Y 16 N ,Idaho,ID,0,27A,0,2,1,"Rep. Bedke, Scott C. [R]",1,0,0,1,0,0,0,0,0,0.889,2018,1,0,,1,1,0.100049384,,39.5,23.9,22.1,14.6,66.4,0.2,30.8,33.6,59.4,23.8,80.5,16.1,39.683304,60.316696,0,608.5333,101.23333,0,1,1,1
2020,43908,HB,500,54 Y 16 N ,Idaho,ID,0,27B,0,2,1,"Rep. Wood, Fred [R]",1,0,0,1,0,0,0,0,0,0.486,2018,1,0,,1,1,0.100049384,,39.5,23.9,22.1,14.6,66.4,0.2,30.8,33.6,59.4,23.8,80.5,16.1,39.683304,60.316696,0,608.5333,101.23333,0,1,1,1
2020,43908,HB,500,54 Y 16 N ,Idaho,ID,0,28A,0,2,1,"Rep. Armstrong, Randall \Randy\"" Ray [R]""",1,0,0,1,0,0,0,0,0,1.174,2018,10279,6155,,16434,0.25094315,0.012251786,,36.6,26.1,23.1,14.1,80.6,0.3,11.8,19.4,58.9,24.1,90.4,26.8,49.245182,50.754818,0.0744694,823.2,47.5,0,1,1,1
2020,43908,HB,500,54 Y 16 N ,Idaho,ID,0,28B,0,2,1,"Rep. Andrus, Kevin [R]",1,0,0,1,0,0,0,0,0,1.069,2018,1,0,,1,1,0.012251786,,36.6,26.1,23.1,14.1,80.6,0.3,11.8,19.4,58.9,24.1,90.4,26.8,49.245182,50.754818,0.0744694,823.2,47.5,0,1,1,1
2020,43908,HB,500,54 Y 16 N ,Idaho,ID,0,29A,0,2,1,"Rep. Abernathy, Chris [D]",0,1,0,0,1,0,0,0,0,,2018,7353,7016,,14369,0.023453267,-0.2631999,,37.8,28.5,21.1,12.9,83.8,0.9,9.2,16.2,44.7,34.4,91.5,25.7,68.53661,31.463385,0.6182112,512.6,54.2,0,1,1,1
2020,43908,HB,500,54 Y 16 N ,Idaho,ID,0,29B,0,2,1,"Rep. Smith, Elaine [D]",0,1,0,0,1,1,0,0,0,-0.75,2018,7775,6075,558,14408,0.11799001,-0.2631999,,37.8,28.5,21.1,12.9,83.8,0.9,9.2,16.2,44.7,34.4,91.5,25.7,68.53661,31.463385,0.6182112,512.6,54.2,0,1,1,1
2020,43908,HB,500,54 Y 16 N ,Idaho,ID,0,30A,0,2,1,"Rep. Marshall, Gary L. [R]",1,0,0,1,0,0,0,0,0,,2018,11730,4430,,16160,0.45173267,-0.13959384,,42.8,27.6,18.5,11.1,84.2,0.3,12.4,15.8,61.9,21.1,92.9,34.9,99.47631,0.5236863,0.110787176,711,83.7,0,1,1,1
2020,43908,HB,500,54 Y 16 N ,Idaho,ID,0,30B,0,2,1,"Rep. Horman, Wendy [R]",1,0,0,1,0,1,0,0,0,0.609,2018,1,0,,1,1,-0.13959384,,42.8,27.6,18.5,11.1,84.2,0.3,12.4,15.8,61.9,21.1,92.9,34.9,99.47631,0.5236863,0.110787176,711,83.7,0,1,1,1
2020,43908,HB,500,54 Y 16 N ,Idaho,ID,0,31A,0,2,1,"Rep. Anderson, Neil A. [R]",1,0,0,1,0,0,0,0,0,0.58,2018,1,0,,1,1,0.18885219,,40.4,23.4,22.6,13.7,73.8,0.2,18,26.2,57.3,24.9,87.5,20.7,19.38209,80.61791,0.08123477,625.85,112.225,0,1,1,1
2020,43908,HB,500,54 Y 16 N ,Idaho,ID,0,31B,0,2,1,"Rep. Young, Julianne [R]",1,0,0,1,0,1,0,0,0,,2018,1,0,,1,1,0.18885219,,40.4,23.4,22.6,13.7,73.8,0.2,18,26.2,57.3,24.9,87.5,20.7,19.38209,80.61791,0.08123477,625.85,112.225,0,1,1,1
2020,43908,HB,500,54 Y 16 N ,Idaho,ID,0,32A,0,2,1,"Rep. Gibbs, Marcus \Marc\"" J. [R]""",1,0,0,1,0,0,0,0,0,0.546,2018,1,0,,1,1,0.20349042,,37,24,24.4,14.4,89.9,0.2,8,10.1,62.8,23,92.7,26.2,85.10596,14.894043,0.012471938,653.6,48.3,0,1,1,1
2020,43908,HB,500,54 Y 16 N ,Idaho,ID,0,32B,0,2,1,"Rep. Christensen, Chad [R]",1,0,0,1,0,0,0,0,0,,2018,11044,2617,,13661,0.6168655,0.20349042,,37,24,24.4,14.4,89.9,0.2,8,10.1,62.8,23,92.7,26.2,85.10596,14.894043,0.012471938,653.6,48.3,0,1,1,1
2020,43908,HB,500,54 Y 16 N ,Idaho,ID,0,33A,0,2,1,"Rep. Ehardt, Barbara [R]",1,0,0,1,0,1,0,0,0,1.58,2018,7675,5775,,13450,0.14126395,-0.019040972,,36.2,26.4,22.9,14.5,78.9,0.9,15.7,21.1,50.2,27,89.7,24.9,99.72841,0.27158818,0.43699926,653.6,48.3,0,1,1,1
2020,43908,HB,500,54 Y 16 N ,Idaho,ID,0,33B,0,2,1,"Rep. Zollinger, Bryan N. [R]",1,0,0,1,0,0,0,0,0,1.594,2018,7849,5492,,13341,0.17667341,-0.019040972,,36.2,26.4,22.9,14.5,78.9,0.9,15.7,21.1,50.2,27,89.7,24.9,99.72841,0.27158818,0.43699926,653.6,48.3,0,1,1,1
2020,43908,HB,500,54 Y 16 N ,Idaho,ID,0,34A,0,2,1,"Sen. Ricks, Doug [R]",1,0,0,1,0,0,0,0,0,,2018,1,0,,1,1,0.62097955,,54.7,23,14.6,7.7,89.4,0.2,7.2,10.6,60.4,32.7,95.4,34,58.75095,41.24905,0.030365141,535.7,70.7,0,1,1,1
2020,43908,HB,500,54 Y 16 N ,Idaho,ID,0,34B,0,2,1,"Rep. Raybould, Britt [R]",1,0,0,1,0,1,0,0,0,0.843,2018,1,0,,1,1,0.62097955,,54.7,23,14.6,7.7,89.4,0.2,7.2,10.6,60.4,32.7,95.4,34,58.75095,41.24905,0.030365141,535.7,70.7,0,1,1,1
2020,43908,HB,500,54 Y 16 N ,Idaho,ID,0,35A,0,2,1,"Rep. Raymond, Jerald [R]",1,0,0,1,0,0,0,0,0,,2018,1,0,,1,1,0.24696803,,39.8,24.3,22.6,13.1,85.8,0.2,11.5,14.2,62.9,23.1,88.5,21.6,19.74962,80.25038,0.048913423,622.22,42.24,0,1,1,1
2020,43908,HB,500,54 Y 16 N ,Idaho,ID,0,35B,0,2,1,"Rep. Furniss, Rod [R]",1,0,0,1,0,0,0,0,0,1.148,2018,12116,2362,,14478,0.67371184,0.24696803,,39.8,24.3,22.6,13.1,85.8,0.2,11.5,14.2,62.9,23.1,88.5,21.6,19.74962,80.25038,0.048913423,622.22,42.24,0,1,1,1
2022,44588,HB,1041,66_30_1_3,Indiana,IN,0,1,0,2,1,"Rep. Jackson, Carolyn B. [D]",0,1,0,0,1,1,1,0,0,,2020,1,0,,1,1,-0.17549142,,36.3,26.3,25.4,12.2,37.1,20.7,39.7,62.9,35.4,43.9,83.1,14.7,100,0,0.3363033,505.7,122.3,0,1,1,1
2022,44588,HB,1041,66_30_1_3,Indiana,IN,0,2,0,2,1,"Rep. Harris Jr., Earl L. [D]",0,1,0,0,1,0,0,1,0,-0.789,2020,1,0,,1,1,-0.5632792,,36,25.4,22.6,16,14.8,48.5,35.1,85.2,32.1,45,79.1,11.4,100,0,0.32528678,505.7,122.3,0,1,1,1
2022,44588,HB,1041,66_30_1_3,Indiana,IN,0,3,0,2,1,"Rep. Hatcher, Ragen H. [D]",0,1,0,0,1,1,1,0,0,,2020,1,0,,1,1,-0.3962258,,34.5,25.5,24.2,15.8,34.4,48.9,13.2,65.6,33.6,42.9,85.1,15.2,82.53701,17.46299,0.53155077,505.7,122.3,0,1,1,1
2022,44588,HB,1041,66_30_1_3,Indiana,IN,0,4,0,2,1,"Rep. Soliday, Edmond \Ed\"" [R]""",1,0,0,1,0,0,0,0,0,,2020,20072,16704,,36776,0.091581464,-0.19614053,,31.7,24.7,26.4,16.9,85.5,2.3,7.1,14.5,50.6,31.3,94.8,37.9,72.08385,27.916157,0.21386631,382,128.3,0,1,1,1
2022,44588,HB,1041,66_30_1_3,Indiana,IN,0,6,0,2,1,"Rep. Bauer, Maureen [D]",0,1,0,0,1,1,0,0,0,-0.725,2020,1,0,,1,1,-0.34167662,,36.4,27.9,22.8,12.9,55.8,23,14,44.2,35.9,43,86.4,28.5,98.96757,1.032436,0.42032862,397.8,128,0,1,1,1
2022,44588,HB,1041,66_30_1_3,Indiana,IN,0,7,0,2,1,"Rep. Teshka, Jake [R]",1,0,0,1,0,0,0,0,0,,2020,14668,12498,,27166,0.07987926,-0.23996305,,31,24.4,26.8,17.7,69.4,13.6,12.8,30.6,49.6,29.6,87.9,21.9,88.55816,11.441838,0.26371723,390.65,152.8,0,1,1,1
2022,44588,HB,1041,66_30_1_3,Indiana,IN,0,8,0,2,1,"Rep. Dvorak, Ryan Michael [D]",0,1,0,0,1,0,0,0,0,-0.508,2020,16554,12568,,29122,0.13687247,0.10302282,,37.2,20.8,23.8,18.1,80.3,9.2,4.4,19.7,44.1,39.1,92.5,38.6,93.962875,6.037122,0.41088423,397.8,128,0,1,1,1
2022,44588,HB,1041,66_30_1_3,Indiana,IN,0,9,0,2,1,"Rep. Boy, Patricia \Pat\"" A. [D]""",0,1,0,0,1,1,0,0,0,,2020,15781,12096,,27877,0.13218783,-0.3671027,,27.3,28.4,26.1,18.3,73.8,15.9,6,26.2,44.7,32.8,90.3,21.9,85.239586,14.76041,0.2710806,371.4,107.75,0,1,1,1
2022,44588,HB,1041,66_30_1_3,Indiana,IN,0,11,0,2,1,"Rep. Aylesworth, Micheal \Mike\"" [R]""",1,0,0,1,0,0,0,0,0,0.804,2020,25742,11697,,37439,0.37514356,0.2952866,,32.6,22.8,28.3,16.3,90.1,0.7,7.4,9.9,59.4,25.4,94.6,23.6,100,0,0.06330449,408.525,139,0,1,1,1
2022,44588,HB,1041,66_30_1_3,Indiana,IN,0,12,0,2,1,"Rep. Andrade, Mike [D]",0,1,0,0,1,0,0,1,0,,2020,18733,13730,,32463,0.15411392,-0.005777418,,29.8,24.1,29,17.1,69.2,7.1,18.8,30.8,50.1,31.5,94.6,31.4,100,0,0.104489006,505.7,122.3,0,1,1,1
2022,44588,HB,1041,66_30_1_3,Indiana,IN,0,13,0,2,1,"Rep. Negele, Sharon [R]",1,0,0,1,0,1,0,0,0,0.878,2020,22080,8256,,30336,0.4556962,0.08573919,,32.3,24.2,27.3,16.2,89,2.8,6,11,54.2,25.8,91.3,22.3,96.62545,3.37455,0.09012892,332.425,156.3,0,1,1,1
2022,44588,HB,1041,66_30_1_3,Indiana,IN,0,14,0,2,1,"Rep. Smith, Vernon G. [D]",0,1,0,0,1,0,1,0,0,-0.808,2020,1,0,,1,1,-0.57999545,,32,25.2,25.7,17,32.1,47.8,16.2,67.9,36.4,40.9,88.4,18.5,100,0,0.14527845,505.7,122.3,0,1,1,1
2022,44588,HB,1041,66_30_1_3,Indiana,IN,0,15,0,2,1,"Rep. Slager, Harold \Hal\"" [R]""",1,0,0,1,0,0,0,0,0,0.816,2020,17813,16751,,34564,0.03072561,0.02865942,,26.7,23.4,29.7,20,77.5,4.1,11.7,22.5,56.5,27.8,93.8,33.6,51.58107,48.41893,0.20324378,505.7,122.3,0,1,1,1
2022,44588,HB,1041,66_30_1_3,Indiana,IN,0,16,0,2,1,"Rep. Gutwein, Doug L. [R]",1,0,0,1,0,0,0,0,0,0.959,2020,21686,7573,,29259,0.4823473,0.13064548,,31,23.4,27,18.7,91.9,0.3,5.1,8.1,51,26.3,87.8,13.1,32.935677,67.06432,0.1750458,368.45,176.175,0,1,1,1
2022,44588,HB,1041,66_30_1_3,Indiana,IN,0,17,0,2,1,"Rep. Jordan, Jack [R]",1,0,0,1,0,0,0,0,0,0.967,2020,19955,6748,,26703,0.4945886,0.4316899,,32.8,22.7,26.6,17.9,88.3,0.6,9.1,11.7,53,25.8,85.6,18.3,26.928513,73.07149,0.021059725,365.5,182.06667,0,1,1,1
2022,44588,HB,1041,66_30_1_3,Indiana,IN,0,18,0,2,1,"Rep. Snow, Craig [R]",1,0,0,1,0,0,0,0,0,,2020,22637,6353,,28990,0.56171095,0.11253629,,31.2,23.2,26.6,19,91.5,0.8,4.5,8.5,53.6,26.1,89.6,22.3,51.97078,48.02922,0.15245095,364.2,206.3,0,1,1,1
2022,44588,HB,1041,66_30_1_3,Indiana,IN,0,19,0,2,1,"Rep. Olthoff, Julie [R]",1,0,0,1,0,1,0,0,0,0.833,2020,19496,18135,,37631,0.03616699,0.12907797,,29.7,26,27.1,17.5,78.1,6.2,11.6,21.9,57.9,26.3,93,31.4,79.36524,20.634762,0.05174953,443.85,125.3,0,1,1,1
2022,44588,HB,1041,66_30_1_3,Indiana,IN,0,20,0,2,1,"Rep. Pressel, Jim [R]",1,0,0,1,0,0,0,0,0,0.706,2020,20028,9322,,29350,0.36477003,0.13497782,,31.9,22.8,27.9,17.4,87.5,2.4,7.1,12.5,51,27.9,89.6,18.1,35.79891,64.20109,0.03955696,316.15,112,0,1,1,1
2022,44588,HB,1041,66_30_1_3,Indiana,IN,0,21,0,2,1,"Rep. Wesco, Timothy [R]",1,0,0,1,0,0,0,0,0,,2020,15346,8446,,23792,0.29001346,0.12252107,,36.6,24.9,24.6,13.8,68.7,8.5,18.3,31.3,49.5,32.5,81.3,17.1,78.95245,21.047548,0.22640195,458.5,270.2,0,1,1,1
2022,44588,HB,1041,66_30_1_3,Indiana,IN,0,22,0,2,1,"Rep. Nisly, Curt [R]",1,0,0,1,0,0,0,0,0,0.753,2020,20694,8003,,28697,0.44224134,0.54156816,,33.9,24.8,25.3,16,87.7,0.5,8.8,12.3,56,25.4,84.5,21.7,50.839542,49.160458,0.06694231,402.925,214.175,0,1,1,1
2022,44588,HB,1041,66_30_1_3,Indiana,IN,0,23,0,2,1,"Rep. Manning, Ethan [R]",1,0,0,1,0,0,0,0,0,,2020,1,0,,1,1,0.04761168,,31.4,24.8,26.3,17.5,82.4,2.9,10.5,17.6,48.8,27.9,85.2,13.2,40.06852,59.93148,0.2296588,295.15,135.95,0,1,1,1
2022,44588,HB,1041,66_30_1_3,Indiana,IN,0,24,0,2,1,"Rep. Schaibley, Donna [R]",1,0,0,1,0,1,0,0,0,0.874,2020,30321,21853,,52174,0.16230306,0.42344123,,37,25.2,27.1,10.7,80.8,3.5,4.6,19.2,68.5,20.6,97.6,68.9,47.164192,52.835808,0.44836617,412.55,175.25,0,1,1,1
2022,44588,HB,1041,66_30_1_3,Indiana,IN,0,25,0,2,1,"Rep. Lehe, Donald \Don\"" J. [R]""",1,0,0,1,0,0,0,0,0,0.94,2020,22475,9500,,31975,0.40578577,0.3245428,,30.7,22.3,28.8,18.1,90.3,1,5.9,9.7,57.3,22.6,90.8,23.1,100,0,0.111053824,406.35,195.8,0,1,1,1
2022,44588,HB,1041,66_30_1_3,Indiana,IN,0,26,0,2,1,"Rep. Campbell, Chris [D]",0,1,0,0,1,1,0,0,0,,2020,1,0,,1,1,-0.12779741,,53.1,21.7,15.7,9.6,70.4,4.8,7.9,29.6,36.5,53.3,93.6,52.1,89.392265,10.607731,0.42724088,291.2,114.6,0,1,1,1
2022,44588,HB,1041,66_30_1_3,Indiana,IN,0,27,0,2,1,"Rep. Klinker, Sheila J. [D]",0,1,0,0,1,1,0,0,0,-0.266,2020,14631,8934,,23565,0.24175684,-0.49637043,,41.9,28,17.8,12.3,72.8,7.5,10.3,27.2,33,48.4,88.8,32.7,98.88386,1.1161431,0.21138719,291.2,114.6,0,1,1,1
2022,44588,HB,1041,66_30_1_3,Indiana,IN,0,28,0,2,1,"Rep. Thompson, Jeffrey A. [R]",1,0,0,1,0,0,0,0,0,1.045,2020,27826,11075,,38901,0.4306059,0.61814666,,33,25.9,26.9,14.3,90.6,4.2,1.8,9.4,61.4,23.2,94.6,38.2,47.420925,52.579075,0.012036591,387.8,201.4,0,1,1,1
2022,44588,HB,1041,66_30_1_3,Indiana,IN,0,29,0,2,1,"Rep. Goodrich, Chuck [R]",1,0,0,1,0,0,0,0,0,,2020,27618,14228,,41846,0.3199828,0.24802299,,36.8,27.4,23.9,11.9,87.6,3.9,3.5,12.4,59.8,26.5,95.7,47.2,94.5977,5.402299,0.10719755,400.2,160.3,0,1,1,1
2022,44588,HB,1041,66_30_1_3,Indiana,IN,0,30,0,2,1,"Rep. Karickhoff, Michael [R]",1,0,0,1,0,0,0,0,0,0.859,2020,19226,9839,,29065,0.32296577,0.2048831,,29.9,23.2,27.5,19.3,82.3,9.2,4,17.7,46.8,26.7,88.1,17.5,91.07016,8.929842,0.17473608,406,223.16667,0,1,1,1
2022,44588,HB,1041,66_30_1_3,Indiana,IN,0,31,0,2,1,"Rep. Vermilion, Ann [R]",1,0,0,1,0,1,0,0,0,,2020,1,0,,1,1,0.13517341,,33,21.5,26.4,19,85.8,6.9,3.7,14.2,47.4,30.4,89.3,17.1,74.80734,25.192654,0.32988515,332.9,203.9,0,1,1,1
2022,44588,HB,1041,66_30_1_3,Indiana,IN,0,32,0,2,1,"Rep. Cook, Anthony [R]",1,0,0,1,0,0,0,0,0,0.842,2020,26430,8615,,35045,0.50834644,0.36186597,,32.1,22.2,28,17.7,92.1,1.1,4.5,7.9,58.9,25.4,92.8,29.8,47.801907,52.198093,0.18967253,453.65,153.5,0,1,1,1
2022,44588,HB,1041,66_30_1_3,Indiana,IN,0,33,0,2,1,"Rep. Prescott, John \JD\"" [R]""",1,0,0,1,0,0,0,0,0,,2020,20198,7649,,27847,0.450641,0.35010013,,30.6,21.4,27.5,20.4,93.8,0.4,2.9,6.2,51.7,24.7,89.3,15.6,49.285336,50.714664,0.17607701,313.55,160.05,0,1,1,1
2022,44588,HB,1041,66_30_1_3,Indiana,IN,0,34,0,2,1,"Rep. Errington, Sue E. [D]",0,1,0,0,1,1,0,0,0,-0.54,2020,11293,8744,,20037,0.12721466,-0.015315827,,45.9,21.3,20,12.8,80,11.3,3.3,20,28.9,51.5,88,25.1,98.53298,1.4670205,0.52271813,310.9,155.7,0,1,1,1
2022,44588,HB,1041,66_30_1_3,Indiana,IN,0,35,0,2,1,"Rep. Rowray, Elizabeth [R]",1,0,0,1,0,1,0,0,0,,2020,16767,13570,,30337,0.10538287,0.28809565,,28.9,23.5,26.4,21.3,93.5,1.2,2.5,6.5,54,23,91.7,22.1,52.172955,47.827045,0.31591368,304.3,173.5,0,1,1,1
2022,44588,HB,1041,66_30_1_3,Indiana,IN,0,36,0,2,1,"Rep. Austin, Terri Jo [D]",0,1,0,0,1,1,0,0,0,-0.412,2020,12951,11485,,24436,0.059993453,-0.040643446,,31.1,24.7,25.3,18.8,75.8,13.4,5.6,24.2,40.6,31.5,87.4,16.9,84.606735,15.393267,0.17306897,304.3,173.5,0,1,1,1
2022,44588,HB,1041,66_30_1_3,Indiana,IN,0,37,0,2,1,"Rep. Huston, Todd [R]",1,0,0,1,0,0,0,0,0,1.035,2020,24591,19159,,43750,0.12416,0.35664013,,35.2,29.5,25.6,9.8,81.3,5.4,3.7,18.7,60.1,26.3,97.8,62.6,81.40151,18.598488,0.5550576,400.2,160.3,0,1,1,1
2022,44588,HB,1041,66_30_1_3,Indiana,IN,0,38,0,2,1,"Rep. VanNatter, Heath [R]",1,0,0,1,0,0,0,0,0,1.095,2020,20746,8272,,29018,0.4298711,0.12154706,,32.4,23.6,26.6,17.4,86.3,2.2,9.2,13.7,53.7,27.2,89.6,20.1,53.346333,46.653667,0.2547925,367.3,186.88333,0,1,1,1
2022,44588,HB,1041,66_30_1_3,Indiana,IN,0,39,0,2,1,"Rep. Torr, Gerald \Jerry\"" R. [R]""",1,0,0,1,0,0,0,0,0,1.107,2020,23396,20262,,43658,0.07178524,-0.03471094,,30.9,25.4,27.6,16,80.9,2.8,3.8,19.1,61.4,25,98.1,68.9,98.420586,1.5794162,0.0995768,400.2,160.3,0,1,1,1
2022,44588,HB,1041,66_30_1_3,Indiana,IN,0,40,0,2,1,"Rep. Steuerwald, Gregory E. [R]",1,0,0,1,0,0,0,0,0,0.928,2020,24004,15974,,39978,0.20086047,0.1401418,,34.1,28.9,25.7,11.3,75.5,10.2,6.2,24.5,56.9,26.6,94.4,41.5,93.03353,6.9664683,0.5526744,387.8,201.4,0,1,1,1
2022,44588,HB,1041,66_30_1_3,Indiana,IN,0,41,0,2,1,"Rep. Brown, Timothy \Tim\"" N. [R]""",1,0,0,1,0,0,0,0,0,1.164,2020,22639,7407,,30046,0.506956,0.20971586,,31.8,23.8,27.3,17,92.6,0.8,4.4,7.4,53.5,26.1,90.7,24.9,54.992992,45.007008,0.41233283,369.15,171.825,0,1,1,1
2022,44588,HB,1041,66_30_1_3,Indiana,IN,0,43,0,2,1,"Rep. Pfaff, Tonya [D]",0,1,0,0,1,1,0,0,0,,2020,13172,9722,,22894,0.1506945,-0.2148043,,40.1,22.9,21.3,15.6,84.3,8.2,2.5,15.7,35.6,43.7,87.7,22.5,89.22564,10.774359,0.4680311,237.6,121.6,0,1,1,1
2022,44588,HB,1041,66_30_1_3,Indiana,IN,0,44,0,2,1,"Rep. Baird, Beau [R]",1,0,0,1,0,0,0,0,0,0.911,2020,1,0,,1,1,-0.037809037,,31.1,23.4,27.7,17.7,93.2,1.5,1.7,6.8,54.9,27.2,89,17.1,37.293404,62.706596,0.14301337,312.25,172.9,0,1,1,1
2022,44588,HB,1041,66_30_1_3,Indiana,IN,0,45,0,2,1,"Rep. Borders, Bruce Alan [R]",1,0,0,1,0,0,0,0,0,0.714,2020,1,0,,1,1,0.24705938,,31.6,24.4,26,18,91.3,3.4,2.1,8.7,48.8,28.5,88,16.1,24.520895,75.4791,0.2252524,408.96,240.88,0,1,1,1
2022,44588,HB,1041,66_30_1_3,Indiana,IN,0,46,0,2,1,"Rep. Heaton, Robert \Bob\"" [R]""",1,0,0,1,0,0,0,0,0,1.009,2020,1,0,,1,1,0.29660133,,28,26.8,27.4,17.8,90.5,3.3,2.2,9.5,53.4,24.5,90.6,25.5,35.60967,64.39033,0.29173544,304.925,166.45,0,1,1,1
2022,44588,HB,1041,66_30_1_3,Indiana,IN,0,47,0,2,1,"Rep. Young, John T. [R]",1,0,0,1,0,0,0,0,0,0.916,2020,1,0,,1,1,0.24344718,,33.3,24.5,27.6,14.6,93.5,1.7,1.8,6.5,56.9,25.3,92,30.7,34.419163,65.58084,0.30254838,386.7,196.8,0,1,1,1
2022,44588,HB,1041,66_30_1_3,Indiana,IN,0,48,0,2,1,"Rep. Miller, Doug [R]",1,0,0,1,0,0,0,0,0,1.045,2020,16430,9105,,25535,0.28686118,0.031778436,,33.1,24.1,26.3,16.6,77.1,5.5,11.8,22.9,47.6,29.2,84.3,19.8,96.537796,3.4622002,0.471445,458.5,270.2,0,1,1,1
2022,44588,HB,1041,66_30_1_3,Indiana,IN,0,49,0,2,1,"Rep. King, Joanna [R]",1,0,0,1,0,1,0,0,0,,2020,,,,,1,0.2650572,,38.8,24.2,22.9,14,76.4,2.2,17.8,23.6,55.5,28.7,80.5,25,78.6611,21.338896,0.2144293,458.5,270.2,0,1,1,1
2022,44588,HB,1041,66_30_1_3,Indiana,IN,0,50,0,2,1,"Rep. Leonard, Daniel \Dan\"" J. [R]""",1,0,0,1,0,0,0,0,0,0.952,2020,21418,8517,,29935,0.4309671,0.30204374,,31.2,24.4,27.4,17.1,87.8,4.4,5.1,12.2,50.5,28.5,91.1,21.2,46.111473,53.888527,0.17009374,322,151.93333,0,1,1,1
2022,44588,HB,1041,66_30_1_3,Indiana,IN,0,51,0,2,1,"Rep. Zent, Dennis \Denny\"" J. [R]""",1,0,0,1,0,0,0,0,0,0.929,2020,17633,5250,,22883,0.5411441,0.12973705,,37,22.1,24.3,16.5,93.5,0.3,4.2,6.5,57.1,26.3,75,16.8,42.814533,57.185467,0.30434966,487.13333,325.33334,0,1,1,1
2022,44588,HB,1041,66_30_1_3,Indiana,IN,0,52,0,2,1,"Rep. Smaltz, Ben [R]",1,0,0,1,0,0,0,0,0,0.925,2020,24713,8322,1271,34306,0.47778815,-0.001281413,,33.7,25.7,26,14.7,92,1.2,2.8,8,56.8,26,92.6,25.7,32.649086,67.350914,0.53743887,343.83334,177,0,1,1,1
2022,44588,HB,1041,66_30_1_3,Indiana,IN,0,53,0,2,1,"Rep. Cherry, Robert \Bob\"" W. [R]""",1,0,0,1,0,0,0,0,0,0.959,2020,1,0,,1,1,0.13192573,,30,26.3,27.6,16.3,92.7,2.7,2.2,7.3,55.5,25.6,91.8,25.6,61.28193,38.71807,0.15373412,316.8,185.3,0,1,1,1
2022,44588,HB,1041,66_30_1_3,Indiana,IN,0,55,0,2,1,"Rep. Ziemke, Cindy Meyer [R]",0,1,0,1,0,1,0,0,0,0.866,2020,1,0,,1,1,0.25864893,,31.9,22.5,27,18.6,94,1,2.1,6,54.2,24.9,88.5,19.2,46.02528,53.97472,0.2840909,402.4,170.31667,0,1,1,1
2022,44588,HB,1041,66_30_1_3,Indiana,IN,0,56,0,2,1,"Rep. Barrett, Bradford \Brad\"" J. [R]""",1,0,0,1,0,0,0,0,0,,2020,1,0,,1,1,-0.033869073,,31.3,23.1,26.8,18.8,87.1,5,3.2,12.9,47.7,28.1,87.5,20.1,88.96519,11.034816,0.13148458,328.75,199.5,0,1,1,1
2022,44588,HB,1041,66_30_1_3,Indiana,IN,0,57,0,2,1,"Rep. Eberhart, Sean R. [R]",1,0,0,1,0,0,0,0,0,0.833,2020,1,0,,1,1,-0.036728717,,31.2,23.3,28.3,17.1,92.3,0.8,4.1,7.7,55.2,24.2,89.3,22.9,53.471817,46.528183,0.17002767,386.53333,221.9,0,1,1,1
2022,44588,HB,1041,66_30_1_3,Indiana,IN,0,58,0,2,1,"Rep. Davis, Michelle [R]",1,0,0,1,0,1,0,0,0,,2020,22282,10664,,32946,0.35263765,0.263971,,33.3,28.4,23.4,14.8,83.1,3.6,6.1,16.9,50.9,29,90.5,30.3,93.8797,6.120301,0.35612807,351.6,224.6,0,1,1,1
2022,44588,HB,1041,66_30_1_3,Indiana,IN,0,59,0,2,1,"Rep. Lauer, Ryan [R]",1,0,0,1,0,0,0,0,0,,2020,17729,11873,,29602,0.19782448,-0.26561788,,32.3,27.7,23.9,16.1,78.2,1.7,8.2,21.8,50.9,28.9,90.5,36.4,80.415344,19.584658,0.018716779,477.6,310,0,1,1,1
2022,44588,HB,1041,66_30_1_3,Indiana,IN,0,60,0,2,1,"Rep. Mayfield, Peggy [R]",1,0,0,1,0,1,0,0,0,0.944,2020,21712,12484,,34196,0.26985613,0.14160499,,31.7,22.4,28.5,17.2,90,0.6,1.9,10,51.2,28.7,89.5,28.7,64.18791,35.81209,0.48413125,385.9,232.15,0,1,1,1
2022,44588,HB,1041,66_30_1_3,Indiana,IN,0,61,0,2,1,"Rep. Pierce, Matt [D]",0,1,0,0,1,0,0,0,0,-0.698,2020,1,0,,1,1,-0.25980484,,56,23.7,12,8.3,78.9,4.7,4.3,21.1,20.1,68.3,93.8,54.4,91.54281,8.457193,0.8610618,281.6,148.2,0,1,1,1
2022,44588,HB,1041,66_30_1_3,Indiana,IN,0,62,0,2,1,"Rep. Ellington, Jeff [R]",1,0,0,1,0,0,0,0,0,1.016,2020,19036,12468,,31504,0.20848146,-0.42754987,,29.8,25.6,26.9,17.7,90.6,2,3,9.4,52.9,25.1,88.9,25.7,29.373804,70.6262,0.3699593,374.16666,245.26666,0,1,1,1
2022,44588,HB,1041,66_30_1_3,Indiana,IN,0,63,0,2,1,"Rep. Lindauer, Shane [R]",1,0,0,1,0,0,0,0,0,,2020,21494,7626,,29120,0.47623625,-0.12432531,,34.1,23.3,25.7,16.7,91.4,1.1,4.8,8.6,53,27.7,84.3,18.9,51.63374,48.36626,0.12521206,469.075,190.375,0,1,1,1
2022,44588,HB,1041,66_30_1_3,Indiana,IN,0,64,0,2,1,"Rep. Hostettler, Matt [R]",1,0,0,1,0,0,0,0,0,,2020,25191,7986,,33177,0.51858217,0.63725865,,30.6,23.6,27.6,18.1,94.9,1.6,1.4,5.1,61.3,21.2,92.8,24.9,58.16017,41.83983,0.031712055,444.06668,192.2,0,1,1,1
2022,44588,HB,1041,66_30_1_3,Indiana,IN,0,65,0,2,1,"Rep. May, Chris D. [R]",1,0,0,1,0,0,0,0,0,0.832,2020,23721,8803,,32524,0.45867667,0.44302252,,28.1,21.7,29.4,20.9,95.2,0.8,1.5,4.8,58.5,21,90.9,24,26.579521,73.42048,0.13128427,412.4,286.275,0,1,1,1
2022,44588,HB,1041,66_30_1_3,Indiana,IN,0,66,0,2,1,"Rep. Payne, Zach [R]",1,0,0,1,0,0,0,0,0,,2020,16585,13160,,29745,0.1151454,0.11760966,,31.4,24.6,27.5,16.3,91.9,1.3,3.4,8.1,47.6,27.9,86,18,59.48304,40.51696,0.46881947,359.83334,184.9,0,1,1,1
2022,44588,HB,1041,66_30_1_3,Indiana,IN,0,67,0,2,1,"Rep. Frye, Randall \Randy\"" [R]""",1,0,0,1,0,0,0,0,0,,2020,1,0,,1,1,0.34809548,,29.2,22.9,30,17.9,96.5,0.4,0.9,3.5,54.9,23.5,88,15.4,42.432762,57.567238,0.6785344,429.3,143.6,0,1,1,1
2022,44588,HB,1041,66_30_1_3,Indiana,IN,0,68,0,2,1,"Rep. Lyness, Randy [R]",1,0,0,1,0,0,0,0,0,0.95,2020,1,0,,1,1,0.66751254,,30.9,23.3,27.9,18,96.4,0.5,1.6,3.6,55.8,25.1,90,23.6,20.347765,79.65224,0.3626025,341.625,153.175,0,1,1,1
2022,44588,HB,1041,66_30_1_3,Indiana,IN,0,69,0,2,1,"Rep. Lucas, Jim [R]",1,0,0,1,0,0,0,0,0,0.967,2020,18784,4924,4186,27894,0.49688104,0.44674826,,32,25.4,27.1,15.5,89.1,1.5,5.8,10.9,52.6,24.3,88.8,15.7,48.684895,51.315105,0.19617075,418.775,279.525,0,1,1,1
2022,44588,HB,1041,66_30_1_3,Indiana,IN,0,70,0,2,1,"Rep. Engleman, Karen [R]",1,0,0,1,0,1,0,0,0,1.068,2020,25166,10437,,35603,0.4137011,0.26863393,,31.5,24.3,27.9,16.2,94.4,1,1.9,5.6,55,25.1,91.2,22.8,32.331707,67.6683,0.15291783,381.425,192.275,0,1,1,1
2022,44588,HB,1041,66_30_1_3,Indiana,IN,0,71,0,2,1,"Rep. Fleming, Rita [D]",0,1,0,0,1,1,0,0,0,,2020,19167,5523,,24690,0.55261236,-0.10482919,,29.1,27.4,26.4,17,75.3,9.9,7.4,24.7,43.8,32.2,89.6,19.2,96.22403,3.775968,0.56877714,444.9,221.05,0,1,1,1
2022,44588,HB,1041,66_30_1_3,Indiana,IN,0,72,0,2,1,"Rep. Clere, Edward \Ed\"" D. [R]""",0,1,0,1,0,0,0,0,0,0.845,2020,20850,14275,,35125,0.18718861,-0.28416982,,30.1,26,27.7,16.2,86.2,5.7,3.9,13.8,47.6,30.2,90.3,29.8,90.69215,9.30785,0.33275294,530.3,234.6,0,1,1,1
2022,44588,HB,1041,66_30_1_3,Indiana,IN,0,73,0,2,1,"Rep. Davisson, J. Michael [R]",1,0,0,1,0,0,0,0,0,0.862,2020,1,0,,1,1,0.06053329,,31,24.6,27.4,17.1,96.5,0.4,1.4,3.5,54.1,24,86.8,14.3,18.44389,81.556114,0.10537835,412.475,182.05,0,1,1,1
2022,44588,HB,1041,66_30_1_3,Indiana,IN,0,74,0,2,1,"Rep. Bartels, Steve [R]",1,0,0,1,0,0,0,0,0,0.851,2020,1,0,,1,1,0.25085157,,29.6,23.3,28.1,18.9,91.5,1.8,4.8,8.5,53.9,24.2,87.1,17.6,37.025005,62.974995,0.14719924,441.12,130.98,0,1,1,1
2022,44588,HB,1041,66_30_1_3,Indiana,IN,0,75,0,2,1,"Rep. Ledbetter, Cindy [R]",1,0,0,1,0,1,0,0,0,,2020,20945,13306,,34251,0.22302999,0.29554605,,31.6,24.4,26.8,17.1,92.4,1.5,2,7.6,60.3,21.5,92.9,26.5,80.9227,19.077297,0.2580198,349.5,166.83333,0,1,1,1
2022,44588,HB,1041,66_30_1_3,Indiana,IN,0,76,0,2,1,"Rep. McNamara, Wendy \Mac\"" [R]""",1,0,0,1,0,1,0,0,0,0.799,2020,18507,10391,,28898,0.28084987,0.27720594,,33.5,23.5,25.7,17.3,93.2,2.1,1.5,6.8,49,30.9,92.2,26.3,67.57942,32.420578,0.079963446,455.05,183.6,0,1,1,1
2022,44588,HB,1041,66_30_1_3,Indiana,IN,0,77,0,2,1,"Rep. Hatfield, Ryan [D]",0,1,0,0,1,0,0,0,0,-0.331,2020,13695,7975,,21670,0.26395938,-0.18153979,,32.2,27.4,26,14.5,70.2,19.9,4.2,29.8,34.7,39.2,86.3,20,99.25389,0.7461125,0.46181697,456.9,212.8,0,1,1,1
2022,44588,HB,1041,66_30_1_3,Indiana,IN,0,78,0,2,1,"Rep. O'Brien, Timothy \Tim\"" [R]""",1,0,0,1,0,0,0,0,0,,2020,,,,,1,0.20594455,,27.9,26,26.5,19.6,86.7,5.4,2.3,13.3,52.9,25.3,92.7,31.8,82.14454,17.855457,0.25801829,422.8,204.55,0,1,1,1
2022,44588,HB,1041,66_30_1_3,Indiana,IN,0,79,0,2,1,"Rep. Lehman, Matthew S. [R]",1,0,0,1,0,0,0,0,0,1.012,2020,1,0,,1,1,0.30426428,,36.2,22.2,24.5,17,92.8,1.2,4.2,7.2,55.6,25,88.7,17.2,48.347225,51.652775,0.17699115,562.6667,366.23334,0,1,1,1
2022,44588,HB,1041,66_30_1_3,Indiana,IN,0,80,0,2,1,"Rep. GiaQuinta, Philip [D]",0,1,0,0,1,0,0,0,0,-0.402,2020,1,0,,1,1,-0.3772824,,41.9,28.5,20.1,9.5,32.4,33,18.1,67.6,32.7,45.4,79.4,16.8,100,0,0.42223787,545.2,251.1,0,1,1,1
2022,44588,HB,1041,66_30_1_3,Indiana,IN,0,81,0,2,1,"Rep. Carbaugh, Martin [R]",1,0,0,1,0,0,0,0,0,0.803,2020,13725,12653,,26378,0.040639926,0.1608342,,30.6,28.7,25.8,14.8,76.1,8.4,7.6,23.9,42,36.3,88.4,24.3,100,0,0.43042105,545.2,251.1,0,1,1,1
2022,44588,HB,1041,66_30_1_3,Indiana,IN,0,82,0,2,1,"Rep. Abbott, David [R]",1,0,0,1,0,0,0,0,0,1.502,2020,1,0,,1,1,0.4278572,,33.3,23.9,27.3,15.6,88.4,0.6,8.8,11.6,56.1,24.8,85.3,16,73.37726,26.622746,0.117223814,545.2,251.1,0,1,1,1
2022,44588,HB,1041,66_30_1_3,Indiana,IN,0,83,0,2,1,"Rep. Judy, Christopher \Chris\"" N. [R]""",1,0,0,1,0,0,0,0,0,0.817,2020,24783,11953,1578,38314,0.33486453,0.18294667,,30.7,25.3,27.4,16.6,89.7,2.8,2.4,10.3,60.8,22.3,93.7,39.4,57.055496,42.944504,0.41921464,461.3,223.7,0,1,1,1
2022,44588,HB,1041,66_30_1_3,Indiana,IN,0,84,0,2,1,"Rep. Morris, Robert \Bob\"" [R]""",1,0,0,1,0,0,0,0,0,0.963,2020,21482,13670,,35152,0.22223486,0.010306958,,34.3,25.3,24,16.3,79.8,6.8,6.3,20.2,51.9,30.5,94.7,35,100,0,0.29022175,545.2,251.1,0,1,1,1
2022,44588,HB,1041,66_30_1_3,Indiana,IN,0,85,0,2,1,"Rep. Heine, Dave [R]",1,0,0,1,0,0,0,0,0,1.147,2020,21238,8332,,29570,0.43645588,0.12871325,,35.7,22.9,24.8,16.6,88.2,4.8,2.8,11.8,53.3,29,90.4,25.8,78.083336,21.916664,0.09276064,545.2,251.1,0,1,1,1
2022,44588,HB,1041,66_30_1_3,Indiana,IN,0,86,0,2,1,"Rep. DeLaney, Edward O. [D]",0,1,0,0,1,0,0,0,0,-0.51,2020,27901,11930,,39831,0.4009691,-0.39331752,,27.7,32.9,23.5,15.9,67.9,19.5,5.6,32.1,44.1,37,95.7,60,100,0,1.1288773,507.1,146.7,0,1,1,1
2022,44588,HB,1041,66_30_1_3,Indiana,IN,0,87,0,2,1,"Rep. Hamilton, Carey [D]",0,1,0,0,1,1,0,0,0,-0.561,2020,22729,13549,,36278,0.25304592,-0.18076797,,26.2,30.6,24.5,18.7,72.2,15.7,4.9,27.8,43.9,39.2,96.1,53.8,98.400635,1.5993657,0.8639441,507.1,146.7,0,1,1,1
2022,44588,HB,1041,66_30_1_3,Indiana,IN,0,88,0,2,1,"Rep. Jeter, Christopher \Chris\"" P. [R]""",1,0,0,1,0,0,0,0,0,,2020,26659,18285,,44944,0.18632075,0.06374833,,30.3,25.3,30.3,14,83,7.9,3.6,17,63.1,24.2,96.6,55.6,100,0,0.20026435,385.225,169.4,0,1,1,1
2022,44588,HB,1041,66_30_1_3,Indiana,IN,0,89,0,2,1,"Rep. Gore, Mitchell \Mitch\"" Alan [D]""",0,1,0,0,1,0,0,0,0,,2020,13898,13173,,27071,0.026781427,0.10954127,,33.3,26.7,24.1,15.9,67.1,20.1,7.8,32.9,42.8,38,88.5,22.1,99.66027,0.33973217,0.43850908,507.1,146.7,0,1,1,1
2022,44588,HB,1041,66_30_1_3,Indiana,IN,0,90,0,2,1,"Rep. Speedy, Mike [R]",1,0,0,1,0,0,0,0,0,1.062,2020,22311,12584,,34895,0.27875054,0.29132774,,35.8,29,22.6,12.6,78.8,5.7,4.5,21.2,55.6,29.5,91.9,37.5,96.59897,3.4010353,0.64935064,507.1,146.7,0,1,1,1
2022,44588,HB,1041,66_30_1_3,Indiana,IN,0,91,0,2,1,"Rep. Behning, Robert \Bob\"" W. [R]""",1,0,0,1,0,0,0,0,0,0.993,2020,16113,9300,1687,27100,0.2514022,0.29745197,,37.3,28.4,21.7,12.6,74,10.7,8.7,26,47.1,33,86.2,22.6,95.32759,4.67241,0.8320189,507.1,146.7,0,1,1,1
2022,44588,HB,1041,66_30_1_3,Indiana,IN,0,92,0,2,1,"Rep. Pack, Renee [D]",0,1,0,0,1,1,1,0,0,,2020,1,0,,1,1,0.013154828,,35.8,27.4,24.4,12.3,49.2,29.6,16.3,50.8,41.9,37.3,86.4,23.4,99.28941,0.71058774,0.3122498,507.1,146.7,0,1,1,1
2022,44588,HB,1041,66_30_1_3,Indiana,IN,0,93,0,2,1,"Rep. Jacob, John [R]",1,0,0,1,0,0,0,0,0,,2020,18485,11806,,30291,0.22049454,-0.058005072,,32.8,27.4,25.1,14.6,73.7,4.8,3.3,26.3,54.4,28.5,89,36.5,97.06674,2.933259,0.015287598,507.1,146.7,0,1,1,1
2022,44588,HB,1041,66_30_1_3,Indiana,IN,0,94,0,2,1,"Rep. Pryor, Cherrish S. [D]",0,1,0,0,1,1,1,0,0,-0.954,2020,21430,3629,,25059,0.71036357,-0.39372805,,40.4,30.5,20.6,8.7,20.9,56.6,16.3,79.1,36.1,45.8,89.4,33,100,0,0.673937,507.1,146.7,0,1,1,1
2022,44588,HB,1041,66_30_1_3,Indiana,IN,0,95,0,2,1,"Rep. Bartlett, John L. [D]",0,1,0,0,1,0,1,0,0,-0.948,2020,1,0,,1,1,-0.124974094,,38,29.4,22.2,10.4,29.8,49.2,15.7,70.2,34.4,46.3,82.7,23.2,100,0,0.5016532,507.1,146.7,0,1,1,1
2022,44588,HB,1041,66_30_1_3,Indiana,IN,0,96,0,2,1,"Rep. Porter, Gregory W. [D]",0,1,0,0,1,0,1,0,0,,2020,1,0,,1,1,-0.793106,,32.9,32.2,22.8,12.1,44.6,41.5,7.6,55.4,30.4,52.7,87.3,39.6,100,0,1.0636809,507.1,146.7,0,1,1,1
2022,44588,HB,1041,66_30_1_3,Indiana,IN,0,97,0,2,1,"Rep. Moed, Justin [D]",0,1,0,0,1,0,0,0,0,-0.255,2020,9707,6962,816,17485,0.1569917,0.12073277,,35.4,32.3,22.8,9.4,65.8,11.5,15,34.2,30.3,48.8,75.6,21.5,100,0,0.2467438,507.1,146.7,0,1,1,1
2022,44588,HB,1041,66_30_1_3,Indiana,IN,0,98,0,2,1,"Rep. Shackleford, Robin [D]",0,1,0,0,1,1,1,0,0,-0.781,2020,1,0,,1,1,-0.4281694,,34.6,28.6,25.8,11,28.6,55.8,11.5,71.4,27.9,52.8,80.6,12.9,100,0,0.3798382,507.1,146.7,0,1,1,1
2022,44588,HB,1041,66_30_1_3,Indiana,IN,0,99,0,2,1,"Rep. Summers, Vanessa J. [D]",0,1,0,0,1,1,1,0,0,-0.923,2020,1,0,,1,1,-0.2437713,,38.4,29.2,22.3,10.2,27.2,45.6,19.6,72.8,27.5,52,81.1,19.8,100,0,0.60353553,507.1,146.7,0,1,1,1
2022,44588,HB,1041,66_30_1_3,Indiana,IN,0,100,0,2,1,"Rep. Johnson, Blake [D]",0,1,0,0,1,0,0,0,0,,2020,16353,8037,,24390,0.3409594,-0.25113124,,28.7,32.8,26.5,11.9,68.9,17.8,8.7,31.1,31.9,46.7,80.3,26.1,100,0,0.5788818,507.1,146.7,0,1,1,1
2022,44621,HB,1041,32_18,Indiana,IN,1,1,0,4,1,"Sen. Griffin, Michael [D]",0,1,0,0,1,0,0,0,0,,2018,,,,,1,-0.11865221,,29.9,24.9,28.1,17.2,64.8,9.8,20.5,35.2,50,32.4,92.9,29,100,0,0.17676459,385.7,102.5,0,1,1,1
2022,44621,HB,1041,32_18,Indiana,IN,1,2,0,4,1,"Sen. Randolph, Lonnie Marcus [D]",0,1,0,0,1,0,1,0,0,-0.639,2020,1,0,,1,1,-0.24226224,,35.6,25.9,24.6,14,30.9,31,35.7,69.1,34.4,43.7,82.7,14,100,0,0.26400068,505.7,122.3,0,1,1,1
2022,44621,HB,1041,32_18,Indiana,IN,1,3,0,4,1,"Sen. Melton, Eddie [D]",0,1,0,0,1,0,1,0,0,-0.984,2020,1,0,,1,1,-0.529284,,32.2,25.4,24.8,17.7,34.3,49.5,12.4,65.7,36.6,40.4,86.9,18.3,98.95603,1.0439675,0.3330807,505.7,122.3,0,1,1,1
2022,44621,HB,1041,32_18,Indiana,IN,1,4,0,4,1,"Sen. Pol Jr., Rodney [D]",0,1,0,0,1,0,0,0,0,,2018,,,,,1,-0.032496255,,29.6,28,26.4,15.9,75.4,9.8,10.8,24.6,46.7,31.9,90.8,21.4,87.53241,12.467587,0.33508855,371.4,107.75,0,1,1,1
2022,44621,HB,1041,32_18,Indiana,IN,1,5,0,4,1,"Sen. Charbonneau, Ed [R]",0,1,0,1,0,0,0,0,0,0.811,2020,43664,22740,,66404,0.3151015,0.16739611,,31.2,24,27.3,17.5,88.3,1.6,6.6,11.7,52.5,28.1,92.2,26.3,47.625446,52.374554,0.19745108,396.075,174.05,0,1,1,1
2022,44621,HB,1041,32_18,Indiana,IN,1,6,0,4,1,"Sen. Niemeyer, Rick [R]",1,0,0,1,0,0,0,0,0,0.796,2018,32354,18819,,51173,0.26449496,0.12284703,,31.2,23.4,28,17.4,86.7,1.7,8,13.3,58,25.6,92.6,27.8,70.2058,29.794195,0.10853094,419.25,132.45,0,1,1,1
2022,44621,HB,1041,32_18,Indiana,IN,1,7,0,4,1,"Sen. Buchanan, Brian [R]",1,0,0,1,0,0,0,0,0,0.829,2020,39566,17385,,56951,0.38947517,0.1675083,,32.4,25.4,25.8,16.3,86,2.5,9.1,14,51.1,28,89.5,23,41.899773,58.100227,0.17940368,393.3,193.525,0,1,1,1
2022,44621,HB,1041,32_18,Indiana,IN,1,8,0,4,1,"Sen. Bohacek, Mike [R]",1,0,0,1,0,0,0,0,0,0.663,2020,35329,24132,,59461,0.1883083,-0.020666637,,29.4,21.8,28.9,19.8,86.1,4.8,5.8,13.9,53.2,25.4,90.3,22.6,69.64386,30.356142,0.12038134,353.4,132.4,0,1,1,1
2022,44621,HB,1041,32_18,Indiana,IN,1,9,0,4,1,"Sen. Mishler, Ryan D. [R]",1,0,0,1,0,0,0,0,0,0.892,2020,42414,14216,,56630,0.49793395,0.275389,,34.1,25.4,24.7,15.6,84.8,1.9,9.9,15.2,53.8,27.7,85.9,22.8,60.348545,39.651455,0.160401,393.9,197.275,0,1,1,1
2022,44621,HB,1041,32_18,Indiana,IN,1,10,0,4,1,"Sen. Niezgodski, David L. [D]",0,1,0,0,1,0,0,0,0,-0.377,2020,1,0,,1,1,-0.115633875,,39.8,26.5,20.9,12.7,59.3,19.2,13.9,40.7,33.1,47,85.8,26.3,100,0,0.41924238,397.8,128,0,1,1,1
2022,44621,HB,1041,32_18,Indiana,IN,1,11,0,4,1,"Sen. Rogers, Linda [R]",1,0,0,1,0,1,0,0,0,,2018,27029,17179,,44208,0.22281036,0.12537944,,32.2,24.7,26.3,16.9,78.1,7.2,7.6,21.9,51.1,28.7,89.5,31.3,97.28833,2.7116685,0.47467726,428.15,199.1,0,1,1,1
2022,44621,HB,1041,32_18,Indiana,IN,1,12,0,4,1,"Sen. Doriot, Blake [R]",1,0,0,1,0,0,0,0,0,0.855,2020,32751,15030,,47781,0.37087965,0.16546816,,37.8,24.5,23.6,14,74,4.1,18.3,26,52.7,29.8,80.2,21.3,80.25186,19.74814,0.16253377,397.15,241.75,0,1,1,1
2022,44621,HB,1041,32_18,Indiana,IN,1,13,0,4,1,"Sen. Glick, Susan C. [R]",1,0,0,1,0,1,0,0,0,0.739,2020,1,0,,1,1,0.30251738,,34.6,22.8,25.9,16.7,91.4,0.4,6.2,8.6,55.8,26,80.4,16.3,35.59429,64.40571,0.26052266,409.9,264.1,0,1,1,1
2022,44621,HB,1041,32_18,Indiana,IN,1,14,0,4,1,"Sen. Kruse, Dennis K. [R]",1,0,0,1,0,0,0,0,0,1.085,2018,1,0,,1,1,0.14923581,,35.8,23.4,25.4,15.5,82.4,7.4,4.1,17.6,54.7,27.2,89.9,24.3,61.766483,38.233517,0.14385901,448.4,228.15,0,1,1,1
2022,44621,HB,1041,32_18,Indiana,IN,1,15,0,4,1,"Sen. Brown, Elizabeth \Liz\"" M. [R]""",0,1,0,1,0,1,0,0,0,0.994,2018,23980,19321,,43301,0.10759567,-0.164764,,35.7,26.8,22.9,14.5,65.8,15.5,9.9,34.2,43.7,36.9,90,28.5,98.92898,1.0710229,0.47454125,545.2,251.1,0,1,1,1
2022,44621,HB,1041,32_18,Indiana,IN,1,16,0,4,1,"Sen. Busch, Justin [R]",1,0,0,1,0,0,0,0,0,,2020,35382,25767,,61149,0.15723887,0.24748404,,32.4,28.2,25.4,14.1,76.6,7.8,7.7,23.4,48.9,32.5,90.3,31.6,97.10078,2.899223,0.34973446,433,267.3,0,1,1,1
2022,44621,HB,1041,32_18,Indiana,IN,1,17,0,4,1,"Sen. Zay, Andy [R]",1,0,0,1,0,0,0,0,0,1.083,2018,30320,11911,,42231,0.435912,0.3132407,,32.3,22.4,26.8,18.5,89.9,3.7,3.4,10.1,49.7,28.5,89.8,19.6,44.048878,55.951122,0.322074,377.7,193.93333,0,1,1,1
2022,44621,HB,1041,32_18,Indiana,IN,1,18,0,4,1,"Sen. Donato, Stacey [R]",1,0,0,1,0,0,0,0,0,,2020,38223,13961,,52184,0.4649318,0.22746606,,30.5,23.4,27.6,18.4,87.9,1.8,7.2,12.1,51.3,26,86.6,14.4,42.503384,57.496616,0.14579953,343.88,190.9,0,1,1,1
2022,44621,HB,1041,32_18,Indiana,IN,1,19,0,4,1,"Sen. Holdman, Travis [R]",1,0,0,1,0,0,0,0,0,1.024,2018,1,0,,1,1,0.53376293,,34.3,22.2,25.5,18,94,0.8,3.3,6,55,25,89.6,16.6,56.086838,43.913162,0.11873324,502,303.92,0,1,1,1
2022,44621,HB,1041,32_18,Indiana,IN,1,20,0,4,1,"Sen. Baldwin, Scott A. [R]",1,0,0,1,0,0,0,0,0,,2020,56629,34004,,90633,0.24963313,0.44569406,,35.6,27.2,25,12.3,84.3,3.6,4.8,15.7,62.2,24.5,96.6,54.4,82.516884,17.483118,0.33767837,400.2,160.3,0,1,1,1
2022,44621,HB,1041,32_18,Indiana,IN,1,21,0,4,1,"Sen. Buck, James \Jim\"" R. [R]""",1,0,0,1,0,0,0,0,0,1.057,2018,29797,15733,,45530,0.30889523,0.4837449,,29.9,22.8,28.2,19.1,87.5,5.7,3.4,12.5,53,25.5,90.6,22,84.33625,15.663747,0.20688215,406,223.16667,0,1,1,1
2022,44621,HB,1041,32_18,Indiana,IN,1,22,0,4,1,"Sen. Alting, Ronnie J. [R]",0,1,0,1,0,0,0,0,0,0.666,2018,20727,16721,,37448,0.106975004,0.024827436,,47.9,23.1,18.1,10.8,73,5.4,8.6,27,39,48.3,92.8,43.1,87.28637,12.713628,0.28941298,296.35,138.25,0,1,1,1
2022,44621,HB,1041,32_18,Indiana,IN,1,23,0,4,1,"Sen. Boots, Philip \Phil\"" L. [R]""",0,1,0,1,0,0,0,0,0,0.936,2018,1,0,,1,1,0.20735925,,31.3,24.6,27.1,17.2,92.3,1.2,3.3,7.7,56.6,23.5,90.3,24.1,51.33188,48.66812,0.21831574,286.65,178.05,0,1,1,1
2022,44621,HB,1041,32_18,Indiana,IN,1,24,0,4,1,"Sen. Crane, John [R]",1,0,0,1,0,0,0,0,0,1.197,2020,50755,26681,,77436,0.310889,0.46662465,,33.7,26,27,13.3,84.4,6.7,3.7,15.6,60.1,24.4,94.1,38.8,78.14404,21.855957,0.2880953,338.35,170.2,0,1,1,1
2022,44621,HB,1041,32_18,Indiana,IN,1,25,0,4,1,"Sen. Lanane, Timothy \Tim\"" [D]""",0,1,0,0,1,0,0,0,0,-0.567,2018,19577,16640,1517,37734,0.077834316,0.14796765,,37.7,22.5,23.7,16.1,79.5,11.3,4.4,20.5,35.7,40.5,87.8,19.8,84.39675,15.6032505,0.35396537,352.25,166.9,0,1,1,1
2022,44621,HB,1041,32_18,Indiana,IN,1,26,0,4,1,"Sen. Gaskill, Mike [R]",1,0,0,1,0,0,0,0,0,,2018,27647,18556,1625,47828,0.19007695,0.30299467,,28.8,24.5,27.1,19.5,91.7,3,2.4,8.3,51.4,25.6,91.2,21.9,76.65563,23.344372,0.27007416,293.45,135.4,0,1,1,1
2022,44621,HB,1041,32_18,Indiana,IN,1,27,0,4,1,"Sen. Raatz, Jeff [R]",1,0,0,1,0,0,0,0,0,0.965,2018,27795,11429,,39224,0.41724455,-5.36E-04,,31.1,22.8,27.2,19,91,2.6,2.7,9,51.4,26.3,88.5,19.5,59.3246,40.6754,0.20579869,319.775,157.4,0,1,1,1
2022,44621,HB,1041,32_18,Indiana,IN,1,28,0,4,1,"Sen. Crider, Michael \Mike\"" R. [R]""",1,0,0,1,0,0,0,0,0,0.785,2020,42582,25434,,68016,0.25211716,0.23084487,,31.1,25,27.4,16.6,80.8,12.1,3.7,19.2,50.9,30.8,91.5,28.6,73.62408,26.375925,0.39212742,419.4,170.93333,0,1,1,1
2022,44621,HB,1041,32_18,Indiana,IN,1,29,0,4,1,"Sen. Ford, J.D. [D]",0,1,1,0,1,0,0,0,0,,2018,31974,24403,,56377,0.13429235,0.09433531,,33.8,27.1,25.4,13.7,61.7,20,8.2,38.3,50,32.5,94.6,53.5,99.62748,0.3725185,0.40954384,444.06668,165.73334,0,1,1,1
2022,44621,HB,1041,32_18,Indiana,IN,1,30,0,4,1,"Sen. Qaddoura, Fady [D]",0,1,0,0,1,0,0,0,1,,2020,42268,38145,,80413,0.051272806,0.117202744,,27.3,30.6,25.5,16.6,75.9,12.5,3.9,24.1,49.5,34.1,96.5,61,100,0,0.9424899,507.1,146.7,0,1,1,1
2022,44621,HB,1041,32_18,Indiana,IN,1,31,0,4,1,"Sen. Walker, Kyle [R]",1,0,0,1,0,0,0,0,0,,2018,30221,28612,,58833,0.027348597,0.053287692,,34.1,29,25.4,11.7,70.6,13.4,8.1,29.4,55.7,30.8,95.5,56,100,0,0.41539535,453.65,153.5,0,1,1,1
2022,44621,HB,1041,32_18,Indiana,IN,1,32,0,4,1,"Sen. Freeman, Aaron [R]",1,0,0,1,0,0,0,0,0,1.064,2020,35517,24688,,60205,0.17986879,0.22181165,,34.6,28.1,23.8,13.4,73.7,12.1,6.7,26.3,48.6,34.1,87.6,28.4,96.412346,3.5876517,0.5431971,429.35,185.65,0,1,1,1
2022,44621,HB,1041,32_18,Indiana,IN,1,33,0,4,1,"Sen. Taylor, Greg [D]",0,1,0,0,1,0,1,0,0,-0.536,2020,1,0,,1,1,-0.43544728,,39.9,29.8,21.8,8.5,29.7,46.4,17.4,70.3,30.5,51.2,84.5,28.8,100,0,0.7284244,507.1,146.7,0,1,1,1
2022,44621,HB,1041,32_18,Indiana,IN,1,34,0,4,1,"Sen. Breaux, Jean D. [D]",0,1,0,0,1,1,1,0,0,-0.693,2020,1,0,,1,1,-0.57870823,,33.9,30.3,24.5,11.4,29.9,54.3,10.9,70.1,28.1,52.2,80.8,20.7,100,0,0.5078035,507.1,146.7,0,1,1,1
2022,44621,HB,1041,32_18,Indiana,IN,1,35,0,4,1,"Sen. Young, R. Michael [R]",1,0,0,1,0,0,0,0,0,1.114,2020,29557,21446,,51003,0.15902986,0.073722035,,34.9,28.4,23.7,13,67,16.3,11.7,33,44.3,34.7,84.6,21.5,98.900764,1.099235,0.43270963,447.45,174.05,0,1,1,1
2022,44621,HB,1041,32_18,Indiana,IN,1,36,0,4,1,"Sen. Sandlin, Jack E. [R]",1,0,0,1,0,0,0,0,0,0.944,2020,27601,23633,,51234,0.07744857,0.21161139,,34.1,31,22.6,12.3,70,8.6,7.3,30,40.8,40.5,83.9,30.6,99.303635,0.6963625,0.2865384,429.35,185.65,0,1,1,1
2022,44621,HB,1041,32_18,Indiana,IN,1,37,0,4,1,"Sen. Bray, Rodric D. [R]",1,0,0,1,0,0,0,0,0,0.941,2020,52044,15423,,67467,0.5427987,0.30883,,32,23.7,29,15.5,93.5,1,1.6,6.5,57.3,25.4,90.3,25.8,36.540432,63.459568,0.37592396,325.8,188.725,0,1,1,1
2022,44621,HB,1041,32_18,Indiana,IN,1,38,0,4,1,"Sen. Ford, Jon [R]",1,0,0,1,0,0,0,0,0,0.745,2018,21508,16969,,38477,0.11796658,-0.06892369,,34.7,24.5,24.2,16.7,86.7,6.2,2.6,13.3,43.3,35,89.8,23.5,64.46852,35.531483,0.40076146,346.63333,196.4,0,1,1,1
2022,44621,HB,1041,32_18,Indiana,IN,1,39,0,4,1,"Sen. Bassler, Eric S. [R]",0,1,0,1,0,0,0,0,0,0.836,2018,1,0,,1,1,0.33276817,,31,23.5,27.1,18.2,93.5,1.2,2.6,6.5,53.3,24.7,85.2,14,33.28165,66.71835,0.19664475,387.95,217.43333,0,1,1,1
2022,44621,HB,1041,32_18,Indiana,IN,1,40,0,4,1,"Sen. Yoder, Shelli [D]",0,1,0,0,1,1,0,0,0,,2020,1,0,,1,1,-0.18106136,,42.5,24.9,19.8,12.8,82.7,3.4,3.6,17.3,36.1,48.3,93.2,45.8,74.849884,25.150114,0.55107933,281.6,148.2,0,1,1,1
2022,44621,HB,1041,32_18,Indiana,IN,1,41,0,4,1,"Sen. Walker, Greg [R]",0,1,0,1,0,0,0,0,0,1.11,2018,28888,14458,,43346,0.3329027,0.25544652,,33.4,27.1,24.1,15.6,85.2,2.6,5.7,14.8,49.3,29.2,89.7,27.5,74.61067,25.389328,0.2552033,414.6,267.3,0,1,1,1
2022,44621,HB,1041,32_18,Indiana,IN,1,42,0,4,1,"Sen. Leising, Jean [R]",1,0,0,1,0,1,0,0,0,0.807,2020,1,0,,1,1,0.2315126,,30.9,23.5,27.7,17.9,93.4,1.7,2.8,6.6,52.8,24.3,88.4,17.3,50.227856,49.772144,0.2153214,415.97144,175.38571,0,1,1,1
2022,44621,HB,1041,32_18,Indiana,IN,1,43,0,4,1,"Sen. Perfect Jr., Clyde \Chip\"" A. [R]""",0,1,0,1,0,0,0,0,0,0.943,2018,1,0,,1,1,0.4166232,,30.9,23.3,28.5,17.3,95.1,0.7,1.9,4.9,54.1,25.2,89.3,19.4,31.300114,68.69989,0.43414187,335.66666,156.71666,0,1,1,1
2022,44621,HB,1041,32_18,Indiana,IN,1,44,0,4,1,"Sen. Koch, Eric Allan [R]",1,0,0,1,0,0,0,0,0,0.96,2020,43907,16267,,60174,0.45933458,0.26113084,,30.2,25.5,26.8,17.8,87.8,1.3,5,12.2,55.7,23.3,90.2,26,43.461075,56.538925,0.1424231,379.54,250.6,0,1,1,1
2022,44621,HB,1041,32_18,Indiana,IN,1,45,0,4,1,"Sen. Garten, Chris [R]",1,0,0,1,0,0,0,0,0,0.784,2018,30357,16493,1554,48404,0.2864226,0.22381411,,31.6,25.1,27.4,15.9,92.1,1.8,2.7,7.9,51.6,26.4,88.7,18.9,45.613056,54.386944,0.3719939,444.9,221.05,0,1,1,1
2022,44621,HB,1041,32_18,Indiana,IN,1,46,0,4,1,"Sen. Boehnlein, Kevin [R]",1,0,0,1,0,0,0,0,0,,2018,27012,22571,,49583,0.08956699,0.07553138,,29.9,26.4,27.2,16.5,81.9,7.3,5.4,18.1,46,30.9,89.7,24.5,89.45072,10.549275,0.43333396,507.1,146.7,0,1,1,1
2022,44621,HB,1041,32_18,Indiana,IN,1,47,0,4,1,"Sen. Byrne, Gary [R]",1,0,0,1,0,0,0,0,0,,2018,31853,16064,,47917,0.32950726,0.31835938,,29.9,23.5,28.7,18,95.5,1,1.5,4.5,53.4,24.9,87.6,16.3,22.315577,77.684425,0.15952507,388.73334,187.2,0,1,1,1
2022,44621,HB,1041,32_18,Indiana,IN,1,48,0,4,1,"Sen. Messmer, Mark B. [R]",1,0,0,1,0,0,0,0,0,0.873,2018,1,0,,1,1,0.07331621,,31.2,23.4,27.1,18.5,91.2,1.9,4.2,8.8,53.5,25.2,89.3,18.7,46.341644,53.658356,0.13819048,414.78333,119.65,0,1,1,1
2022,44621,HB,1041,32_18,Indiana,IN,1,49,0,4,1,"Sen. Tomes, James [R]",1,0,0,1,0,0,0,0,0,0.737,2018,28895,16276,,45171,0.27936065,0.14708562,,31.4,23.9,27.7,17,92.3,3.5,1.4,7.7,51.5,27.9,91.1,25.6,80.863716,19.136286,0.15577522,455.05,183.6,0,1,1,1
2022,44621,HB,1041,32_18,Indiana,IN,1,50,0,4,1,"Sen. Becker, Vaneta G. [R]",1,0,0,1,0,1,0,0,0,0.42,2020,1,0,,1,1,0.3809632,,31.3,26.8,25,16.9,80.3,10.5,3.4,19.7,49.5,29.8,92.1,30.9,85.53043,14.469564,0.32539538,422.8,204.55,0,1,1,1
2022,44613,HF ,2416,55_39_6,Iowa,IA,0,1,0,2,1,"Rep. Wills, John H. [R]",1,0,0,1,0,0,0,0,0,0.898,2020,1,0,,1,1,0.29386303,,29.7,21,25.9,23.5,94,0.3,3.4,6,60.1,21.5,93.2,25,96.12977,3.8702283,0.029924441,609.63336,154.53334,0,1,0,0
2022,44613,HF,2416,55_39_6,Iowa,IA,0,2,0,2,1,"Rep. Hess Jones, Megan [R]",1,0,0,1,0,1,0,0,0,,2020,1,0,,1,1,0.37724525,,30.3,22.8,26.2,20.5,92.9,0.5,3.6,7.1,54.9,24.5,94,24.6,94.922356,5.0776477,0.16900976,629.7,125.73333,0,1,0,0
2022,44613,HF,2416,55_39_6,Iowa,IA,0,3,0,2,1,"Rep. Bush, Dennis J. [R]",1,0,0,1,0,0,0,0,0,,2020,1,0,,1,1,0.20876512,,30.5,22.3,26,21.2,91.9,1.9,3.9,8.1,59.2,22.9,92.3,21.9,52.456577,47.543423,0.030852295,619.86664,163.23334,0,1,0,0
2022,44613,HF,2416,55_39_6,Iowa,IA,0,4,0,2,1,"Rep. Wheeler, Skyler [R]",1,0,0,1,0,0,0,0,0,1.421,2020,13149,2870,43,16062,0.63995767,0.5132222,,40.7,22.7,21,15.5,86.5,0.4,11,13.5,62.5,27.5,91.7,30.5,29.363024,70.63698,0.11905852,746.4,304,0,1,0,0
2022,44613,HF ,2416,55_39_6,Iowa,IA,0,5,0,2,1,"Rep. Jeneary, Thomas [R]",1,0,0,1,0,0,0,0,0,,2020,1,0,,1,1,0.03784409,,31.7,21.9,26.8,19.5,91.4,1.3,5.4,8.6,62,23,93.6,22.6,27.146116,72.85388,0.14745638,547.8,112.25,0,1,0,0
2022,44613,HF ,2416,55_39_6,Iowa,IA,0,6,0,2,1,"Rep. Bossman, Jacob [R]",1,0,0,1,0,0,0,0,0,,2020,1,0,,1,1,0.120104365,,32.3,23.9,25.7,18.2,85.6,2.1,7.6,14.4,53.7,27.9,94,30.1,69.167244,30.83276,0.62333035,484.4,110.8,0,1,0,0
2022,44613,HF ,2416,55_39_6,Iowa,IA,0,7,0,2,1,"Rep. Stone, Henry [R]",1,0,0,1,0,0,0,0,0,,2020,9464,5847,13,15324,0.23603497,0.04989687,,30.7,20.2,26.7,22.5,90.4,1.5,6.2,9.6,49.2,29.2,92.5,19.9,35.165092,64.83491,0,692.4667,115.4,0,1,0,0
2022,44613,HF,2416,55_39_6,Iowa,IA,0,8,0,2,1,"Rep. Baxter, Terry [R]",1,0,0,1,0,0,0,0,0,0.691,2020,11250,3838,23,15111,0.4905036,0.15561914,,30,22.2,25.8,21.9,90,0.8,7.5,10,59.6,23.2,93.3,19,39.337475,60.662525,0.16985793,637.4,176.9,0,1,0,0
2022,44613,HF,2416,55_39_6,Iowa,IA,0,9,0,2,1,"Rep. Meyer, Ann [R]",1,0,0,1,0,1,0,0,0,,2020,7717,5720,20,13457,0.14839861,-0.16069502,,32.6,24.5,24.5,18.4,83.8,5.2,6.6,16.2,41.8,34.5,90.2,21.6,47.599545,52.400455,0.20025031,497.6,118.8,0,1,0,0
2022,44613,HF ,2416,55_39_6,Iowa,IA,0,10,0,2,1,"Rep. Sexton, Michael \Mike\"" V. [R]""",1,0,0,1,0,0,0,0,0,0.61,2020,11871,3823,29,15723,0.5118616,0.034660436,,29.9,21.5,27.1,21.6,93.4,0.9,3.3,6.6,56.5,21.9,93.2,19.2,47.56287,52.43713,0.07672831,526.375,104.8,0,1,0,0
2022,44613,HF ,2416,55_39_6,Iowa,IA,0,11,0,2,1,"Rep. Worthan, Gary [R]",1,0,0,1,0,0,0,0,0,0.681,2020,8474,4411,11,12896,0.31505895,0.23401693,,34.8,22.5,24.9,17.8,69.9,1.8,18.6,30.1,53.7,26.6,83.1,19.7,24.571428,75.42857,0.02517412,600.1,183.15,0,1,0,0
2022,44613,HF ,2416,55_39_6,Iowa,IA,0,12,0,2,1,"Rep. Best, Brian [R]",1,0,0,1,0,0,0,0,0,0.773,2020,11702,3280,457,15439,0.54550165,0.2149123,,31.2,20.8,27.1,20.9,93.3,0.4,3.7,6.7,56.6,25.3,92.6,21.9,48.936024,51.063976,0.05382959,613.0333,222.8,0,1,0,0
2022,44613,HF ,2416,55_39_6,Iowa,IA,0,13,0,2,1,"Rep. Hall, Chris [D]",0,1,0,0,1,0,0,0,0,-0.71,2020,6625,4719,25,11369,0.16764887,0.15803692,,39.4,27.7,21.5,11.5,62.2,4.6,24.4,37.8,45.4,37.4,84.7,21.3,95.91608,4.0839267,0.26371756,484.4,110.8,0,1,0,0
2022,44613,HF,2416,55_39_6,Iowa,IA,0,14,0,2,1,"Rep. Hansen, Steve [D]",0,1,0,0,1,0,0,0,0,-0.785,2020,5980,4711,13,10704,0.11855381,0.07423498,,37.6,25.4,24.1,12.8,60.8,4.5,23.1,39.2,43.2,36.7,81.6,19.6,42.79963,57.20037,0.27901787,484.4,110.8,0,1,0,0
2022,44613,HF ,2416,55_39_6,Iowa,IA,0,15,0,2,1,"Rep. McConkey, Charlie [D]",0,1,0,0,1,0,0,0,0,-0.777,2020,5718,4990,13,10721,0.067904115,0.1981833,,31.6,27.3,26.4,14.7,80.5,2.1,13.2,19.5,42,34.8,85.1,12.9,25.762472,74.237526,0.3152742,331.9,108.1,0,1,0,0
2022,44613,HF,2416,55_39_6,Iowa,IA,0,16,0,2,1,"Rep. Siegrist, Brent J. [R]",1,0,0,1,0,0,0,0,0,0.235,2020,6615,5889,547,13051,0.05562792,-0.024338324,,33.3,24.8,25.4,16.5,83.8,2.7,9.9,16.2,41.3,35.7,87.6,21.1,38.248543,61.751457,0.23148148,331.9,108.1,0,1,0,0
2022,44613,HF ,2416,55_39_6,Iowa,IA,0,17,0,2,1,"Rep. Windschitl, Matt W. [R]",1,0,0,1,0,0,0,0,0,,2020,11397,3682,25,15104,0.51079184,0.3299262,,29.5,21,27.4,22.1,94.5,0.6,3,5.5,57.2,22.4,92.3,17.5,25.62714,74.372856,0.13404825,506.275,149.2,0,1,0,0
2022,44613,HF,2416,55_39_6,Iowa,IA,0,18,0,2,1,"Rep. Holt, Steven [R]",1,0,0,1,0,0,0,0,0,0.917,2020,10321,3762,15,14098,0.4652433,0.3018449,,31.8,22.3,25.9,19.9,79.2,2.1,15.9,20.8,57.3,26.2,86.6,17.9,23.100664,76.89934,0.13380164,503.93332,193.26666,0,1,0,0
2022,44613,HF ,2416,55_39_6,Iowa,IA,0,19,0,2,1,"Rep. Nordman, Carter [R]",1,0,0,1,0,0,0,0,0,,2020,14765,9469,33,24267,0.21823876,0.4687316,,35.4,27.2,26,11.3,94.2,0.4,1.9,5.8,66.2,21.3,97.3,47.7,92.79826,7.2017355,0.08372659,428.25,88.75,0,1,0,0
2022,44613,HF,2416,55_39_6,Iowa,IA,0,20,0,2,1,"Rep. Sorensen, Ray Bubba [R]",1,0,0,1,0,0,0,0,0,,2020,10822,4157,29,15008,0.44409648,0.09371493,,29.3,21.8,27.8,21.2,86,1.6,10.4,14,55.6,23.7,90.7,17,92.43798,7.5620213,0.06666111,424,97.7,0,1,0,0
2022,44613,HF ,2416,55_39_6,Iowa,IA,0,21,0,2,1,"Rep. Moore, Tom [R]",1,0,0,1,0,0,0,0,0,0.564,2020,10194,4348,30,14572,0.40118036,0.2946424,,30,22.4,26.3,21.3,94.6,0.4,2.8,5.4,55.2,22.9,90.2,22,96.369736,3.6302645,0.5034857,391.975,94.8,0,1,0,0
2022,44613,HF ,2416,55_39_6,Iowa,IA,0,23,0,2,1,"Rep. Sieck, David [R]",1,0,0,1,0,0,0,0,0,0.841,2020,1,0,,1,1,-0.10859377,,30.2,21.3,28.5,20,93.5,0.4,3.6,6.5,54.8,25.3,93.2,22.4,27.714285,72.28571,0.091605596,382.6,90.933334,0,1,0,0
2022,44613,HF ,2416,55_39_6,Iowa,IA,0,24,0,2,1,"Rep. Dolecheck, Cecil [R]",1,0,0,1,0,0,0,0,0,0.579,2020,10574,3694,14,14282,0.48172525,0.049064383,,28.6,22,26.5,22.9,91.9,1.2,4.2,8.1,54.4,24.5,92.2,19.3,2.9529493,97.04705,0.28038925,466.375,123.725,0,1,0,0
2022,44613,HF,2416,55_39_6,Iowa,IA,0,25,0,2,1,"Rep. Gustafson, Stan [R]",1,0,0,1,0,0,0,0,0,0.663,2020,12944,7416,22,20382,0.2712197,0.69787,,31.8,25.8,26.8,15.5,94.5,0.8,2.4,5.5,63.1,20.7,96.6,30.9,38.224403,61.775597,0.1248342,339.55,110.65,0,1,0,0
2022,44613,HF ,2416,55_39_6,Iowa,IA,0,26,0,2,1,"Rep. Boden, Brooke [R]",1,0,0,1,0,1,0,0,0,,2020,9784,8431,26,18241,0.07417356,-0.113966726,,34.7,22.9,25.6,16.8,93.7,0.3,3.2,6.3,52.7,28.7,94.9,28.2,88.03753,11.962471,0.08148631,326.4,86.4,0,1,0,0
2022,44613,HF ,2416,55_39_6,Iowa,IA,0,28,0,2,1,"Rep. Thorup, Jon [R]",1,0,0,1,0,0,0,0,0,,2020,1,0,,1,1,-0.032896936,,29.6,23.4,28.9,18,93.9,1.4,2.2,6.1,59.1,21.6,93.6,22,99.015915,0.9840855,0.12600806,390.06668,121.1,0,1,0,0
2022,44613,HF ,2416,55_39_6,Iowa,IA,0,29,0,2,1,"Rep. Dunwell, Jon [R]",1,0,0,1,0,0,0,0,0,,2020,8471,7954,12,16437,0.031453427,-0.21746047,,30.1,23.6,26.9,19.4,93.6,1.2,2.4,6.4,58.1,21.8,93.9,19.2,30.67527,69.32473,0.2346848,331.2,117.6,0,1,0,0
2022,44613,HF,2416,55_39_6,Iowa,IA,0,30,0,2,1,"Rep. Lohse, Brian K. [R]",1,0,0,1,0,0,0,0,0,,2020,12924,8384,26,21334,0.21280585,0.16364823,,33.5,28,25.4,13.1,90.9,3.7,2.5,9.1,56.7,25.4,95,30.8,96.17633,3.8236713,0.27827162,387.3,108.8,0,1,0,0
2022,44613,HF ,2416,55_39_6,Iowa,IA,0,31,0,2,1,"Rep. Olson, Rick L. [D]",0,1,0,0,1,0,0,0,0,-1.006,2020,1,0,,1,1,0.17683384,,33.3,27,25,14.6,76.1,7,10.9,23.9,46.9,33.8,90.3,22.8,27.5642,72.4358,0.109778754,387.3,108.8,0,1,0,0
2022,44613,HF,2416,55_39_6,Iowa,IA,0,32,0,2,1,"Rep. Gaines, Ruth Ann [D]",0,1,0,0,1,1,1,0,0,-1.146,2020,1,0,,1,1,0.001759318,,37.7,27.4,22.5,12.4,55.3,14.9,18.9,44.7,39.3,38.5,79.1,14.2,45.630844,54.369156,0.3518472,387.3,108.8,0,1,0,0
2022,44613,HF ,2416,55_39_6,Iowa,IA,0,33,0,2,1,"Rep. Meyer, Brian J. [D]",0,1,0,0,1,0,0,0,0,-0.939,2020,8248,4666,38,12952,0.2765596,-0.03511228,,38.6,26.8,24.1,10.5,56.5,8.4,20.4,43.5,41.1,39,83.4,21.6,99.27349,0.7265073,0.63661826,387.3,108.8,0,1,0,0
2022,44613,HF ,2416,55_39_6,Iowa,IA,0,34,0,2,1,"Rep. Hunter, Bruce L. [D]",0,1,0,0,1,0,0,0,0,-1.472,2020,9470,4787,48,14305,0.32736805,-0.124953434,,31,33.2,23.5,12.2,73.3,8.6,11.2,26.7,33.9,43.8,89.4,28.7,99.88423,0.11576754,0.7098427,387.3,108.8,0,1,0,0
2022,44613,HF,2416,55_39_6,Iowa,IA,0,35,0,2,1,"Rep. Abdul-Samad, Ako [D]",0,1,0,0,1,0,1,0,0,-1.132,2020,1,0,,1,1,-0.35635924,,42.4,28.8,21.2,7.8,44.1,21.1,20.5,55.9,33,46.1,76.3,15.4,54.40742,45.59258,0.42144468,387.3,108.8,0,1,0,0
2022,44613,HF ,2416,55_39_6,Iowa,IA,0,36,0,2,1,"Rep. Anderson, Marti [D]",0,1,0,0,1,1,0,0,0,-1.198,2020,1,0,,1,1,-0.16449043,,27.9,32.9,25.6,13.6,77.4,7.3,6.4,22.6,45,34.8,92.4,38.5,94.823265,5.176736,0.82062453,387.3,108.8,0,1,0,0
2022,44613,HF,2416,55_39_6,Iowa,IA,0,37,0,2,1,"Rep. Bousselot, Mike [R]",1,0,0,1,0,0,0,0,0,,2020,5920,5551,14,11485,0.032128863,0.08140379,,37,31.9,21.2,10,93.4,1.1,2,6.6,57.8,29.1,98.6,54.8,99.99294,0.007053678,0.3433881,387.3,108.8,0,1,0,0
2022,44613,HF ,2416,55_39_6,Iowa,IA,0,38,0,2,1,"Rep. Gobble, Garrett [R]",1,0,0,1,0,0,0,0,0,,2020,10084,9927,22,20033,0.007837069,0.118984886,,34.5,30,20.5,14.9,87.5,3.3,4.3,12.5,51.7,31.4,95.3,38.6,99.04577,0.9542281,0.5899931,387.3,108.8,0,1,0,0
2022,44613,HF,2416,55_39_6,Iowa,IA,0,39,0,2,1,"Rep. Andrews, Eddie [R]",1,0,0,1,0,0,1,0,0,,2020,12455,12040,24,24519,0.01692565,0.1920594,,32.7,28.3,26.3,12.6,87,2.7,3.7,13,59.4,24.1,97.8,49.5,17.046427,82.953575,0.05506987,387.3,108.8,0,1,0,0
2022,44613,HF,2416,55_39_6,Iowa,IA,0,40,0,2,1,"Rep. Forbes, John [D]",0,1,0,0,1,0,0,0,0,-0.774,2020,10589,7108,28,17725,0.19638929,0.13504764,,28.8,26.4,28.3,16.4,80.4,5.5,6,19.6,56.5,26.7,95.1,42.6,16.104664,83.89533,0.11201792,387.3,108.8,0,1,0,0
2022,44613,HF,2416,55_39_6,Iowa,IA,0,41,0,2,1,"Rep. Oldson, Jo [D]",0,1,0,0,1,1,0,0,0,-1.132,2020,1,0,,1,1,-0.5161561,,31.8,29.4,23.9,15,75.2,8.5,6.1,24.8,43,38.4,95.4,51.5,59.413567,40.586433,0.21259086,387.3,108.8,0,1,0,0
2022,44613,HF,2416,55_39_6,Iowa,IA,0,43,0,2,1,"Rep. Konfrst, Jennifer Glover [D]",0,1,0,0,1,1,0,0,0,,2020,9948,7375,14,17337,0.14841092,-0.28422555,,28.3,29.1,25.6,17,82.6,3.9,5.8,17.4,52.4,29.3,96.5,49.9,88.17786,11.822144,0.1647323,387.3,108.8,0,1,0,0
2022,44613,HF,2416,55_39_6,Iowa,IA,0,44,0,2,1,"Rep. Judge, Kenan [D]",0,1,0,0,1,0,0,0,0,-0.675,2020,15244,13138,367,28749,0.07325472,0.24882172,,34.2,35.3,19.6,10.8,81.2,2.4,4.9,18.8,58,28.1,97,60,18.775124,81.22488,0.09538772,469.2,68.7,0,1,0,0
2022,44613,HF,2416,55_39_6,Iowa,IA,0,45,0,2,1,"Rep. Wessel-Kroeschell, Beth [D]",0,1,0,0,1,1,0,0,0,-0.939,2020,11399,4116,110,15625,0.466112,-0.30682144,,47.6,27.8,14.8,9.8,75.9,4,3.9,24.1,33.1,57.1,96.8,59.8,98.38868,1.611317,0.38506722,344,95.6,0,1,0,0
2022,44613,HF ,2416,55_39_6,Iowa,IA,0,46,0,2,1,"Rep. Wilburn, Ross \Bill\"" [D]""",0,1,0,0,1,0,1,0,0,,2020,1,0,,1,1,-0.61608136,,59.9,16.5,12.7,10.9,80.8,1.9,3.8,19.2,29.1,64.7,97.3,62.5,81.33958,18.660423,0.33115628,344,95.6,0,1,0,0
2022,44613,HF,2416,55_39_6,Iowa,IA,0,47,0,2,1,"Rep. Thompson, Phil [R]",1,0,0,1,0,0,0,0,0,,2020,9503,6512,20,16035,0.18652947,-0.0196846,,29.7,24,27.1,19.3,94,0.6,3,6,55,23.9,93.5,22,70.14811,29.851889,0.02375109,489.55,126,0,1,0,0
2022,44613,HF ,2416,55_39_6,Iowa,IA,0,48,0,2,1,"Rep. Bacon, Robert [R]",1,0,0,1,0,0,0,0,0,0.683,2020,10381,6280,17,16678,0.2458928,0.10349185,,29.3,22.1,29,19.7,92.2,1.1,3.9,7.8,58.9,21.2,95.3,29.9,69.77883,30.221169,0.016447367,450.25,126.825,0,1,0,0
2022,44613,HF,2416,55_39_6,Iowa,IA,0,49,0,2,1,"Rep. Deyoe, Dave [R]",1,0,0,1,0,0,0,0,0,0.638,2020,10464,6820,26,17310,0.21051416,-0.10645751,,30.8,25.2,26.6,17.3,94.4,0.5,2.9,5.6,59.7,22.2,95.2,31.7,85.65976,14.34024,0.10972316,419.5,127.4,0,1,0,0
2022,44613,HF ,2416,55_39_6,Iowa,IA,0,50,0,2,1,"Rep. Grassley, Pat [R]",1,0,0,1,0,0,0,0,0,0.685,2020,11683,4733,20,16436,0.42285228,0.055365656,,30.1,22.6,26.4,20.9,94.4,0.9,3,5.6,58.5,24.4,94.3,23.2,16.411203,83.5888,0.094711915,480.7,103.03333,0,1,0,0
2022,44613,HF,2416,55_39_6,Iowa,IA,0,51,0,2,1,"Rep. Bloomingdale, Jane E. [R]",1,0,0,1,0,1,0,0,0,0.569,2020,11388,4772,11,16171,0.40912744,0.06732857,,30.5,21.8,26.8,20.8,96.1,0.5,1.9,3.9,59.1,22.7,92.6,20,36.076195,63.923805,0,650.05,89.975,0,1,0,0
2022,44613,HF,2416,55_39_6,Iowa,IA,0,53,0,2,1,"Rep. Steckman, Sharon S. [D]",0,1,0,0,1,1,0,0,0,-1.032,2020,9772,5081,20,14873,0.31540376,-0.32004258,,29.3,23.6,26.2,20.9,88.4,2.5,5.8,11.6,50.4,29,92.5,20.3,20.587307,79.4127,0.27752775,577,168.2,0,1,0,0
2022,44613,HF ,2416,55_39_6,Iowa,IA,0,54,0,2,1,"Rep. Latham, Shannon [R]",1,0,0,1,0,1,0,0,0,,2020,10217,3602,1919,15738,0.42032024,-0.09646001,,27.6,20.5,28.7,23.3,90.9,0.8,6.2,9.1,60.1,22.7,92.4,22.8,99.898155,0.101841636,0.18304814,530.5333,116.8,0,1,0,0
2022,44613,HF,2416,55_39_6,Iowa,IA,0,55,0,2,1,"Rep. Bergan, Michael [R]",0,1,0,1,0,0,0,0,0,0.406,2020,8886,7463,14,16363,0.086964495,-0.012687627,,33.6,18.8,25.9,21.5,94,1.3,2.9,6,52.5,30.2,94.7,27.1,23.450722,76.54928,0,592.6,41.666668,0,1,0,0
2022,44613,HF,2416,55_39_6,Iowa,IA,0,56,0,2,1,"Rep. Osmundson, Anne [R]",1,0,0,1,0,1,0,0,0,,2020,10369,4617,22,15008,0.38326225,0.16487409,,28.7,20.4,28.3,22.7,93.2,1,4.3,6.8,56.3,24.4,89.2,17.2,20.442629,79.55737,0.10315005,618.45,39.1,0,1,0,0
2022,44613,HF ,2416,55_39_6,Iowa,IA,0,57,0,2,1,"Rep. Lundgren, Shannon [R]",1,0,0,1,0,1,0,0,0,0.445,2020,12878,6330,13,19221,0.34066907,0.001995635,,34.1,22.6,28.4,14.9,94.2,1.5,2.7,5.8,63.8,24.6,94.6,32,42.77625,57.22375,0.15453437,554.6,32.6,0,1,0,0
2022,44613,HF ,2416,55_39_6,Iowa,IA,0,58,0,2,1,"Rep. Bradley, Steven P. [R]",1,0,0,1,0,0,0,0,0,,2020,9123,7884,12,17019,0.07280099,-0.27470022,,30.4,21.3,27.3,21.1,95.3,0.6,1.9,4.7,58.6,23.8,94,19.5,0,100,0.24042314,492.6,31.5,0,1,0,0
2022,44613,HF ,2416,55_39_6,Iowa,IA,0,59,0,2,1,"Rep. Kressig, Bob M. [D]",0,1,0,0,1,0,0,0,0,-0.915,2020,1,0,,1,1,-0.30233857,,46.3,20.2,17.7,15.8,88.7,2,3,11.3,39.2,49.6,96.3,48.7,100,0,0,489.7,86.5,0,1,0,0
2022,44613,HF,2416,55_39_6,Iowa,IA,0,60,0,2,1,"Rep. Williams, Dave [D]",0,1,0,0,1,0,0,0,0,,2020,9558,9082,26,18666,0.02550091,0.016284348,,35.8,25.7,22.4,16.3,86.1,6.5,2.3,13.9,54.4,31.4,96.3,41,98.45199,1.5480092,0.25334495,489.7,86.5,0,1,0,0
2022,44613,HF ,2416,55_39_6,Iowa,IA,0,61,0,2,1,"Rep. Brown-powers, Timi [D]",0,1,0,0,1,1,0,0,0,-0.943,2020,1,0,,1,1,0.058808777,,33.6,25.9,23.8,16.6,76.2,11.6,6.5,23.8,45.4,35,89.3,21.7,99.66318,0.336821,0.50921994,489.7,86.5,0,1,0,0
2022,44613,HF ,2416,55_39_6,Iowa,IA,0,62,0,2,1,"Rep. Smith, Ras [D]",0,1,0,0,1,0,1,0,0,-0.94,2020,1,0,,1,1,-0.2966482,,32.3,26.4,25.1,16,63.9,21.3,8,36.1,38.9,38.5,84.7,11.8,99.9437,0.05629725,0.1540832,489.7,86.5,0,1,0,0
2022,44613,HF,2416,55_39_6,Iowa,IA,0,63,0,2,1,"Rep. Salmon, Sandy [R]",1,0,0,1,0,1,0,0,0,0.734,2020,11209,6489,6,17704,0.26660642,0.07727697,,32.7,22.5,24.9,19.9,95.6,1,1.3,4.4,57.9,27.1,96,29.9,99.227905,0.7720943,0.07465163,548,121.25,0,1,0,0
2022,44613,HF,2416,55_39_6,Iowa,IA,0,64,0,2,1,"Rep. Ingels, Chad [R]",1,0,0,1,0,0,0,0,0,,2020,8284,6435,4,14723,0.12558582,-0.09265229,,32.3,22.9,25.6,19.2,94.7,0.4,1.8,5.3,55.9,25,92.5,20,100,0,0.016644474,498.65,91,0,1,0,0
2022,44613,HF ,2416,55_39_6,Iowa,IA,0,65,0,2,1,"Rep. Bennett, Liz [D]",0,1,1,0,1,1,0,0,0,-0.999,2020,1,0,,1,1,-0.16849388,,31.8,26.2,22.9,19.2,78.9,10.5,4.5,21.1,42.1,37.8,91,33,99.99119,0.008812902,0.4688271,449,119.7,0,1,0,0
2022,44613,HF ,2416,55_39_6,Iowa,IA,0,66,0,2,1,"Rep. Staed, Art [D]",0,1,0,0,1,0,0,0,0,-1,2020,10271,6766,27,17064,0.2054032,-0.35063884,,31,27.4,26,15.6,81.5,6.1,3.7,18.5,47.6,33.1,95.2,39.8,100,0,0.22742279,449,119.7,0,1,0,0
2022,44613,HF,2416,55_39_6,Iowa,IA,0,67,0,2,1,"Rep. Gjerde, Eric J. [D]",0,1,0,0,1,0,0,0,0,,2020,10541,9274,20,19835,0.06387699,-0.08947345,,32.9,26.7,26.1,14.4,84.6,4.2,2.8,15.4,59,26.6,96.2,44.3,97.38092,2.6190798,0.21392009,449,119.7,0,1,0,0
2022,44613,HF,2416,55_39_6,Iowa,IA,0,68,0,2,1,"Rep. Donahue, Molly E. [D]",0,1,0,0,1,1,0,0,0,,2020,10201,8484,20,18705,0.09179364,0.07572567,,30.7,26.4,25.8,17.2,92.4,1.5,2.9,7.6,53.2,27.5,96.5,34.4,100,0,0.65974796,449,119.7,0,1,0,0
2022,44613,HF ,2416,55_39_6,Iowa,IA,0,69,0,2,1,"Rep. Running-Marquardt, Kirsten [D]",0,1,0,0,1,1,0,0,0,-0.888,2020,1,0,,1,1,-0.057712767,,36.1,29.9,22,12.2,80.4,7.5,4.9,19.6,45.6,37.4,93,25.5,81.33666,18.663336,0,449,119.7,0,1,0,0
2022,44613,HF,2416,55_39_6,Iowa,IA,0,70,0,2,1,"Rep. Ehlert, Tracy [D]",0,1,0,0,1,1,0,0,0,,2020,10916,3692,127,14735,0.4902613,0.07194346,,30.8,28.1,23.5,17.6,82.2,8,3.7,17.8,49.5,32.1,94.4,28.8,99.9028,0.09719944,0.22730717,449,119.7,0,1,0,0
2022,44613,HF ,2416,55_39_6,Iowa,IA,0,71,0,2,1,"Rep. Cahill, Sue [D]",0,1,0,0,1,1,0,0,0,,2020,6800,5315,15,12130,0.122423746,-0.2093769,,34.6,23.8,23.2,18.3,62.6,1.1,28.2,37.4,53.8,28,82.2,20.1,57.440685,42.559315,0.13812155,532.4,138,0,1,0,0
2022,44613,HF ,2416,55_39_6,Iowa,IA,0,72,0,2,1,"Rep. Fisher, Dean C. [R]",1,0,0,1,0,0,0,0,0,0.641,2020,9739,6119,23,15881,0.22794534,0.17228039,,32.3,20.5,28.5,18.8,85.6,0.5,7.8,14.4,55.6,25,92.9,18.2,30.345827,69.654175,0.14524949,482.46667,88.5,0,1,0,0
2022,44613,HF ,2416,55_39_6,Iowa,IA,0,73,0,2,1,"Rep. Kaufmann, Bobby [R]",1,0,0,1,0,0,0,0,0,0.41,2020,11067,7307,18,18392,0.20443672,-0.06823557,,30.4,21.4,30,18.2,92.6,1.3,4.3,7.4,58.9,24,94.8,28.5,16.439884,83.56012,0.023894863,323.26666,54.466667,0,1,0,0
2022,44613,HF ,2416,55_39_6,Iowa,IA,0,74,0,2,1,"Rep. Jacoby, Dave J. [D]",0,1,0,0,1,0,0,0,0,-1.004,2020,1,0,,1,1,-0.73317736,,33.6,32.4,22.4,11.7,66.2,14.9,4.2,33.8,53.7,36,96.6,63.7,79.54426,20.455742,0.15523359,298.9,60.8,0,1,0,0
2022,44613,HF ,2416,55_39_6,Iowa,IA,0,75,0,2,1,"Rep. Gerhold, Thomas [R]",1,0,0,1,0,0,0,0,0,,2020,10377,5907,21,16305,0.27414903,0.17987049,,30,22.5,28.8,18.6,95.6,0.3,1.7,4.4,58.2,22.5,94.4,19.7,67.265114,32.73489,0.10702231,476.55,204.25,0,1,0,0
2022,44613,HF,2416,55_39_6,Iowa,IA,0,77,0,2,1,"Rep. Nielsen, Amy [D]",0,1,0,0,1,1,0,0,0,-1.095,2020,1,0,,1,1,-0.37313426,,37,30.5,22.6,10,84.8,3.1,5.4,15.2,58.4,29.2,94.3,43.3,100,0,1.0188813,298.9,60.8,0,1,0,0
2022,44613,HF ,2416,55_39_6,Iowa,IA,0,79,0,2,1,"Rep. Hite, Dustin D. [R]",1,0,0,1,0,0,0,0,0,,2020,1,0,,1,1,0.27443448,,35.9,22.9,23.1,18.3,92.8,1.5,2.1,7.2,55.2,27.9,92.7,30.4,36.43656,63.56344,0,488.25,169.6,0,1,0,0
2022,44613,HF,2416,55_39_6,Iowa,IA,0,80,0,2,1,"Rep. Brink, Holly [R]",1,0,0,1,0,1,0,0,0,,2020,1,0,,1,1,-0.29941276,,29.7,21,28,21.3,95.3,0.3,1.9,4.7,57.1,22.7,91,18.8,82.33675,17.663258,0,387.525,150.425,0,1,0,0
2022,44613,HF ,2416,55_39_6,Iowa,IA,0,81,0,2,1,"Rep. Westrich, Cherielynn [R]",1,0,0,1,0,1,0,0,0,,2020,6684,5894,22,12600,0.06269842,0.07608836,,31.8,24.5,26.9,16.7,79.2,4,12.5,20.8,48.1,30.3,87.1,20.1,99.78576,0.2142398,0.024260068,292.9,155.3,0,1,0,0
2022,44613,HF,2416,55_39_6,Iowa,IA,0,82,0,2,1,"Rep. Shipley, Jeff J. [R]",1,0,0,1,0,0,0,0,0,,2020,7770,7604,26,15400,0.010779221,-0.10778126,,30.4,23,25.4,21.2,88.8,1.4,2.5,11.2,51.1,28.1,89.7,28.6,99.66827,0.3317361,0.066329494,364.13333,184.7,0,1,0,0
2022,44613,HF,2416,55_39_6,Iowa,IA,0,83,0,2,1,"Rep. Graber, Martin L. [R]",1,0,0,1,0,0,0,0,0,,2020,6967,6197,11,13175,0.058444023,0.08220962,,29.3,23.6,27.3,19.9,89.5,3.5,4.1,10.5,52.7,27.8,92.4,16.8,45.9779,54.0221,0.109778754,422.7,77.5,0,1,0,0
2022,44613,HF,2416,55_39_6,Iowa,IA,0,84,0,2,1,"Rep. Mitchell, Joe [R]",1,0,0,1,0,0,0,0,0,,2020,10282,4146,23,14451,0.4246073,-0.1716502,,30.5,23.3,27.1,19,89.4,1.6,3.8,10.6,55.2,27.4,92.2,23.2,56.88101,43.11899,0.0856311,367.4,94.075,0,1,0,0
2022,44613,HF,2416,55_39_6,Iowa,IA,0,85,0,2,1,"Rep. Bohannan, Christina [D]",0,1,0,0,1,1,0,0,0,,2020,1,0,,1,1,-0.81470853,,52.2,21.5,14.4,11.9,82.4,3.8,6.4,17.6,30.6,61.6,97.5,65.5,100,0,0.14835636,298.9,60.8,0,1,0,0
2022,44613,HF,2416,55_39_6,Iowa,IA,0,86,0,2,1,"Rep. Mascher, Mary [D]",0,1,0,0,1,1,0,0,0,-1.24,2020,1,0,,1,1,-0.6778231,,44.3,27.5,16.5,11.6,73.6,10.4,6.4,26.4,34.6,54.4,95.7,50.7,100,0,1.2160228,298.9,60.8,0,1,0,0
2022,44613,HF ,2416,55_39_6,Iowa,IA,0,87,0,2,1,"Rep. Cohoon, Dennis M. [D]",0,1,0,0,1,0,0,0,0,-0.96,2020,1,0,,1,1,0.023554139,,31,23.4,25.2,20.5,83.9,7.9,3.8,16.1,43.4,32.9,91.5,18.3,18.514566,81.485435,0.16314481,359,60.7,0,1,0,0
2022,44613,HF,2416,55_39_6,Iowa,IA,0,88,0,2,1,"Rep. Kerr, David [R]",1,0,0,1,0,0,0,0,0,1.043,2020,9880,5141,22,15043,0.31503025,0.2740597,,30,23.4,27.3,19.2,80.8,0.7,15,19.2,57,24.9,88.3,19.8,91.81382,8.186183,0.1716149,342.36667,69.03333,0,1,0,0
2022,44613,HF,2416,55_39_6,Iowa,IA,0,89,0,2,1,"Rep. Kurth, Monica [D]",0,1,0,0,1,1,0,0,0,-1.463,2020,7967,6159,421,14547,0.12428679,-0.07992742,,28.6,26.4,27.4,17.7,74.6,9.4,8.9,25.4,46.2,32.3,92.8,23.6,27.621426,72.37858,0.25094104,394.9,98.7,0,1,0,0
2022,44613,HF,2416,55_39_6,Iowa,IA,0,90,0,2,1,"Rep. Winckler, Cindy L. [D]",0,1,0,0,1,1,0,0,0,-1.291,2020,1,0,,1,1,-0.26817334,,33.6,28.2,25.9,12.5,65.1,14.6,11.9,34.9,34.7,43.8,86.4,15.5,33.69294,66.30706,0.47777495,394.9,98.7,0,1,0,0
2022,44613,HF,2416,55_39_6,Iowa,IA,0,91,0,2,1,"Rep. Cisneros, Mark [R]",1,0,0,1,0,0,0,1,0,,2020,8093,6130,19,14242,0.13783176,-0.13930258,,33.6,24.9,25.4,16.1,77.2,3,16.3,22.8,50.2,28.7,89.3,22.6,28.896717,71.10328,0,320.8,58.1,0,1,0,0
2022,44613,HF ,2416,55_39_6,Iowa,IA,0,92,0,2,1,"Rep. Paustian, Ross C. [R]",1,0,0,1,0,0,0,0,0,,2020,9302,7304,13,16619,0.12022384,-0.35150835,,34.4,24.3,24.7,16.6,84.4,6.2,5.7,15.6,55.9,26.7,94.9,27.5,75.77644,24.223555,0.27885753,394.9,98.7,0,1,0,0
2022,44613,HF ,2416,55_39_6,Iowa,IA,0,93,0,2,1,"Rep. Thede, Phyllis [D]",0,1,0,0,1,1,1,0,0,-0.907,2020,9530,7549,20,17099,0.115854725,-0.33532313,,32,27.8,23.3,17,82.4,5.4,6.9,17.6,49.6,32.1,95,39.6,84.1678,15.832195,0.20870124,394.9,98.7,0,1,0,0
2022,44613,HF ,2416,55_39_6,Iowa,IA,0,94,0,2,1,"Rep. Mohr, Gary M. [R]",1,0,0,1,0,0,0,0,0,1.008,2020,12042,9727,16,21785,0.106265776,-0.010636914,,31.3,25.2,26.2,17.1,82.1,3.7,4.5,17.9,55.9,25.5,96.8,53.3,20.840462,79.15954,0.19445068,394.9,98.7,0,1,0,0
2022,44613,HF,2416,55_39_6,Iowa,IA,0,95,0,2,1,"Rep. McClintock, Charlie [R]",1,0,0,1,0,0,0,0,0,,2020,10071,8619,13,18703,0.0776346,-0.09324771,,33,21.2,30.2,15.7,96.2,0.3,1.1,3.8,60.1,25.7,95.7,31.4,42.829628,57.170372,0.18367882,482.7,122.75,0,1,0,0
2022,44613,HF ,2416,55_39_6,Iowa,IA,0,96,0,2,1,"Rep. Hein, Lee [R]",1,0,0,1,0,0,0,0,0,0.609,2020,10765,4693,26,15484,0.39214674,0.14602241,,29.5,22.2,28.6,19.6,93.5,1.6,2.2,6.5,55.8,24.8,91.4,18.5,21.004053,78.99595,0.21024305,496.85,55.9,0,1,0,0
2022,44613,HF,2416,55_39_6,Iowa,IA,0,97,0,2,1,"Rep. Mommsen, Norlin [R]",1,0,0,1,0,0,0,0,0,0.624,2020,11403,6630,19,18052,0.26440284,-0.34425923,,33.6,20.9,28.1,17.6,94.6,1.3,2.1,5.4,58.8,22.6,94.8,25.5,38.01282,61.98718,0.016274717,439.3,126.25,0,1,0,0
2022,44613,HF,2416,55_39_6,Iowa,IA,0,98,0,2,1,"Rep. Wolfe, Mary [D]",0,1,0,0,1,1,0,0,0,-1.055,2020,7872,5329,16,13217,0.19240372,-0.16861217,,27.7,23.9,28.1,20.2,88.1,4.5,3.5,11.9,45.4,31,88.3,18.3,45.881298,54.118702,0.13019773,483.7,153.8,0,1,0,0
2022,44613,HF,2416,55_39_6,Iowa,IA,0,99,0,2,1,"Rep. James, Lindsay [D]",0,1,0,0,1,1,0,0,0,,2020,9449,7232,30,16711,0.13266711,-0.057259496,,31.6,24,23.9,20.5,89.8,2.5,2.2,10.2,49.9,32.9,95.3,37.1,99.7433,0.25669822,0.13813214,554.6,32.6,0,1,0,0
2022,44613,HF ,2416,55_39_6,Iowa,IA,0,100,0,2,1,"Rep. Isenhart, Charles W. [D]",0,1,0,0,1,0,0,0,0,-1.118,2020,1,0,,1,1,-0.25391683,,32.9,25.1,24.3,17.7,86.2,5.8,2.3,13.8,44.9,39.1,89.4,25.6,96.987724,3.012275,0.05826536,554.6,32.6,0,1,0,0
2022,44622,HF ,2416,30_17_2,Iowa,IA,1,1,0,4,1,"Sen. Rowley, Dave [R]",1,0,0,1,0,0,0,0,0,,2021,2690,864,,3554,0.51378727,0.012231051,,30,21.9,26.1,22,93.4,0.4,3.5,6.6,57.5,23,93.6,24.8,95.52291,4.4770885,0.098544575,608.72,150.3,0,1,0,0
2022,44622,HF ,2416,30_17_2,Iowa,IA,1,2,0,4,1,"Sen. Taylor, Jeff [R]",1,0,0,1,0,0,0,0,0,,2020,1,0,,1,1,0.57347006,,35.8,22.6,23.5,18.3,89.1,1.1,7.6,10.9,60.9,25.3,92,26.1,41.1556,58.8444,0.071177356,664.93335,226.66667,0,1,0,0
2022,44622,HF ,2416,30_17_2,Iowa,IA,1,3,0,4,1,"Sen. Carlin, James \Jim\"" [R]""",1,0,0,1,0,0,0,0,0,1.415,2018,16366,8884,,25250,0.29631683,0.13179436,,32.1,22.9,26.2,18.8,88.5,1.7,6.5,11.5,57.9,25.4,93.8,26.3,52.265965,47.734035,0.38680783,611.2,113.7,0,1,0,0
2022,44622,HF ,2416,30_17_2,Iowa,IA,1,4,0,4,1,"Sen. Guth, Dennis R. [R]",1,0,0,1,0,0,0,0,0,1.018,2020,1,0,,1,1,0.2271444,,30.3,21.2,26.3,22.1,90.2,1.1,6.9,9.8,54.3,26.2,92.9,19.5,37.269844,62.730156,0.085149206,640.72,134.6,0,1,0,0
2022,44622,HF ,2416,30_17_2,Iowa,IA,1,5,0,4,1,"Sen. Kraayenbrink, Tim [R]",1,0,0,1,0,0,0,0,0,0.669,2018,14571,8935,,23506,0.23976856,0.26331475,,31.3,23,25.8,20.1,88.6,3,4.9,11.4,49.1,28.2,91.7,20.3,47.581417,52.418583,0.13590215,526.375,104.8,0,1,0,0
2022,44622,HF ,2416,30_17_2,Iowa,IA,1,6,0,4,1,"Sen. Williams, Craig Steven [R]",1,0,0,1,0,0,0,0,0,,2020,18919,8418,,27337,0.3841314,0.073488355,,33,21.6,26,19.3,81.6,1.1,11.1,18.4,55.2,25.9,88,20.8,37.391144,62.608856,0.0401268,637.25,180.925,0,1,0,0
2022,44622,HF ,2416,30_17_2,Iowa,IA,1,7,0,4,1,"Sen. Smith, Jackie [D]",0,1,0,0,1,1,0,0,0,,2018,9125,8676,,17801,0.025223302,0.042727873,,38.5,26.6,22.8,12.2,61.5,4.6,23.8,38.5,44.3,37.1,83.2,20.5,69.79171,30.208294,0.2710268,484.4,110.8,0,1,0,0
2022,44622,HF ,2416,30_17_2,Iowa,IA,1,8,0,4,1,"Sen. Dawson, Dan [R]",1,0,0,1,0,0,0,0,0,0.898,2020,12391,11344,,23735,0.04411207,0.08335763,,32.3,26,25.9,15.7,82.2,2.4,11.5,17.8,41.7,35.3,86.4,17,32.20875,67.791245,0.27406502,331.9,108.1,0,1,0,0
2022,44622,HF ,2416,30_17_2,Iowa,IA,1,9,0,4,1,"Sen. Schultz, Jason [R]",1,0,0,1,0,0,0,0,0,,2018,1,0,,1,1,0.17467411,,30.7,21.6,26.6,21.1,86.7,1.4,9.6,13.3,57.2,24.3,89.4,17.7,24.359941,75.64006,0.13392857,529.98,192.56,0,1,0,0
2022,44622,HF ,2416,30_17_2,Iowa,IA,1,10,0,4,1,"Sen. Chapman, Jake [R]",1,0,0,1,0,0,0,0,0,1.068,2020,24538,14704,,39242,0.25059885,0.022179365,,32.8,24.9,26.7,15.6,90.7,0.9,5.5,9.3,61.4,22.4,94.3,33.9,92.599205,7.400792,0.07557978,416.66,99.92,0,1,0,0
2022,44622,HF ,2416,30_17_2,Iowa,IA,1,11,0,4,1,"Sen. Shipley, Tom [R]",1,0,0,1,0,0,0,0,0,0.59,2018,18007,8770,,26777,0.3449602,-0.16081358,,30.7,21.4,26.9,21,95.1,0.3,2.3,4.9,58.5,22.1,93,26.7,93.9773,6.0226965,0.3525311,391.975,94.8,0,1,0,0
2022,44622,HF ,2416,30_17_2,Iowa,IA,1,12,0,4,1,"Sen. Costello, Mark [R]",1,0,0,1,0,0,0,0,0,0.748,2020,20165,8999,,29164,0.3828693,0.15529339,,29.5,21.7,27.6,21.4,92.7,0.8,3.9,7.3,54.6,24.9,92.7,20.9,14.852301,85.1477,0.18645895,415.86667,104.7,0,1,0,0
2022,44622,HF ,2416,30_17_2,Iowa,IA,1,13,0,4,1,"Sen. Garrett, Julian B. [R]",1,0,0,1,0,0,0,0,0,0.759,2018,17199,13558,,30757,0.118379556,0.08186025,,33.2,24.4,26.2,16.1,94.1,0.6,2.8,5.9,57.9,24.7,95.8,29.6,62.70509,37.29491,0.10363107,339.55,110.65,0,1,0,0
2022,44622,HF ,2416,30_17_2,Iowa,IA,1,14,0,4,1,"Sen. Sinclair, Amy B. [R]",1,0,0,1,0,1,0,0,0,0.801,2020,1,0,,1,1,0.06273648,,31.5,22.4,26.9,19,92,0.9,4.3,8,57.5,22.3,91.3,20.2,99.43227,0.56773067,0.07860009,393.51666,172.28334,0,1,0,0
2022,44622,HF ,2416,30_17_2,Iowa,IA,1,15,0,4,1,"Sen. Nunn, Zach [R]",1,0,0,1,0,0,0,0,0,1.166,2018,16988,12830,,29818,0.13944598,-0.32126114,,32,26.1,26.1,15.9,92.1,2.6,2.5,7.9,57.3,23.8,94.5,25.5,69.24899,30.75101,0.25697795,359.25,113.2,0,1,0,0
2022,44622,HF ,2416,30_17_2,Iowa,IA,1,16,0,4,1,"Sen. Boulton, Nate [D]",0,1,0,0,1,0,0,0,0,-0.981,2020,16868,5097,,21965,0.53589803,0.161509,,35.5,27.3,23.7,13.5,65.6,11,15,34.4,43.1,36.2,84.8,18.6,36.52174,63.47826,0.23129652,387.3,108.8,0,1,0,0
2022,44622,HF ,2416,30_17_2,Iowa,IA,1,17,0,4,1,"Sen. Bisignano, Tony [D]",0,1,0,0,1,0,0,0,0,-0.948,2018,1,0,,1,1,0.1576129,,34.7,30,23.8,11.4,64.8,8.5,15.9,35.2,37.4,41.4,86.6,25.3,99.559326,0.44067183,0.6759412,387.3,108.8,0,1,0,0
2022,44622,HF ,2416,30_17_2,Iowa,IA,1,18,0,4,1,"Sen. Petersen, Janet [D]",0,1,0,0,1,1,0,0,0,-1.071,2020,1,0,,1,1,0.1588789,,35.2,30.9,23.5,10.6,60.8,14.2,13.5,39.2,39.2,40.3,85.2,28.3,75.54324,24.456753,0.6507321,387.3,108.8,0,1,0,0
2022,44622,HF ,2416,30_17_2,Iowa,IA,1,19,0,4,1,"Sen. Whitver, Jack [R]",1,0,0,1,0,0,0,0,0,0.789,2018,18598,17608,,36206,0.027343534,-0.15411285,,35.8,31.1,20.9,12.2,90.7,2.1,3,9.3,55,30.2,97.1,47.2,99.54188,0.45812243,0.45873204,387.3,108.8,0,1,0,0
2022,44622,HF ,2416,30_17_2,Iowa,IA,1,20,0,4,1,"Sen. Zaun, Brad [R]",1,0,0,1,0,0,0,0,0,0.741,2020,21943,20968,,42911,0.022721447,0.21302922,,31,27.5,27.2,14.3,84.2,3.9,4.7,15.8,58.1,25.3,96.6,46.4,16.575876,83.424126,0.0814061,387.3,108.8,0,1,0,0
2022,44622,HF ,2416,30_17_2,Iowa,IA,1,21,0,4,1,"Sen. Celsi, Claire A. [D]",0,1,0,0,1,1,0,0,0,,2018,20499,10511,,31010,0.32208964,0.14358588,,31.4,28.7,24.9,15.2,78.3,6.6,6.5,21.7,46.7,34.1,95.3,51.2,59.76757,40.23243,0.26003104,356.85,97.6,0,1,0,0
2022,44622,HF ,2416,30_17_2,Iowa,IA,1,22,0,4,1,"Sen. Trone Garriott, Sarah [D]",0,1,0,0,1,1,0,0,0,,2020,23110,22946,,46056,0.003560882,0.14142378,,31.9,32.8,21.9,13.3,81.8,3,5.2,18.2,55.8,28.6,96.8,55.8,53.068306,46.931694,0.12509221,428.25,88.75,0,1,0,0
2022,44622,HF ,2416,30_17_2,Iowa,IA,1,23,0,4,1,"Sen. Quirmbach, Herman C. [D]",0,1,0,0,1,0,0,0,0,,2018,19020,6273,,25293,0.5039734,-0.14402585,,53.6,22.2,13.8,10.3,78.3,3,3.8,21.7,31.1,60.9,97,60.9,89.591034,10.408963,0.36269233,344,95.6,0,1,0,0
2022,44622,HF ,2416,30_17_2,Iowa,IA,1,24,0,4,1,"Sen. Green, Jesse [R]",1,0,0,1,0,0,0,0,0,,2020,21732,11327,,33059,0.3147403,0.24115449,,29.5,23,28,19.5,93.1,0.9,3.5,6.9,57,22.5,94.4,26,70.01134,29.988663,0.02016861,463.56,127.92,0,1,0,0
2022,44622,HF ,2416,30_17_2,Iowa,IA,1,25,0,4,1,"Sen. Sweeney, Annette [R]",1,0,0,1,0,1,0,0,0,0.697,2018,16621,10345,,26966,0.23273753,0.034173347,,30.5,23.9,26.6,19.1,94.4,0.7,2.9,5.6,59.1,23.3,94.7,27.5,51.551445,48.448555,0.101965904,446.525,101.175,0,1,0,0
2022,44622,HF ,2416,30_17_2,Iowa,IA,1,26,0,4,1,"Sen. Brown, Waylon [R]",1,0,0,1,0,0,0,0,0,0.994,2020,20655,10858,,31513,0.31088758,0.17013535,,30.7,21.2,27.1,21,94.3,0.8,2.6,5.7,59.4,22.9,92.7,19.6,35.076237,64.92377,0.05570587,637.13336,88.55,0,1,0,0
2022,44622,HF ,2416,30_17_2,Iowa,IA,1,27,0,4,1,"Sen. Ragan, Amanda Elsie [D]",0,1,0,0,1,1,0,0,0,-0.932,2018,12823,12322,,25145,0.019924438,0.29984438,,28.3,22.1,27.4,22.1,89.7,1.6,6,10.3,55.3,25.8,92.5,21.6,58.80741,41.19259,0.23168707,530.5333,116.8,0,1,0,0
2022,44622,HF ,2416,30_17_2,Iowa,IA,1,28,0,4,1,"Sen. Klimesh, Michael \Mike\"" T. [R]""",1,0,0,1,0,0,0,0,0,,2020,19630,11785,,31415,0.24972147,0.41634387,,31.1,19.6,27.2,22.1,93.6,1.1,3.6,6.4,54.4,27.3,91.8,21.9,21.913544,78.08646,0.052974734,602.925,37.225,0,1,0,0
2022,44622,HF ,2416,30_17_2,Iowa,IA,1,29,0,4,1,"Sen. Koelker, Carrie [R]",1,0,0,1,0,1,0,0,0,,2018,15493,13437,,28930,0.07106809,0.13297315,,32.3,22,27.9,17.9,94.7,1.1,2.3,5.3,61.4,24.2,94.3,26,20.623365,79.37663,0.19779599,513.26666,31.866667,0,1,0,0
2022,44622,HF ,2416,30_17_2,Iowa,IA,1,30,0,4,1,"Sen. Giddens, Eric [D]",0,1,0,0,1,0,0,0,0,,2020,17543,16516,,34059,0.030153558,0.108256504,,40.7,23.1,20.1,16.1,87.3,4.4,2.6,12.7,47,40.3,96.3,44.3,99.18785,0.8121456,0.13323341,489.7,86.5,0,1,0,0
2022,44622,HF ,2416,30_17_2,Iowa,IA,1,31,0,4,1,"Sen. Dotzler Jr., William \Bill\"" A. [D]""",0,1,0,0,1,0,0,0,0,-1.08,2018,1,0,,1,1,-0.068545185,,33.1,26.1,24.5,16.2,70.2,16.4,7.2,29.8,42.3,36.7,87,16.9,99.795364,0.20463847,0.33607465,489.7,86.5,0,1,0,0
2022,44622,HF ,2416,30_17_2,Iowa,IA,1,32,0,4,1,"Sen. Johnson, Craig P. [R]",1,0,0,1,0,0,0,0,0,1.178,2020,19990,12700,,32690,0.22300398,0.008613921,,32.5,22.6,25.2,19.6,95.1,0.7,1.5,4.9,56.9,26.1,94.3,25.1,99.59663,0.40337104,0.045696244,523.325,106.125,0,1,0,0
2022,44622,HF ,2416,30_17_2,Iowa,IA,1,33,0,4,1,"Sen. Hogg, Robert M. [D]",0,1,0,0,1,0,0,0,0,-0.936,2018,17912,9407,,27319,0.3113218,-0.33588073,,31.5,26.8,24.5,17.3,80.2,8.3,4.1,19.8,44.9,35.4,93.2,36.5,99.99596,0.004040404,0.34123075,449,119.7,0,1,0,0
2022,44622,HF ,2416,30_17_2,Iowa,IA,1,34,0,4,1,"Sen. Mathis, Liz [D]",0,1,0,0,1,1,0,0,0,-0.927,2020,1,0,,1,1,-0.013270287,,31.9,26.5,26,15.8,88.4,2.9,2.8,11.6,56.1,27,96.4,39.3,98.61748,1.3825215,0.44019714,449,119.7,0,1,0,0
2022,44622,HF ,2416,30_17_2,Iowa,IA,1,35,0,4,1,"Sen. Taylor, Todd [D]",0,1,0,0,1,0,0,0,0,-0.95,2018,1,0,,1,1,0.10901909,,33.5,29,22.7,14.8,81.3,7.7,4.3,18.7,47.6,34.7,93.7,27.2,89.80791,10.192089,0.112676054,449,119.7,0,1,0,0
2022,44622,HF ,2416,30_17_2,Iowa,IA,1,36,0,4,1,"Sen. Edler, Jeff [R]",1,0,0,1,0,0,0,0,0,1.065,2020,16841,10957,,27798,0.2116699,0.13720298,,33.5,22.2,25.8,18.5,73.9,0.8,18.1,26.1,54.7,26.5,87.5,19.1,43.765892,56.234108,0.14170389,482.46667,88.5,0,1,0,0
2022,44622,HF ,2416,30_17_2,Iowa,IA,1,37,0,4,1,"Sen. Wahls, Zach [D]",0,1,0,0,1,0,0,0,0,,2018,20321,5566,,25887,0.5699772,0.21234457,,32.1,27.3,25.9,14.7,78.6,8.5,4.3,21.4,56.1,30.4,95.7,46.8,47.812756,52.187244,0.092013955,324.5,52.65,0,1,0,0
2022,44622,HF ,2416,30_17_2,Iowa,IA,1,38,0,4,1,"Sen. Driscoll, Dawn [R]",1,0,0,1,0,1,0,0,0,,2020,21238,11948,,33186,0.27993733,0.08069576,,31.8,21.5,27.8,19.1,94,0.6,2.5,6,55.6,26,94.4,23.1,38.575005,61.424995,0.2510528,432.36667,168.6,0,1,0,0
2022,44622,HF ,2416,30_17_2,Iowa,IA,1,40,0,4,1,"Sen. Rozenboom, Ken [R]",1,0,0,1,0,0,0,0,0,0.858,2020,22022,8760,,30782,0.4308362,-0.092263855,,32.8,21.9,25.4,19.8,94,0.9,2,6,56.1,25.3,91.8,24.4,59.158714,40.841286,0,418.54,149.9,0,1,0,0
2022,44622,HF ,2416,30_17_2,Iowa,IA,1,41,0,4,1,"Sen. Dickey, Adrian Jeremy [R]",1,0,0,1,0,0,0,0,0,,2018,11460,10652,,22112,0.036541246,-0.045612484,,31.2,23.8,26.2,19,84.1,2.7,7.3,15.9,49.6,29.2,88.5,24.5,99.72794,0.27205455,0.045032136,346.325,177.35,0,1,0,0
2022,44622,HF ,2416,30_17_2,Iowa,IA,1,42,0,4,1,"Sen. Reichman, Jeffrey \Jeff\"" [R]""",1,0,0,1,0,0,0,0,0,,2020,16766,11228,,27994,0.1978281,0.08445662,,29.9,23.4,27.2,19.5,89.4,2.5,4,10.6,53.9,27.6,92.3,20,51.506493,48.493507,0.097789116,367.4,94.075,0,1,0,0
2022,44622,HF ,2416,30_17_2,Iowa,IA,1,43,0,4,1,"Sen. Bolkcom, Joseph \Joe\"" L. [D]""",0,1,0,0,1,0,0,0,0,-1.274,2018,23790,6107,,29897,0.59146404,-0.16142276,,48.3,24.5,15.5,11.8,78.1,7,6.4,21.9,32.5,58.2,96.5,57.7,100,0,0.7055661,298.9,60.8,0,1,0,0
2022,44622,HF ,2416,30_17_2,Iowa,IA,1,44,0,4,1,"Sen. Goodwin, Tim [R]",1,0,0,1,0,0,0,0,0,,2020,16447,12493,,28940,0.13662751,-0.12098137,,30.4,23.4,26.3,19.9,82.3,4.3,9.5,17.7,50.3,28.8,89.9,19.1,56.225845,43.774155,0.16716954,342.36667,69.03333,0,1,0,0
2022,44622,HF ,2416,30_17_2,Iowa,IA,1,45,0,4,1,"Sen. Lykam, Jim [D]",0,1,0,0,1,0,0,0,0,-0.882,2018,1,0,,1,1,0.006328038,,31,27.3,26.6,15.1,69.8,12,10.4,30.2,40.3,38.2,89.6,19.6,30.703323,69.29668,0.35957995,394.9,98.7,0,1,0,0
2022,44622,HF ,2416,30_17_2,Iowa,IA,1,46,0,4,1,"Sen. Lofgren, Mark S. [R]",1,0,0,1,0,0,0,0,0,0.676,2020,18479,12653,,31132,0.18713863,-0.009985585,,33.9,24.6,25.1,16.3,80.9,4.7,10.8,19.1,53.1,27.7,92.2,25.1,53.493977,46.506023,0.13847509,357.85,78.4,0,1,0,0
2022,44622,HF ,2416,30_17_2,Iowa,IA,1,47,0,4,1,"Sen. Smith, Roby [R]",1,0,0,1,0,0,0,0,0,0.668,2018,16125,14418,,30543,0.05588842,0.11401911,,31.6,26.4,24.8,17.1,82.2,4.5,5.6,17.8,53,28.6,96,47,52.191383,47.808617,0.20132409,394.9,98.7,0,1,0,0
2022,44622,HF ,2416,30_17_2,Iowa,IA,1,49,0,4,1,"Sen. Cournoyer, Chris [R]",1,0,0,1,0,1,0,0,0,,2018,13305,10916,,24221,0.098633416,0.30821162,,30.7,22.3,28.1,18.8,91.5,2.8,2.8,8.5,52.1,26.8,91.5,21.9,42.083687,57.916313,0.07323623,439.3,126.25,0,1,0,0
2022,44622,HF ,2416,30_17_2,Iowa,IA,1,50,0,4,1,"Sen. Jochum, Mary \Pam\"" Pamela [D]""",0,1,0,0,1,1,0,0,0,-1.124,2020,18044,12677,,30721,0.17470135,0.16787092,,32.2,24.6,24.1,19.2,88.1,4.1,2.2,11.9,47.5,35.9,92.5,31.6,98.32201,1.6779957,0.09982032,554.6,32.6,0,1,0,0
2021,44295,SB,55,26 Y 11 N 3 NV,Kansas ,KS,1,1,0,4,1,"Sen. Pyle, Dennis D. [R]",1,0,0,1,0,0,0,0,0,1.198,2020,25173,9914,,35087,0.43489042,0.23831877,,34.3,21.4,26.3,17.9,88.5,1.6,3.4,11.5,57.4,24.8,93,23.3,40.77311,59.22689,0.13439883,534.32855,173.5,0,1,1,1
2021,44295,SB,55,26 Y 11 N 3 NV,Kansas ,KS,1,2,0,4,1,"Sen. Francisco, Marci [D]",0,1,0,0,1,1,0,0,0,-1.192,2020,33648,0,,33648,1,-0.3098299,,41.9,24.8,20.8,12.3,82.7,3.1,5.4,17.3,41.6,45,95.6,50.1,93.87762,6.1223845,0.5624163,328.6,113.7,0,1,1,1
2021,44295,SB,55,26 Y 11 N 3 NV,Kansas ,KS,1,3,0,4,1,"Sen. Holland, Thomas [D]",0,1,0,0,1,0,0,0,0,-0.667,2020,20490,19500,,39990,0.02475619,-0.23054057,,37,26.3,23.6,13.2,81.7,3.4,5.6,18.3,50.6,33.8,93.8,35.7,46.5462,53.4538,0.30633202,334.45,118.75,0,1,1,1
2021,44295,SB,55,26 Y 11 N 3 NV,Kansas ,KS,1,5,0,4,1,"Sen. Pittman, Jeffrey \Jeff\"" [D]""",0,1,0,0,1,0,0,0,0,-0.435,2020,16753,14818,,31571,0.061290424,0.13970773,,33.6,30.1,24,12.3,71.4,12.8,8.5,28.6,51.5,28.6,91.5,32.1,89.92122,10.078784,0.2827632,438.7,146.75,0,1,1,1
2021,44295,SB,55,26 Y 11 N 3 NV,Kansas ,KS,1,6,0,4,1,"Sen. Pettey, Pat Huggins [D]",0,1,0,0,1,1,0,0,0,-1.047,2020,14533,8050,,22583,0.28707436,-0.19942814,,35.7,29.8,24.3,10.2,48.4,10,34.4,51.6,43.1,38.2,77.2,17.8,95.33945,4.6605544,0.5862388,482.7,147.65,0,1,1,1
2021,44295,SB,55,26 Y 11 N 3 NV,Kansas ,KS,1,7,0,4,1,"Sen. Corson, Ethan [D]",0,1,0,0,1,0,0,0,0,,2020,28215,19348,,47563,0.18642643,-0.26362798,,27.8,30.6,24,17.5,87.3,3,4.8,12.7,54.1,29.1,97.8,64.6,100,0,0.33534124,466.2,154.2,0,1,1,1
2021,44295,SB,55,26 Y 11 N 3 NV,Kansas ,KS,1,8,0,4,1,"Sen. Holscher, Cindy [D]",0,1,0,0,1,1,0,0,0,-0.825,2020,23686,19883,,43569,0.08728683,-9.54E-04,,29.9,27.3,27,15.6,79.8,5.3,5.5,20.2,54.6,28.3,97.4,61.2,100,0,0.048385534,466.2,154.2,0,1,1,1
2021,44295,SB,55,26 Y 11 N 3 NV,Kansas ,KS,1,9,0,4,1,"Sen. Gossage, Beverly E. [R]",1,0,0,1,0,1,0,0,0,,2020,22450,20550,,43000,0.04418605,-0.22576785,,36.6,27.9,24.2,11.4,78.7,5.2,11,21.3,57.4,27,92.7,45.7,93.27556,6.7244387,0.107299976,466.2,154.2,0,1,1,1
2021,44295,SB,55,26 Y 11 N 3 NV,Kansas ,KS,1,10,0,4,1,"Sen. Thompson, Mike [R]",1,0,0,1,0,0,0,0,0,,2020,22362,20758,,43120,0.037198517,0.03675128,,32.8,26.7,27.1,13.5,80.2,5.1,7.8,19.8,54.8,28.5,94.7,46.9,97.744286,2.2557118,0.3295586,482.7,147.65,0,1,1,1
2021,44295,SB,55,26 Y 11 N 3 NV,Kansas ,KS,1,11,0,4,1,"Sen. Warren, Kellie [R]",1,0,0,1,0,1,0,0,0,,2020,24846,22317,,47163,0.053622544,0.13887642,,30.5,22.7,29.7,17.1,83,2.2,3.6,17,62.1,23.6,98.8,71.9,99.95113,0.04886471,0.20415108,466.2,154.2,0,1,1,1
2021,44295,SB,55,26 Y 11 N 3 NV,Kansas ,KS,1,12,0,4,1,"Sen. Tyson, Caryn [R]",1,0,0,1,0,1,0,0,0,1.028,2020,24265,8359,,32624,0.48755518,0.22612153,,32.7,21.9,27.1,18.4,92.1,1,3.3,7.9,55.6,23.3,91.9,19.4,41.193653,58.806347,0.267486,440.43332,190.53334,0,1,1,1
2021,44295,SB,55,26 Y 11 N 3 NV,Kansas ,KS,1,13,0,4,1,"Sen. Hilderbrand, Richard [R]",1,0,0,1,0,0,0,0,0,1.192,2020,19990,10299,,30289,0.31995115,0.13305019,,36.5,22.3,24,17.1,87.5,1.9,4.3,12.5,48.8,30.9,90.3,24.4,56.49591,43.50409,0.18728615,454.85,224.45,0,1,1,1
2021,44295,SB,55,26 Y 11 N 3 NV,Kansas ,KS,1,14,0,4,1,"Sen. Fagg, Michael A. [R]",1,0,0,1,0,0,0,0,0,,2020,28501,0,,28501,1,0.22283095,,30.4,22,28.1,19.5,90.8,1.8,3.1,9.2,55,23.3,90.4,19.1,60.818127,39.181873,0.07875425,401.27,191.06,0,1,1,1
2021,44295,SB,55,26 Y 11 N 3 NV,Kansas ,KS,1,15,0,4,1,"Sen. Peck Jr., Virgil [R]",1,0,0,1,0,0,0,0,0,1.011,2020,23043,0,,23043,1,0.30156875,,32.5,22.2,26.5,18.7,83.8,3.9,5.6,16.2,52.2,25.4,89.3,18.9,31.506184,68.49381,0.46348673,484.875,228.775,0,1,1,1
2021,44295,SB,55,26 Y 11 N 3 NV,Kansas ,KS,1,16,0,4,1,"Sen. Masterson, Ty [R]",1,0,0,1,0,0,0,0,0,1.088,2020,27199,12246,,39445,0.3790848,0.17019865,,35.2,25.7,26.5,12.6,82.4,4.4,5.8,17.6,61.2,24.1,95.2,42.7,57.624557,42.375443,0.24061246,392.65,178.2,0,1,1,1
2021,44295,SB,55,26 Y 11 N 3 NV,Kansas ,KS,1,17,0,4,1,"Sen. Longbine, Jeff [R]",1,0,0,1,0,0,0,0,0,0.259,2020,17363,8671,,26034,0.3338711,-0.09309568,,42,27.1,19.1,11.8,66.6,9.1,16.8,33.4,55,28.6,91.4,26.4,42.24223,57.75777,0.12708724,416.45,177.625,0,1,1,1
2021,44295,SB,55,26 Y 11 N 3 NV,Kansas ,KS,1,18,0,4,1,"Sen. O'Shea, Kristen [R]",1,0,0,1,0,1,0,0,0,,2020,19396,13364,,32760,0.18412699,-0.24134369,,34,24.3,26.6,15.1,81.2,4.5,9.1,18.8,46.7,33.4,92.2,28.7,71.76455,28.235447,0.25906736,421.96667,174.23334,0,1,1,1
2021,44295,SB,55,26 Y 11 N 3 NV,Kansas ,KS,1,19,0,4,1,"Sen. Kloos, Richard \Rick\"" G. [R]""",1,0,0,1,0,0,0,0,0,,2020,16141,15483,,31624,0.020806981,0.08663831,,33.5,23.2,27.1,16.2,68.8,10.8,16.3,31.2,56.6,23.7,89.9,21.3,71.51876,28.481241,0.28606918,354.85,144.4,0,1,1,1
2021,44295,SB,55,26 Y 11 N 3 NV,Kansas ,KS,1,20,0,4,1,"Sen. Dietrich, Brenda S. [R]",0,1,0,1,0,1,0,0,0,0.194,2020,22000,16696,,38696,0.13706844,0.033751484,,30.1,23.6,26.2,20.2,81.5,5.1,7,18.5,52.9,26.3,94.5,38.6,89.10454,10.895459,0.19718128,383.15,158.8,0,1,1,1
2021,44295,SB,55,26 Y 11 N 3 NV,Kansas ,KS,1,21,0,4,1,"Sen. Sykes, Dinah H. [D]",0,1,0,0,1,1,0,0,0,-0.335,2020,24203,19709,,43912,0.10234105,-0.20620836,,31.1,29.6,25.3,14,77.3,6.1,10.3,22.7,52.6,30.4,94.8,50.7,32.40784,67.59216,0.3495948,466.2,154.2,0,1,1,1
2021,44295,SB,55,26 Y 11 N 3 NV,Kansas ,KS,1,22,0,4,1,"Sen. Hawk, Tom [D]",0,1,0,0,1,0,0,0,0,-0.76,2020,15687,14911,,30598,0.025361136,-0.290008,,47.8,26.9,15.4,9.8,77.9,5.5,8.2,22.1,41.2,46.5,95.5,42.9,89.39826,10.601734,0.3261391,422.16666,177.83333,0,1,1,1
2021,44295,SB,55,26 Y 11 N 3 NV,Kansas ,KS,1,23,0,4,1,"Sen. Olson, Robert \Rob\"" [R]""",1,0,0,1,0,0,0,0,0,1.015,2020,20235,17864,,38099,0.062232606,-0.08921786,,37.1,29.3,24.1,9.4,75.1,6.1,10.7,24.9,58.4,27.4,94.1,48.3,92.38101,7.6189895,0.4370282,466.2,154.2,0,1,1,1
2021,44295,SB,55,26 Y 11 N 3 NV,Kansas ,KS,1,24,0,4,1,"Sen. Claeys, J. R. [R]",1,0,0,1,0,0,0,0,0,0.911,2020,25242,0,,25242,1,-0.114238225,,32.5,24.3,26.2,17,82.8,2.4,9.7,17.2,51.6,26.8,90.7,25.6,76.82633,23.173666,0.28998998,431.3,140,0,1,1,1
2021,44295,SB,55,26 Y 11 N 3 NV,Kansas ,KS,1,25,0,4,1,"Sen. Ware, Mary [D]",0,1,0,0,1,1,0,0,0,,2020,12647,10456,,23103,0.09483617,-0.1740952,,35.5,28,23.3,13.2,61.2,6.4,25.3,38.8,38.8,35.9,83.3,18.8,98.11554,1.8844618,0.40587682,460.1,197.5,0,1,1,1
2021,44295,SB,55,26 Y 11 N 3 NV,Kansas ,KS,1,26,0,4,1,"Sen. Kerschen, Dan [R]",1,0,0,1,0,0,0,0,0,0.57,2020,27540,0,,27540,1,0.15035655,,35.2,25.1,26.4,13.4,86.2,1,5.7,13.8,56.6,23.8,92,26.4,69.559425,30.440575,0.27414185,460.1,197.5,0,1,1,1
2021,44295,SB,55,26 Y 11 N 3 NV,Kansas ,KS,1,27,0,4,1,"Sen. Suellentrop, Gene [R]",1,0,0,1,0,0,0,0,0,0.977,2020,26296,13143,,39439,0.33350238,-0.030339487,,33.7,24.5,26.4,15.4,84.4,2.4,8.3,15.6,56.4,27.4,95,42,99.82468,0.17532468,0.23161551,460.1,197.5,0,1,1,1
2021,44295,SB,55,26 Y 11 N 3 NV,Kansas ,KS,1,28,0,4,1,"Sen. Petersen, Mike [R]",1,0,0,1,0,0,0,0,0,0.76,2020,11895,10250,,22145,0.07428313,-0.094605245,,37.7,27.1,23.3,11.9,63.6,7.3,19,36.4,46.4,31.4,85.3,17.6,94.74054,5.2594566,0.25097808,460.1,197.5,0,1,1,1
2021,44295,SB,55,26 Y 11 N 3 NV,Kansas ,KS,1,29,0,4,1,"Sen. Faust-Goudeau, Oletha [D]",0,1,0,0,1,1,1,0,0,-0.812,2020,15253,6199,,21452,0.42205855,-0.063937604,,39.2,26.8,22.3,11.7,37.8,27.9,25.8,62.2,36,42.4,80.5,22,99.99688,0.003119833,0.22222222,460.1,197.5,0,1,1,1
2021,44295,SB,55,26 Y 11 N 3 NV,Kansas ,KS,1,30,0,4,1,"Sen. Erickson, Renee [R]",1,0,0,1,0,1,0,0,0,,2020,17376,16199,,33575,0.035055846,-0.023786083,,33,26.5,23.9,16.6,62.7,12.3,11.2,37.3,47.7,32.2,91.9,42.1,99.77628,0.22371365,0.21107483,460.1,197.5,0,1,1,1
2021,44295,SB,55,26 Y 11 N 3 NV,Kansas ,KS,1,32,0,4,1,"Sen. Alley, Larry W. [R]",1,0,0,1,0,0,0,0,0,1.064,2020,25327,0,,25327,1,0.009982155,,33.1,22.3,26.1,18.5,84.6,1.8,8.4,15.4,53,24.2,90.9,20.7,58.625916,41.374084,0.18077053,540.65717,226.27142,0,1,1,1
2021,44295,SB,55,26 Y 11 N 3 NV,Kansas ,KS,1,33,0,4,1,"Sen. Straub, Alicia [R]",1,0,0,1,0,1,0,0,0,,2020,26740,0,,26740,1,0.27078447,,31.6,22.2,26.8,19.3,84.1,1.4,11.9,15.9,55.6,24.4,88.9,21.3,37.561626,62.438374,0.29294083,565.44165,152.975,0,1,1,1
2021,44295,SB,55,26 Y 11 N 3 NV,Kansas ,KS,1,34,0,4,1,"Sen. Steffen, Mark [R]",1,0,0,1,0,0,0,0,0,,2020,21240,9192,,30432,0.39589906,0.034128204,,31.4,23.5,26.2,19,85,2.4,8.9,15,52.2,26,88.3,20.8,69.56214,30.437859,0.105990276,534.25,181.65,0,1,1,1
2021,44295,SB,55,26 Y 11 N 3 NV,Kansas ,KS,1,35,0,4,1,"Sen. Wilborn, Richard [R]",1,0,0,1,0,0,0,0,0,0.752,2020,28799,0,,28799,1,0.14479499,,31.6,21.3,26.6,20.6,90.2,1.4,5.2,9.8,57.2,23.5,91.1,25.1,37.69518,62.30482,0.2134244,446.72858,166.07143,0,1,1,1
2021,44295,SB,55,26 Y 11 N 3 NV,Kansas ,KS,1,36,0,4,1,"Sen. Bowers, Elaine S. [R]",1,0,0,1,0,1,0,0,0,0.538,2020,31549,0,,31549,1,0.36754754,,29.5,20.1,27.4,23.1,94.2,0.9,2.8,5.8,57.5,21.5,92.5,22.3,49.43998,50.56002,0.10660614,630.7846,226.32307,0,1,1,1
2021,44295,SB,55,26 Y 11 N 3 NV,Kansas ,KS,1,37,0,4,1,"Sen. Baumgardner, Molly [R]",1,0,0,1,0,1,0,0,0,1.007,2020,30758,16319,,47077,0.30671027,0.31853095,,35.9,24.8,27.5,11.8,85.5,2.3,4.3,14.5,64.2,21.9,96.8,45.1,93.17117,6.8288255,0.13463357,435,143.65,0,1,1,1
2021,44295,SB,55,26 Y 11 N 3 NV,Kansas ,KS,1,38,0,4,1,"Sen. Ryckman Sr., Ronald [R]",1,0,0,1,0,0,0,0,0,0.864,2020,13274,5994,,19268,0.37782854,0.119734116,,40.2,25.6,22.7,11.4,44.7,2.6,49.2,55.3,52.8,29.2,72.6,16.7,63.40272,36.59728,0.24297711,610.23334,254.7,0,1,1,1
2021,44295,SB,55,26 Y 11 N 3 NV,Kansas ,KS,1,40,0,4,1,"Sen. Billinger, Richard \Rick\"" [R]""",1,0,0,1,0,0,0,0,0,0.583,2020,28023,7530,,35553,0.5764071,0.2803902,,33.6,22.9,24.5,19,90.3,1.2,5.7,9.7,53,28.5,92.7,27,25.346912,74.65308,0.10427868,624.38574,227.07857,0,1,1,1
2021,44294,SB,55,76 Y 43 N 6 Abs,Kansas ,KS,0,1,0,2,1,"Rep. Houser, Michael [R]",1,0,0,1,0,0,0,0,0,1.02,2020,1,0,,1,1,0.088603124,,31.6,21.5,28,18.9,88.4,0.6,2.6,11.6,55.4,22.6,88.7,18.5,56.17337,43.82663,0.13969733,434.15,223.75,0,1,1,1
2021,44294,SB,55,76 Y 43 N 6 Abs,Kansas ,KS,0,2,0,2,1,"Rep. Collins, Kenneth [R]",1,0,0,1,0,0,0,0,0,,2020,6759,4115,,10874,0.24314879,0.19974954,,32.5,21,27.9,18.6,94.7,0.3,2.6,5.3,54.3,24.8,91.9,24,36.697647,63.302353,0.16158818,446.35,192.4,0,1,1,1
2021,44294,SB,55,76 Y 43 N 6 Abs,Kansas ,KS,0,3,0,2,1,"Rep. Smith, Charles \Chuck\"" [R]""",1,0,0,1,0,0,0,0,0,0.437,2020,4942,4213,,9155,0.07962862,-0.065216295,,45,23.9,18.2,12.9,81.5,3.3,7.6,18.5,38.9,42.8,90.2,32,92.01323,7.986772,0.19646366,422.4,199.9,0,1,1,1
2021,44294,SB,55,76 Y 43 N 6 Abs,Kansas ,KS,0,4,0,2,1,"Rep. Jacobs, Trevor [R]",1,0,0,1,0,0,0,0,0,1.797,2020,7881,2642,,10523,0.49786183,0.4245867,,32.5,21.4,25.6,20.6,91.1,2.3,2.6,8.9,55.9,23.8,90.2,18.6,25.677538,74.322464,0.49056202,433.25,218.45,0,1,1,1
2021,44294,SB,55,76 Y 43 N 6 Abs,Kansas ,KS,0,5,0,2,1,"Rep. Samsel, Mark [R]",0,1,0,1,0,0,0,0,0,,2020,8061,2362,,10423,0.5467716,0.14347523,,33.5,22.1,27.4,17.1,93.6,1.1,3.1,6.4,54.8,23.3,93.5,18.6,78.75851,21.241493,0.20952159,376.825,135.575,0,1,1,1
2021,44294,SB,55,76 Y 43 N 6 Abs,Kansas ,KS,0,6,0,2,1,"Rep. Poetter, Samantha M. [R]",1,0,0,1,0,1,0,0,0,,2020,1,0,,1,1,0.4502518,,31.8,21.2,29.1,17.9,93.4,1.2,2.4,6.6,61.7,20,95.4,28.9,43.762245,56.237755,0,403.8,133.1,0,1,1,1
2021,44294,SB,55,76 Y 43 N 6 Abs,Kansas ,KS,0,7,0,2,1,"Rep. Proehl, Richard J. [R]",1,0,0,1,0,0,0,0,0,0.323,2020,1,0,,1,1,-0.05842721,,30.9,22.3,28.6,18,85,4.6,4.6,15,54.9,25.7,88.8,18.6,52.53171,47.46829,0.6998069,500.6,205.15,0,1,1,1
2021,44294,SB,55,76 Y 43 N 6 Abs,Kansas ,KS,0,8,0,2,1,"Rep. Croft, Chris [R]",1,0,0,1,0,0,0,0,0,,2020,1,0,,1,1,0.058736607,,36.3,22.9,31.1,9.8,83.9,1.6,3.4,16.1,66.5,25.1,98.3,74.6,44.90836,55.09164,0,466.2,154.2,0,1,1,1
2021,44294,SB,55,76 Y 43 N 6 Abs,Kansas ,KS,0,10,0,2,1,"Rep. Haswood, Christina [D]",0,1,0,0,1,1,0,0,1,,2020,1,0,,1,1,-0.06344336,,39.9,25.8,22.2,12,74.2,4.8,7.4,25.8,41.6,44.7,94.5,42.4,64.787544,35.212456,0.21261516,290.7,85.1,0,1,1,1
2021,44294,SB,55,76 Y 43 N 6 Abs,Kansas ,KS,0,11,0,2,1,"Rep. Kelly, Jim [R]",1,0,0,1,0,0,0,0,0,0.487,2020,1,0,,1,1,0.092632845,,33.9,21.4,25.4,19.3,78.9,5.4,7.4,21.1,47.9,27.3,87.8,19.4,48.847332,51.152668,0.621118,514.4,303.3,0,1,1,1
2021,44294,SB,55,76 Y 43 N 6 Abs,Kansas ,KS,0,12,0,2,1,"Rep. Blex, Douglas [R]",1,0,0,1,0,0,0,0,0,0.807,2020,1,0,,1,1,0.28268316,,30.1,21.2,28.4,20.2,87.1,1.9,2.9,12.9,60.1,21,90.8,16.7,47.94761,52.05239,0.14547896,393.06,187.36,0,1,1,1
2021,44294,SB,55,76 Y 43 N 6 Abs,Kansas ,KS,0,13,0,2,1,"Rep. Newland, Joe [R]",1,0,0,1,0,0,0,0,0,,2020,7633,2254,,9887,0.5440477,0.26409766,,28.7,19.8,28.8,22.7,92.3,0.5,3,7.7,55.4,19.8,89.4,16.1,26.247505,73.752495,0.19296741,356.94,154.18,0,1,1,1
2021,44294,SB,55,76 Y 43 N 6 Abs,Kansas ,KS,0,14,0,2,1,"Rep. Esau, Charlotte [R]",1,0,0,1,0,1,0,0,0,1.281,2020,8539,7757,,16296,0.047987238,-0.002200024,,34.3,28,25.3,12.5,77,5.3,10.4,23,60.2,25.5,95.2,58.4,98.73706,1.2629364,0,466.2,154.2,0,1,1,1
2021,44294,SB,55,76 Y 43 N 6 Abs,Kansas ,KS,0,15,0,2,1,"Rep. Toplikar, John [R]",1,0,0,1,0,0,0,0,0,0.395,2020,5361,5054,,10415,0.029476715,0.21012257,,36.7,30.5,24,8.8,67.3,9.5,18.3,32.7,51,30,89.4,34.1,97.36431,2.6356893,0.74725807,466.2,154.2,0,1,1,1
2021,44294,SB,55,76 Y 43 N 6 Abs,Kansas ,KS,0,16,0,2,1,"Rep. Featherston, Linda [D]",0,1,0,0,1,1,0,0,0,,2020,7130,7063,,14193,0.004720637,-0.1351463,,28.8,26.6,26.8,17.6,85.4,4.4,4.3,14.6,54.9,27.4,97.9,60.1,100,0,0.14813352,466.2,154.2,0,1,1,1
2021,44294,SB,55,76 Y 43 N 6 Abs,Kansas ,KS,0,17,0,2,1,"Rep. Hoye, Jo Ella [D]",0,1,0,0,1,1,0,0,0,,2020,7058,6356,443,13414,0.052333385,0.15410788,,31.9,21.3,31,15.8,79.6,7.6,5.1,20.4,60.1,27.1,96.5,57.3,99.25063,0.7493671,0.20602037,466.2,154.2,0,1,1,1
2021,44294,SB,55,76 Y 43 N 6 Abs,Kansas ,KS,0,18,0,2,1,"Rep. Neighbor, Cindy [D]",0,1,0,0,1,1,0,0,0,-0.706,2020,7098,6460,,13558,0.04705709,0.28514278,,28.2,26.6,28.5,16.8,82.7,4.3,8.3,17.3,50.3,29.7,94.5,39.9,99.505974,0.49402574,0.66325974,466.2,154.2,0,1,1,1
2021,44294,SB,55,76 Y 43 N 6 Abs,Kansas ,KS,0,19,0,2,1,"Rep. Clayton, Stephanie Sawyer [D]",0,1,0,0,1,1,0,0,0,-0.305,2020,1,0,,1,1,0.15383467,,28.7,23.4,27.3,20.6,87.1,2.4,5.6,12.9,60.8,22.8,98.5,67,100,0,0.1701872,466.2,154.2,0,1,1,1
2021,44294,SB,55,76 Y 43 N 6 Abs,Kansas ,KS,0,20,0,2,1,"Rep. Poskin, Mari-Lynn [D]",0,1,0,0,1,1,0,0,0,,2020,8249,7752,,16001,0.03106056,0.08432292,,22.6,20.8,29.3,27.2,89.5,2.2,2.3,10.5,60.6,20.4,98.9,67.6,100,0,0.3170029,466.2,154.2,0,1,1,1
2021,44294,SB,55,76 Y 43 N 6 Abs,Kansas ,KS,0,21,0,2,1,"Rep. Stogsdill, Jerry [D]",0,1,0,0,1,0,0,0,0,-0.812,2020,9421,5778,,15199,0.23968682,-0.07932465,,27.5,32.5,22.1,17.9,93.3,0.9,2.3,6.7,54.5,29.8,98.2,67.9,100,0,0.5080606,466.2,154.2,0,1,1,1
2021,44294,SB,55,76 Y 43 N 6 Abs,Kansas ,KS,0,22,0,2,1,"Rep. Vaughn, Lindsay [D]",0,1,0,0,1,1,0,0,0,,2020,1,0,,1,1,0.05460094,,31.2,32.5,22.5,13.8,69.7,9.2,15,30.3,42.9,36.9,93.6,40.5,100,0,0.44530493,466.2,154.2,0,1,1,1
2021,44294,SB,55,76 Y 43 N 6 Abs,Kansas ,KS,0,23,0,2,1,"Rep. Ruiz, Susan [D]",0,1,1,0,1,1,0,1,0,,2020,6069,4386,579,10455,0.1609756,-0.028104056,,33.9,31.7,21,13.4,64.4,9.6,17.8,35.6,45,33.1,90.5,36.3,100,0,0.28452393,466.2,154.2,0,1,1,1
2021,44294,SB,55,76 Y 43 N 6 Abs,Kansas ,KS,0,24,0,2,1,"Rep. Ousley, Jarrod [D]",0,1,0,0,1,0,0,0,0,-1.034,2020,1,0,,1,1,-0.035727315,,28.1,35.7,23,13.3,73.3,8,12.1,26.7,39.8,40,91.9,39.4,100,0,0.84499365,466.2,154.2,0,1,1,1
2021,44294,SB,55,76 Y 43 N 6 Abs,Kansas ,KS,0,25,0,2,1,"Rep. Xu, Rui [D]",0,1,0,0,1,0,0,0,1,,2020,1,0,,1,1,-0.118934155,,26.8,30.6,26.1,16.6,88.2,1.8,5.2,11.8,54.8,28.1,97.8,65.1,100,0,0.48694572,466.2,154.2,0,1,1,1
2021,44294,SB,55,76 Y 43 N 6 Abs,Kansas ,KS,0,26,0,2,1,"Rep. Thomas, Adam [R]",1,0,0,1,0,0,0,0,0,,2020,9758,6166,,15924,0.22557147,0.11053723,,37.1,29.5,24.2,9.2,85.3,3.1,5.7,14.7,65.6,20.4,96.9,48.2,97.62812,2.3718803,0.096038416,435,143.65,0,1,1,1
2021,44294,SB,55,76 Y 43 N 6 Abs,Kansas ,KS,0,27,0,2,1,"Rep. Tarwater Sr., Sean E. [R]",1,0,0,1,0,0,0,0,0,0.679,2020,12119,6961,,19080,0.27033544,0.09333913,,35.2,22.3,31.4,11.2,83.2,2.6,2.4,16.8,68,22.4,98.7,66.6,78.893936,21.106064,0.21179356,466.2,154.2,0,1,1,1
2021,44294,SB,55,76 Y 43 N 6 Abs,Kansas ,KS,0,28,0,2,1,"Rep. Turner, Carl [R]",1,0,0,1,0,0,0,0,0,,2020,7638,6732,,14370,0.06304802,0.13440903,,34.3,24.7,29.2,11.8,77.9,2.7,4.3,22.1,64.2,25,98.9,75.4,99.85301,0.14698677,0,466.2,154.2,0,1,1,1
2021,44294,SB,55,76 Y 43 N 6 Abs,Kansas ,KS,0,29,0,2,1,"Rep. Parker, Brett [D]",0,1,0,0,1,0,0,0,0,-1.096,2020,7636,5795,,13431,0.13707095,0.34386277,,28.4,29.6,24.6,17.4,77.6,6.9,5.3,22.4,52.3,29,96.9,57.5,100,0,0,466.2,154.2,0,1,1,1
2021,44294,SB,55,76 Y 43 N 6 Abs,Kansas ,KS,0,30,0,2,1,"Rep. Woodard, Brandon [D]",0,1,1,0,1,0,0,0,0,,2020,6913,6357,,13270,0.04189902,0.07327576,,30.7,29,25.3,15,79.6,6.6,7.3,20.4,49.2,32.3,94.7,50.5,100,0,0.23128071,466.2,154.2,0,1,1,1
2021,44294,SB,55,76 Y 43 N 6 Abs,Kansas ,KS,0,32,0,2,1,"Rep. Curtis, Pam [D]",0,1,0,0,1,1,0,0,0,-0.981,2020,2822,958,,3780,0.49312168,-0.14982142,,39.6,30.1,22.8,7.5,21.5,6.9,60.9,78.5,42.4,38.8,58.7,8.7,100,0,0.6593407,499.2,141.1,0,1,1,1
2021,44294,SB,55,76 Y 43 N 6 Abs,Kansas ,KS,0,33,0,2,1,"Rep. Burroughs, Tom [D]",0,1,0,0,1,0,0,0,0,-0.717,2020,5156,4398,1027,9554,0.0793385,-0.0721427,,32.8,27.5,25,14.7,66.8,14.8,12.5,33.2,49.9,29.1,87.6,21.8,90.12746,9.87254,0.21652421,499.2,141.1,0,1,1,1
2021,44294,SB,55,76 Y 43 N 6 Abs,Kansas ,KS,0,34,0,2,1,"Rep. Winn, Valdenia C. [D]",0,1,0,0,1,1,1,0,0,-1.319,2020,1,0,,1,1,-0.32097453,,43.6,26.4,20,9.9,16.2,38.1,35.2,83.8,34.6,43.4,76.2,10.6,100,0,0.49390846,499.2,141.1,0,1,1,1
2021,44294,SB,55,76 Y 43 N 6 Abs,Kansas ,KS,0,35,0,2,1,"Rep. Henderson, Broderick [D]",0,1,0,0,1,0,1,0,0,-1.137,2020,5694,1412,,7106,0.60258937,-0.24694619,,36.5,23.7,24.8,14.9,24.8,47.1,21.4,75.2,35.5,40.5,76.5,10.6,95.21642,4.783575,0.07084662,499.2,141.1,0,1,1,1
2021,44294,SB,55,76 Y 43 N 6 Abs,Kansas ,KS,0,36,0,2,1,"Rep. Wolfe Moore, Kathy [D]",0,1,0,0,1,1,0,0,0,-0.675,2020,8280,4952,,13232,0.25151148,-0.1287036,,31,26.6,26.5,16,61.4,22,8.4,38.6,55,27.6,93,31.4,80.4192,19.580805,0.5269384,499.2,141.1,0,1,1,1
2021,44294,SB,55,76 Y 43 N 6 Abs,Kansas ,KS,0,37,0,2,1,"Rep. Coleman, Aaron [D]",0,1,0,0,1,0,0,0,0,,2020,3649,1222,620,4871,0.49825498,-0.116936274,,39.5,27.9,22.1,10.6,48,11.7,31.9,52,44.8,36.1,76.6,11.5,100,0,0.56531894,499.2,141.1,0,1,1,1
2021,44294,SB,55,76 Y 43 N 6 Abs,Kansas ,KS,0,38,0,2,1,"Rep. Johnson, Timothy [R]",1,0,0,1,0,0,0,0,0,0.593,2020,9368,5464,,14832,0.26321468,0.22838119,,31.1,23.2,29.7,15.8,89.9,2.2,5.7,10.1,62.2,20.8,92.7,34.9,81.21772,18.782284,0.4066828,438.7,146.75,0,1,1,1
2021,44294,SB,55,76 Y 43 N 6 Abs,Kansas ,KS,0,39,0,2,1,"Rep. Donohoe, Owen [R]",1,0,0,1,0,0,0,0,0,1.088,2020,8511,7027,,15538,0.095507786,0.273343,,38.6,27.6,26.2,7.7,86.4,1.8,4.4,13.6,67,22.8,98.3,60.5,77.85782,22.14218,0.18672974,466.2,154.2,0,1,1,1
2021,44294,SB,55,76 Y 43 N 6 Abs,Kansas ,KS,0,40,0,2,1,"Rep. French, David [R]",1,0,0,1,0,0,0,0,0,,2020,5318,4523,,9841,0.08078447,-0.17137735,,32.6,28.4,26.2,12.9,70,12.2,8.5,30,49.3,32.3,91.1,33.3,81.31414,18.68586,0.1529052,378.2,152.4,0,1,1,1
2021,44294,SB,55,76 Y 43 N 6 Abs,Kansas ,KS,0,41,0,2,1,"Rep. Proctor, Patrick \Pat\"" [R]""",1,0,0,1,0,0,0,0,0,,2020,3846,3411,,7257,0.059942126,0.15866357,,34.4,31.9,22.4,11.3,72.4,12.9,8.5,27.6,46.5,29.4,90.3,28.7,99.57856,0.4214408,0.28839222,378.2,152.4,0,1,1,1
2021,44294,SB,55,76 Y 43 N 6 Abs,Kansas ,KS,0,42,0,2,1,"Rep. Neelly, Lance W. [R]",1,0,0,1,0,0,0,0,0,,2020,9652,283,,9935,0.9430297,0.1409415,,33.4,28.7,24.8,12.9,86.7,3.6,5.6,13.3,58.2,23,93.3,32.4,48.51179,51.48821,0,345.13333,126.6,0,1,1,1
2021,44294,SB,55,76 Y 43 N 6 Abs,Kansas ,KS,0,43,0,2,1,"Rep. Sutton, Bill [R]",1,0,0,1,0,0,0,0,0,1.296,2020,7893,4302,,12195,0.29446495,0.33054376,,38.8,31.6,21.6,7.9,84.1,2.6,6.7,15.9,58.5,24.3,95.6,33.9,83.313995,16.686005,0.43264735,328.6,113.7,0,1,1,1
2021,44294,SB,55,76 Y 43 N 6 Abs,Kansas ,KS,0,44,0,2,1,"Rep. Ballard, Barbara W. [D]",0,1,0,0,1,1,1,0,0,-0.678,2020,1,0,,1,1,-0.12992258,,40,24.1,21.4,14.5,75.7,4.5,5.2,24.3,41.1,43.6,97.1,53.8,100,0,0.67401403,290.7,85.1,0,1,1,1
2021,44294,SB,55,76 Y 43 N 6 Abs,Kansas ,KS,0,45,0,2,1,"Rep. Amyx, Mike [D]",0,1,0,0,1,0,0,0,0,,2020,1,0,,1,1,-0.038420387,,33.5,28,23.9,14.6,83.1,1.5,5.1,16.9,57.3,30,96.7,59.8,89.92817,10.071833,0.4609067,290.7,85.1,0,1,1,1
2021,44294,SB,55,76 Y 43 N 6 Abs,Kansas ,KS,0,46,0,2,1,"Rep. Highberger, Dennis \Boog\"" [D]""",0,1,0,0,1,0,0,0,0,-1.152,2020,9295,1517,,10812,0.71938586,-0.23429075,,56.1,25.4,12.8,5.6,78.8,5.2,7.4,21.2,22.3,67.2,94,47.2,99.78909,0.21090978,1.0088856,290.7,85.1,0,1,1,1
2021,44294,SB,55,76 Y 43 N 6 Abs,Kansas ,KS,0,47,0,2,1,"Rep. Ellis, Ronald B. [R]",1,0,0,1,0,0,0,0,0,0.597,2020,8209,3294,,11503,0.42727983,0.40389878,,29.3,20.9,31.5,18.4,93.3,0.7,2.9,6.7,62.6,20,94.2,21.9,1.0231616,98.97684,0.30959752,309.5,103.433334,0,1,1,1
2021,44294,SB,55,76 Y 43 N 6 Abs,Kansas ,KS,0,48,0,2,1,"Rep. Day, Jennifer [D]",0,1,0,0,1,1,0,0,0,,2020,6911,6849,,13760,0.004505814,0.22230099,,34,26.2,27.5,12.4,75.3,3,5,24.7,56.6,27.6,97.5,69,99.7429,0.25710514,0,466.2,154.2,0,1,1,1
2021,44294,SB,55,76 Y 43 N 6 Abs,Kansas ,KS,0,50,0,2,1,"Rep. Patton, Fred C. [R]",1,0,0,1,0,0,0,0,0,0.347,2020,9901,3326,,13227,0.4970893,0.369422,,31.3,21.1,30,17.5,91.8,0.9,4.6,8.2,63.4,21.3,95.6,33.6,37.80273,62.19727,0.10500525,426.9,155.2,0,1,1,1
2021,44294,SB,55,76 Y 43 N 6 Abs,Kansas ,KS,0,51,0,2,1,"Rep. Highland, Ron [R]",1,0,0,1,0,0,0,0,0,0.949,2020,1,0,,1,1,0.23152885,,33.8,25,25.7,15.3,90.6,0.7,5.1,9.4,60.7,21.4,95.3,34.2,36.70121,63.29879,0.06462732,408.2,169.76666,0,1,1,1
2021,44294,SB,55,76 Y 43 N 6 Abs,Kansas ,KS,0,52,0,2,1,"Rep. Borjon, Jesse [R]",0,1,0,1,0,0,0,0,0,,2020,7957,6182,,14139,0.12553929,0.12584099,,30.8,20.4,27.6,21.3,84.1,2.6,5.8,15.9,64.6,19.6,96.9,49.1,95.4124,4.5876036,0.021235932,426.9,155.2,0,1,1,1
2021,44294,SB,55,76 Y 43 N 6 Abs,Kansas ,KS,0,53,0,2,1,"Rep. Gartner, Jim [D]",0,1,0,0,1,0,0,0,0,-0.664,2020,6326,5203,,11529,0.09740654,0.056248706,,27.1,24.9,26,22.1,79.1,7.1,8.4,20.9,43.5,31.2,91.3,34.8,65.97982,34.020176,0.27749515,426.9,155.2,0,1,1,1
2021,44294,SB,55,76 Y 43 N 6 Abs,Kansas ,KS,0,54,0,2,1,"Rep. Corbet, Ken [R]",1,0,0,1,0,0,0,0,0,0.981,2020,8297,3927,,12224,0.35749346,0.071067624,,32.6,21.6,29,16.8,88.8,2.9,3.9,11.2,61.3,21.5,94.5,28.1,79.5214,20.478596,0.060038425,381.1,175.1,0,1,1,1
2021,44294,SB,55,76 Y 43 N 6 Abs,Kansas ,KS,0,55,0,2,1,"Rep. Kuether, Annie [D]",0,1,0,0,1,1,0,0,0,-1.314,2020,5960,3516,,9476,0.25791472,0.09217007,,35.2,27.7,23.4,13.7,73.2,7,12.4,26.8,35.6,43,91.8,31.8,100,0,0.65284973,426.9,155.2,0,1,1,1
2021,44294,SB,55,76 Y 43 N 6 Abs,Kansas ,KS,0,56,0,2,1,"Rep. Weigel, Virgil [D]",0,1,0,0,1,0,0,0,0,-0.88,2020,5661,5400,,11061,0.02359642,0.033905707,,30.2,27.4,25.4,17.1,76.8,7.8,8.9,23.2,44.5,31.5,94.3,34.9,99.990746,0.009257545,0.19100372,426.9,155.2,0,1,1,1
2021,44294,SB,55,76 Y 43 N 6 Abs,Kansas ,KS,0,57,0,2,1,"Rep. Alcala, John [D]",0,1,0,0,1,0,0,1,0,-0.759,2020,4513,2603,,7116,0.26840922,0.22719134,,34.5,25.8,25.6,14.1,56.8,12.4,25.7,43.2,42.7,32.4,84.1,12.6,96.336205,3.663793,0,383.15,158.8,0,1,1,1
2021,44294,SB,55,76 Y 43 N 6 Abs,Kansas ,KS,0,58,0,2,1,"Rep. Miller, Vic [D]",0,1,0,0,1,0,0,0,0,-0.52,2020,4786,2087,,6873,0.39269605,-0.009355019,,38.7,25.9,22.4,13,44.1,22.8,27.1,55.9,48.6,29.4,84.2,13,100,0,0.3721042,426.9,155.2,0,1,1,1
2021,44294,SB,55,76 Y 43 N 6 Abs,Kansas ,KS,0,59,0,2,1,"Rep. Finch, Blaine [R]",1,0,0,1,0,0,0,0,0,0.336,2020,7679,2826,,10505,0.46197048,0.29397678,,33,22,28.1,17.1,91.1,0.8,4.3,8.9,56.3,24.9,92.5,20.3,12.934962,87.06504,0.24912241,346.6,169.9,0,1,1,1
2021,44294,SB,55,76 Y 43 N 6 Abs,Kansas ,KS,0,60,0,2,1,"Rep. Schreiber, Mark [R]",0,1,0,1,0,0,0,0,0,0.16,2020,5685,3898,,9583,0.18647605,-0.063519776,,42.6,21.8,20.8,14.8,69.5,2.7,22.1,30.5,44.9,38.6,88.7,31.5,99.658806,0.34119418,0.06143764,450,151.7,0,1,1,1
2021,44294,SB,55,76 Y 43 N 6 Abs,Kansas ,KS,0,61,0,2,1,"Rep. Awerkamp, Francis [R]",1,0,0,1,0,0,0,0,0,1.445,2020,1,0,,1,1,0.12558427,,35.7,21.8,25.7,16.6,86.1,0.4,5.3,13.9,59.1,24.5,94.3,23.1,35.170444,64.82956,0,385.5,143.26666,0,1,1,1
2021,44294,SB,55,76 Y 43 N 6 Abs,Kansas ,KS,0,62,0,2,1,"Rep. Garber, Randy [R]",1,0,0,1,0,0,0,0,0,1.349,2020,1,0,,1,1,0.30331174,,32.6,20.6,27,19.6,90,0.9,3,10,60.5,20.8,93,22.1,29.900438,70.09956,0.13436346,485.8,138.23334,0,1,1,1
2021,44294,SB,55,76 Y 43 N 6 Abs,Kansas ,KS,0,63,0,2,1,"Rep. Eplee, John R. [R]",1,0,0,1,0,0,0,0,0,0.373,2020,1,0,,1,1,-0.030749261,,37.8,20.2,25,16.8,88.5,3.5,2.9,11.5,48.8,32.9,91.5,21.5,56.975418,43.024582,0.28835756,468.6,163.25,0,1,1,1
2021,44294,SB,55,76 Y 43 N 6 Abs,Kansas ,KS,0,64,0,2,1,"Rep. Carlson, Susan \Suzi\"" [R]""",1,0,0,1,0,1,0,0,0,,2020,5050,1622,,6672,0.513789,0.018017657,,44.3,27.9,15.4,12.3,77.4,7.7,9.3,22.6,52.9,33,94.6,24.7,63.808945,36.191055,0,424.1,140.875,0,1,1,1
2021,44294,SB,55,76 Y 43 N 6 Abs,Kansas ,KS,0,65,0,2,1,"Rep. Clark, Lonnie G. [R]",1,0,0,1,0,0,0,0,0,0.198,2020,1,0,,1,1,-0.19165643,,48.8,31.6,12.7,7,54.3,17.7,18.1,45.7,56.6,26.1,92.6,18.2,91.36496,8.635043,0.36453587,376.8,191.3,0,1,1,1
2021,44294,SB,55,76 Y 43 N 6 Abs,Kansas ,KS,0,66,0,2,1,"Rep. Carlin, Sydney [D]",0,1,0,0,1,1,0,0,0,-0.909,2020,1,0,,1,1,0.01514311,,60.3,23.6,10.2,5.9,77.1,5.5,8.4,22.9,21.3,67.9,93.2,42.7,99.8676,0.13240162,0.29761904,385.6,141.8,0,1,1,1
2021,44294,SB,55,76 Y 43 N 6 Abs,Kansas ,KS,0,67,0,2,1,"Rep. Dodson, Mike [R]",1,0,0,1,0,0,0,0,0,,2020,6928,5969,,12897,0.07435838,0.17344227,,35,29.3,22.6,13.2,80.3,4.2,5.3,19.7,55.2,32.1,97.7,58.8,73.77195,26.228046,0.5230318,385.6,141.8,0,1,1,1
2021,44294,SB,55,76 Y 43 N 6 Abs,Kansas ,KS,0,68,0,2,1,"Rep. Baker, Dave [R]",0,1,0,1,0,0,0,0,0,0.119,2020,6740,2538,,9278,0.45289934,0.2886305,,36.6,28.3,19.4,15.6,72.7,9.5,9.8,27.3,65.4,18.9,92.9,23.2,32.700466,67.29954,0.16011956,401.6,141.16667,0,1,1,1
2021,44294,SB,55,76 Y 43 N 6 Abs,Kansas ,KS,0,69,0,2,1,"Rep. Sanders, Clarke [R]",1,0,0,1,0,0,0,0,0,,2020,4976,3458,,8434,0.17998578,0.18613808,,33,25.6,27.5,13.8,73.1,3.4,17.1,26.9,46.5,31,89.6,18.5,100,0,0.75575405,434.4,143.2,0,1,1,1
2021,44294,SB,55,76 Y 43 N 6 Abs,Kansas ,KS,0,71,0,2,1,"Rep. Howe, Steven K. [R]",1,0,0,1,0,0,0,0,0,,2020,7169,3246,,10415,0.37666827,0.18890345,,30.9,23.5,25.9,19.8,85.8,2.6,7,14.2,49.8,26.7,91.4,33.3,99.74144,0.25855827,0,434.4,143.2,0,1,1,1
2021,44294,SB,55,76 Y 43 N 6 Abs,Kansas ,KS,0,72,0,2,1,"Rep. Anderson, Avery [R]",1,0,0,1,0,0,0,0,0,,2020,6159,5056,,11215,0.09835042,0.06132949,,34.3,21.9,24.9,18.7,79.7,2.2,14.3,20.3,53.5,28,90.4,29.3,93.24877,6.7512317,0.044812907,415.36667,201,0,1,1,1
2021,44294,SB,55,76 Y 43 N 6 Abs,Kansas ,KS,0,73,0,2,1,"Rep. Mason, Les [R]",1,0,0,1,0,0,0,0,0,1.015,2020,1,0,,1,1,0.1823092,,31.8,22.9,27,18.2,92,0.8,3.8,8,59.9,23.3,91.4,27.8,80.250305,19.749699,0.09258307,523.3,261.7,0,1,1,1
2021,44294,SB,55,76 Y 43 N 6 Abs,Kansas ,KS,0,74,0,2,1,"Rep. Owens, Stephen [R]",1,0,0,1,0,0,0,0,0,,2020,1,0,,1,1,0.29435265,,33.6,20.8,24.8,20.8,90.8,0.6,5.2,9.2,60.4,24.1,91.4,30.5,14.94186,85.058136,0,498.46667,281.46667,0,1,1,1
2021,44294,SB,55,76 Y 43 N 6 Abs,Kansas ,KS,0,75,0,2,1,"Rep. Carpenter, Will G. [R]",1,0,0,1,0,0,0,0,0,0.956,2020,7146,2305,,9451,0.5122209,0.05548945,,33.6,26.1,25.4,14.7,87.9,4.1,5,12.1,49.2,30.3,89.3,21.8,63.68873,36.31127,0,325.2,158.9,0,1,1,1
2021,44294,SB,55,76 Y 43 N 6 Abs,Kansas ,KS,0,76,0,2,1,"Rep. Smith, Eric L. [R]",1,0,0,1,0,0,0,0,0,0.723,2020,1,0,,1,1,0.33057448,,31.4,22,28.8,17.9,85.4,0.9,9.5,14.6,58.2,22,89.9,18.8,27.869898,72.130104,0,422.3,187.53334,0,1,1,1
2021,44294,SB,55,76 Y 43 N 6 Abs,Kansas ,KS,0,77,0,2,1,"Rep. Williams, Kristey S. [R]",1,0,0,1,0,1,0,0,0,0.789,2020,1,0,,1,1,0.2912262,,33.5,24.3,27.1,15,91.5,0.7,3.8,8.5,61.1,21,93.3,26.7,57.93554,42.06446,0.29783177,325.2,158.9,0,1,1,1
2021,44294,SB,55,76 Y 43 N 6 Abs,Kansas ,KS,0,78,0,2,1,"Rep. Ryckman Jr., Ron [R]",1,0,0,1,0,0,0,0,0,0.864,2020,6835,6219,,13054,0.047188602,0.12200617,,35.2,28.8,25.1,10.8,86,3.4,4.8,14,67.1,22.2,97.3,53.1,57.243095,42.756905,0.23066486,466.2,154.2,0,1,1,1
2021,44294,SB,55,76 Y 43 N 6 Abs,Kansas ,KS,0,79,0,2,1,"Rep. Helmer, Cheryl [R]",1,0,0,1,0,1,0,0,0,,2020,6208,3368,,9576,0.29657477,0.044884782,,32.2,23.8,26.7,17.2,84.8,2.4,6.6,15.2,53.2,25.5,90.7,22.2,62.3804,37.6196,0.3492433,426.8,147.95,0,1,1,1
2021,44294,SB,55,76 Y 43 N 6 Abs,Kansas ,KS,0,80,0,2,1,"Rep. Rhiley, Bill [R]",1,0,0,1,0,0,0,0,0,,2020,1,0,,1,1,0.24458659,,35.8,22.4,24.4,17.6,76.9,2.7,14.7,23.1,50.5,25,89.4,18.8,37.790276,62.209724,0.18643673,426.8,147.95,0,1,1,1
2021,44294,SB,55,76 Y 43 N 6 Abs,Kansas ,KS,0,81,0,2,1,"Rep. Carpenter, Blake [R]",1,0,0,1,0,0,0,0,0,1.311,2020,5478,3018,,8496,0.289548,0.20756944,,38.3,28.8,23,9.8,63.9,6.8,15.2,36.1,54.3,29.2,86.9,28.8,34.47281,65.52719,0.13460597,460.1,197.5,0,1,1,1
2021,44294,SB,55,76 Y 43 N 6 Abs,Kansas ,KS,0,82,0,2,1,"Rep. Burris, Jesse [R]",1,0,0,1,0,0,0,0,0,2.027,2020,7892,3361,,11253,0.40264818,0.17421183,,33,25.9,24.8,16.3,89.4,1,3.5,10.6,57.9,22.7,96.2,36.5,96.4264,3.573598,0,460.35,162.7,0,1,1,1
2021,44294,SB,55,76 Y 43 N 6 Abs,Kansas ,KS,0,83,0,2,1,"Rep. Helgerson, Henry [D]",0,1,0,0,1,0,0,0,0,-0.362,2020,4536,3029,,7565,0.19920687,0.17348117,,34.4,29.1,23.5,13,50.4,23,17.6,49.6,40.1,36.6,86.6,28,100,0,0.08637443,460.1,197.5,0,1,1,1
2021,44294,SB,55,76 Y 43 N 6 Abs,Kansas ,KS,0,84,0,2,1,"Rep. Finney, Gail [D]",0,1,0,0,1,1,1,0,0,-0.839,2020,5553,1938,,7491,0.48257908,-0.3190712,,38.5,26.5,23.8,11.2,40,37.6,13.5,60,32.7,45.1,84.3,26.8,100,0,0.14606741,460.1,197.5,0,1,1,1
2021,44294,SB,55,76 Y 43 N 6 Abs,Kansas ,KS,0,85,0,2,1,"Rep. Penn, Patrick [R]",1,0,0,1,0,0,1,0,0,,2020,8411,5624,,14035,0.19857499,0.13455355,,32.7,26.5,25.5,15.2,76.5,9.1,5.5,23.5,56.5,29.2,97,54.9,96.79659,3.203407,0.23667519,392.65,178.2,0,1,1,1
2021,44294,SB,55,76 Y 43 N 6 Abs,Kansas ,KS,0,86,0,2,1,"Rep. Byers, Stephanie [D]",0,1,1,0,1,1,0,0,1,,2020,3616,2901,,6517,0.109713055,0.12557895,,35.8,29.1,23,12.1,53.3,8.4,28.6,46.7,39.4,33.8,79.5,14.8,100,0,0.2886157,460.1,197.5,0,1,1,1
2021,44294,SB,55,76 Y 43 N 6 Abs,Kansas ,KS,0,87,0,2,1,"Rep. Estes, Susan Oliver [R]",1,0,0,1,0,1,0,0,0,0.745,2020,6430,5394,,11824,0.0876184,0.08066365,,33.7,23,25.7,17.6,69.5,9.6,6.6,30.5,50.4,30.8,93.9,49.9,99.83044,0.16956337,0.17618406,460.1,197.5,0,1,1,1
2021,44294,SB,55,76 Y 43 N 6 Abs,Kansas ,KS,0,88,0,2,1,"Rep. Bishop, Elizabeth [D]",0,1,0,0,1,1,0,0,0,-0.959,2020,1,0,,1,1,-0.082639605,,35.8,31.4,21.2,11.7,48.9,16.2,15.2,51.1,41.3,37.5,88.1,25.9,100,0,0.41374922,392.65,178.2,0,1,1,1
2021,44294,SB,55,76 Y 43 N 6 Abs,Kansas ,KS,0,89,0,2,1,"Rep. Ohaebosim, KC [D]",0,1,0,0,1,0,1,0,0,-1.135,2020,5891,3671,,9562,0.232169,0.021583544,,40.7,25.9,21,12.3,42.1,32.8,11.5,57.9,41.3,42.4,89.6,36.9,99.95152,0.0484778,0.47191012,460.1,197.5,0,1,1,1
2021,44294,SB,55,76 Y 43 N 6 Abs,Kansas ,KS,0,90,0,2,1,"Rep. Huebert, Steven C. [R]",1,0,0,1,0,0,0,0,0,1.093,2020,1,0,,1,1,0.16970198,,37.8,25.5,23.8,12.9,88.5,0.5,6,11.5,57.6,27.1,95.5,35.8,52.299442,47.700558,0,460.1,197.5,0,1,1,1
2021,44294,SB,55,76 Y 43 N 6 Abs,Kansas ,KS,0,91,0,2,1,"Rep. Bergquist, Emil [R]",1,0,0,1,0,0,0,0,0,0.911,2020,1,0,,1,1,-0.13526474,,33.3,25.3,26.4,14.8,74.7,2.4,14.4,25.3,60.4,23.1,90.4,34.9,100,0,0,460.1,197.5,0,1,1,1
2021,44294,SB,55,76 Y 43 N 6 Abs,Kansas ,KS,0,92,0,2,1,"Rep. Carmichael, John [D]",0,1,0,0,1,0,0,0,0,-0.745,2020,5254,3864,,9118,0.15244572,0.005548698,,31.7,26.7,25.3,16.4,64.2,4.4,26.2,35.8,45.5,31.9,85.5,29.3,100,0,0.5548576,460.1,197.5,0,1,1,1
2021,44294,SB,55,76 Y 43 N 6 Abs,Kansas ,KS,0,93,0,2,1,"Rep. Bergkamp, Brian [R]",1,0,0,1,0,0,0,0,0,,2020,1,0,,1,1,0.15790449,,36.1,23.4,26.5,14,89.8,1.1,3.8,10.2,59.3,22.4,91.8,22.5,60.21415,39.78585,0.3620128,460.1,197.5,0,1,1,1
2021,44294,SB,55,76 Y 43 N 6 Abs,Kansas ,KS,0,94,0,2,1,"Rep. Delperdang, Leo [R]",1,0,0,1,0,0,0,0,0,0.825,2020,8394,4164,,12558,0.33683708,0.15542378,,32.7,26,26.9,14.4,83,2.2,9.3,17,62.1,22.3,95.3,44,97.7589,2.241097,0.13217977,460.1,197.5,0,1,1,1
2021,44294,SB,55,76 Y 43 N 6 Abs,Kansas ,KS,0,95,0,2,1,"Rep. Sawyer, Tom [D]",0,1,0,0,1,0,0,1,0,-0.688,2020,3726,2988,,6714,0.10991957,0.13069198,,37.1,27.5,24.6,10.8,64,6.6,23.2,36,33.8,40.6,83.7,13.6,100,0,0.3618319,460.1,197.5,0,1,1,1
2021,44294,SB,55,76 Y 43 N 6 Abs,Kansas ,KS,0,96,0,2,1,"Rep. Kessler, Tom [R]",1,0,0,1,0,0,0,0,0,,2020,3542,3109,,6651,0.065102994,0.13199465,,36.8,25.8,24.1,13.2,66.6,5.1,19.3,33.4,40.9,31.9,85.2,11.8,95.008804,4.991198,0.38084248,460.1,197.5,0,1,1,1
2021,44294,SB,55,76 Y 43 N 6 Abs,Kansas ,KS,0,97,0,2,1,"Rep. Hoheisel, Nick [R]",1,0,0,1,0,0,0,0,0,,2020,5626,3404,,9030,0.24606866,0.0538973,,36.5,27.4,25.2,10.9,73.7,5.2,11.9,26.3,53.3,27.3,89.4,21.6,99.4,0.6,0.10619469,460.1,197.5,0,1,1,1
2021,44294,SB,55,76 Y 43 N 6 Abs,Kansas ,KS,0,99,0,2,1,"Rep. Humphries, Susan [R]",1,0,0,1,0,1,0,0,0,0.885,2020,9860,4911,,14771,0.3350484,0.2448929,,35.7,22.3,27.4,14.7,82.8,2.6,5.8,17.2,64.8,21.1,96.7,55.1,87.002304,12.997694,0.19967113,392.65,178.2,0,1,1,1
2021,44294,SB,55,76 Y 43 N 6 Abs,Kansas ,KS,0,100,0,2,1,"Rep. Hawkins, Dan [R]",1,0,0,1,0,0,0,0,0,0.823,2020,7976,4700,,12676,0.25844115,0.10166897,,29.9,22.9,27.4,19.7,85.4,1.5,9.2,14.6,57,24.2,95.2,44.7,98.732704,1.2672932,0.41286397,460.1,197.5,0,1,1,1
2021,44294,SB,55,76 Y 43 N 6 Abs,Kansas ,KS,0,101,0,2,1,"Rep. Seiwert, Joe [R]",1,0,0,1,0,0,0,0,0,0.722,2020,9396,3252,,12648,0.4857685,0.21941298,,36.4,22,27.5,14,91.9,0.6,3.7,8.1,63.1,24,91.8,35.9,37.451523,62.548477,0.11811024,461.95,227,0,1,1,1
2021,44294,SB,55,76 Y 43 N 6 Abs,Kansas ,KS,0,102,0,2,1,"Rep. Probst, Jason [D]",0,1,0,0,1,0,0,0,0,-1.087,2020,3368,3337,,6705,0.004623415,0.16194612,,33.4,29.8,23.4,13.4,74.3,5,16.1,25.7,39.4,33.6,82.5,9.7,99.38898,0.61102146,0.23693874,534.25,181.65,0,1,1,1
2021,44294,SB,55,76 Y 43 N 6 Abs,Kansas ,KS,0,104,0,2,1,"Rep. Waggoner, Paul [R]",1,0,0,1,0,0,0,0,0,,2020,7583,4466,,12049,0.25869367,0.15007664,,29.4,19.8,26.9,23.8,89,1.7,6.1,11,58,22.4,93.6,32.5,80.552635,19.447363,0,493.55,259.1,0,1,1,1
2021,44294,SB,55,76 Y 43 N 6 Abs,Kansas ,KS,0,105,0,2,1,"Rep. Landwehr, Brenda [R]",1,0,0,1,0,1,0,0,0,0.941,2020,5563,3855,,9418,0.18135485,0.37547237,,34.5,28.2,22.2,15.2,76.9,5.4,11.6,23.1,41.4,34.7,91.1,25.2,99.09792,0.90207386,0.26061776,460.1,197.5,0,1,1,1
2021,44294,SB,55,76 Y 43 N 6 Abs,Kansas ,KS,0,106,0,2,1,"Rep. Moser, Lisa M. [R]",1,0,0,1,0,1,0,0,0,0.61,2020,8374,2772,,11146,0.5026018,-0.014313318,,28.5,20,27.8,23.8,95,0.4,2.5,5,60.7,19.8,92.9,20.2,15.825024,84.17497,0.010778185,699.725,245.425,0,1,1,1
2021,44294,SB,55,76 Y 43 N 6 Abs,Kansas ,KS,0,107,0,2,1,"Rep. Concannon, Susan L. [R]",0,1,0,1,0,1,0,0,0,0.344,2020,1,0,,1,1,0.32497928,,32.3,20.6,26.4,20.8,93.8,1.3,2.8,6.2,54.3,24.4,93.6,23.8,25.687416,74.312584,0.19590771,460.4,119.4,0,1,1,1
2021,44294,SB,55,76 Y 43 N 6 Abs,Kansas ,KS,0,108,0,2,1,"Rep. Johnson, Steven C. [R]",1,0,0,1,0,0,0,0,0,,2020,1,0,,1,1,0.31933805,,33.7,23,25.2,18.1,85.3,2.7,6.7,14.7,55,25.9,92.1,25.8,32.68382,67.31618,0.7320817,466.2,154.2,0,1,1,1
2021,44294,SB,55,76 Y 43 N 6 Abs,Kansas ,KS,0,109,0,2,1,"Rep. Waymaster, Troy L. [R]",1,0,0,1,0,0,0,0,0,,2020,1,0,,1,1,0.19229427,,25.8,20.1,28.6,25.4,94.5,0.7,2.4,5.5,58.9,19.7,91.8,22.9,15.761234,84.23877,0.1584786,563.36,226.96,0,1,1,1
2021,44294,SB,55,76 Y 43 N 6 Abs,Kansas ,KS,0,110,0,2,1,"Rep. Rahjes, Ken [R]",1,0,0,1,0,0,0,0,0,0.643,2020,1,0,,1,1,0.3051548,,28.9,22.4,27.8,21,92.3,1.6,3.6,7.7,55.8,21.8,90.6,22,19.55898,80.44102,0.034254394,710.24,269.74,0,1,1,1
2021,44294,SB,55,76 Y 43 N 6 Abs,Kansas ,KS,0,111,0,2,1,"Rep. Wasinger, Barbara [R]",1,0,0,1,0,1,0,0,0,,2020,7343,4135,,11478,0.2794912,0.023866195,,41.2,24.1,20.4,14.2,89.2,1.4,6,10.8,42.8,41.7,93.3,36.3,90.54717,9.45283,0.32186684,696,101.9,0,1,1,1
2021,44294,SB,55,76 Y 43 N 6 Abs,Kansas ,KS,0,112,0,2,1,"Rep. Arnberger, Tory M. [R]",1,0,0,1,0,1,0,0,0,0.625,2020,1,0,,1,1,0.24103172,,33.8,23.2,25.4,17.7,78.5,1.5,17.5,21.5,52.4,27.8,87.9,17.5,77.55036,22.449638,0.35673186,586.6,157.5,0,1,1,1
2021,44294,SB,55,76 Y 43 N 6 Abs,Kansas ,KS,0,113,0,2,1,"Rep. Fairchild, Brett [R]",1,0,0,1,0,0,0,0,0,,2020,1,0,,1,1,0.23115835,,33.1,21.9,26.1,19,86.4,1.4,10,13.6,59.2,20.5,90.4,23.4,33.74875,66.25125,0.41308475,498.06,139.64,0,1,1,1
2021,44294,SB,55,76 Y 43 N 6 Abs,Kansas ,KS,0,114,0,2,1,"Rep. Murphy, Michael [R]",1,0,0,1,0,0,0,0,0,,2020,7428,3097,,10525,0.41149643,0.20191377,,31.8,20.1,27.9,20.1,90,1.3,5.8,10,55.2,24.9,90,21.5,51.443058,48.556942,0.100189246,522.7,196.03334,0,1,1,1
2021,44294,SB,55,76 Y 43 N 6 Abs,Kansas ,KS,0,115,0,2,1,"Rep. Orr, Boyd [R]",1,0,0,1,0,0,0,0,0,0.277,2020,1,0,,1,1,0.2309637,,36.8,23.8,25,14.3,63.3,0.2,33.3,36.7,57.8,23.9,74.1,17.8,20.662207,79.33779,0.06339546,668.18,279.8,0,1,1,1
2021,44294,SB,55,76 Y 43 N 6 Abs,Kansas ,KS,0,116,0,2,1,"Rep. Hoffman, Kyle D. [R]",1,0,0,1,0,0,0,0,0,0.99,2020,7809,2310,,10119,0.5434331,0.37085754,,32.8,21.3,26.5,19.5,91.7,0.5,4,8.3,54,23.3,91.9,20.4,14.186479,85.81352,0,590.7833,290.75,0,1,1,1
2021,44294,SB,55,76 Y 43 N 6 Abs,Kansas ,KS,0,117,0,2,1,"Rep. Lee-Hahn, Tatum A. [R]",1,0,0,1,0,1,0,0,0,,2020,,,,0,1,0.18741204,,28.3,21.7,29.1,20.9,86.7,1.8,8.8,13.3,55.6,22.9,89.5,22.3,41.122246,58.877754,0.099922284,378.45,119.65,0,1,1,1
2021,44294,SB,55,76 Y 43 N 6 Abs,Kansas ,KS,0,118,0,2,1,"Rep. Minnix, Jim [R]",1,0,0,1,0,0,0,0,0,,2020,1,0,,1,1,0.1302631,,30.7,21.7,26.4,21.2,86.7,0.3,10.2,13.3,63.2,19.8,90.2,22.8,0,100,0,596.0333,161.41112,0,1,1,1
2021,44294,SB,55,76 Y 43 N 6 Abs,Kansas ,KS,0,119,0,2,1,"Rep. Ralph, Bradley [R]",0,1,0,1,0,0,0,0,0,0.307,2020,3312,2144,,5456,0.21407625,0.19329092,,42.4,25.6,21.5,10.3,35.4,2.9,58.5,64.6,51.8,31.1,71.1,18.1,89.03004,10.969963,0.68728524,591.7,195.9,0,1,1,1
2021,44294,SB,55,76 Y 43 N 6 Abs,Kansas ,KS,0,120,0,2,1,"Rep. Smith, Adam W. [R]",1,0,0,1,0,0,0,0,0,0.514,2020,1,0,,1,1,0.41608736,,31.1,22.4,25.5,21,89.9,0.9,7.1,10.1,57.9,23,93.6,23.8,26.701975,73.29803,0,557.55,195.83333,0,1,1,1
2021,44294,SB,55,76 Y 43 N 6 Abs,Kansas ,KS,0,121,0,2,1,"Rep. Resman, John [R]",1,0,0,1,0,0,0,0,0,0.855,2020,10040,6924,,16964,0.1836831,0.33459586,,38.4,28.2,23.3,10.2,78.7,3.9,11.1,21.3,65.5,24.9,92.2,50.8,51.65907,48.34093,0,466.2,154.2,0,1,1,1
2021,44294,SB,55,76 Y 43 N 6 Abs,Kansas ,KS,0,122,0,2,1,"Rep. Jennings, Russell \Russ\"" [R]""",1,0,0,1,0,0,0,0,0,0.291,2020,1,0,,1,1,0.3228432,,40.9,23.7,25,10.4,53.2,1.2,43.4,46.8,56.4,28.9,74,17.9,20.87817,79.12183,0.027901785,543.8,133.82,0,1,1,1
2021,44294,SB,55,76 Y 43 N 6 Abs,Kansas ,KS,0,123,0,2,1,"Rep. Wheeler Jr., John P. [R]",1,0,0,1,0,0,0,0,0,0.276,2020,1,0,,1,1,0.047977943,,41.3,26.1,21.2,11.3,39.4,3,49.2,60.6,46.2,34.7,70,17,99.8307,0.16929288,0.3375844,622.3,166.7,0,1,1,1
2021,44294,SB,55,76 Y 43 N 6 Abs,Kansas ,KS,0,124,0,2,1,"Rep. Long, Martin \Marty\"" [R]""",1,0,0,1,0,0,0,0,0,,2020,1,0,,1,1,0.16489375,,37.6,23.2,25.2,14.2,59.5,0.3,37.9,40.5,59.4,25,77.5,15.4,45.7657,54.2343,0,575.8333,249.1,0,1,1,1
2021,44294,SB,55,76 Y 43 N 6 Abs,Kansas ,KS,0,125,0,2,1,"Rep. Francis, Shannon G. [R]",1,0,0,1,0,0,0,0,0,0.418,2020,1,0,,1,1,0.120524034,,42.3,27.1,20.9,9.8,30.2,5,60.6,69.8,46.6,34.8,68.3,11.2,89.149635,10.850366,0.05527916,660.8,344.5,0,1,1,1
2022,44637,SB,83,76 Y 43 N 6 Abs,Kentucky,KY,0,1,0,2,1,"Rep. Rudy, Steven Jack [R]",1,0,0,1,0,0,0,0,0,0.681,2020,1,0,,1,1,0.22941613,,30.1,23,25.1,21.7,86.6,7.1,2.8,13.4,52.1,25.7,89,22.8,16.510921,83.48908,0.08991727,835.24,645.18,0,1,1,1
2022,44637,SB,83,76 Y 43 N 6 Abs,Kentucky,KY,0,2,0,2,1,"Rep. Heath, Richard [R]",1,0,0,1,0,0,0,0,0,,2020,15484,3118,,18602,0.6647672,0.4663985,,32.5,22.7,26.4,18.4,87,3.2,6.1,13,56,23.2,89.5,17,28.386925,71.613075,0.19399819,751.55,579.2,0,1,1,1
2022,44637,SB,83,76 Y 43 N 6 Abs,Kentucky,KY,0,3,0,2,1,"Rep. Bridges, Randall \Randy\"" [R]""",1,0,0,1,0,0,0,0,0,,2020,11334,7593,,18927,0.19765414,0.22071333,,28.2,25.1,27.4,19.3,78.5,14.8,2.4,21.5,44.5,27.7,90.8,23.4,97.66568,2.3343215,0.7646893,738.55,587.45,0,1,1,1
2022,44637,SB,83,76 Y 43 N 6 Abs,Kentucky,KY,0,4,0,2,1,"Rep. Bechler, Lynn [R]",1,0,0,1,0,0,0,0,0,0.635,2020,14696,4565,979,20240,0.5005435,0.13646284,,30.7,22.5,26.6,20.2,90.1,5.9,2.2,9.9,55.4,22,87.2,16.3,34.96109,65.03891,0.32969046,622.8,455.5,0,1,1,1
2022,44637,SB,83,76 Y 43 N 6 Abs,Kentucky,KY,0,5,0,2,1,"Rep. Imes, Mary Beth [R]",1,0,0,1,0,1,0,0,0,,2020,14855,6726,,21581,0.37667394,0.061658207,,35.3,21.4,24.5,18.6,89.3,3.9,2.7,10.7,48.5,32.6,90.2,29.9,42.30678,57.69322,0.13337038,719.5,541.6,0,1,1,1
2022,44637,SB,83,76 Y 43 N 6 Abs,Kentucky,KY,0,6,0,2,1,"Rep. Freeland, Chris [R]",1,0,0,1,0,0,0,0,0,,2020,16562,6487,,23049,0.43711224,0.30355498,,25.7,22.6,28.7,22.9,95,1.6,1.8,5,55.6,21.3,90.3,20.1,13.5801325,86.41987,0.13146614,703.23334,539.93335,0,1,1,1
2022,44637,SB,83,70_23_7,Kentucky,KY,0,7,0,2,1,"Rep. Miles, Suzanne [R]",1,0,0,1,0,1,0,0,0,2.065,2020,1,0,,1,1,0.20993292,,33.1,24,26.1,16.9,86.3,6.6,2.1,13.7,56.1,27,92.3,24.6,47.46087,52.53913,0.19414149,638.7,351.3,0,1,1,1
2022,44637,SB,83,70_23_7,Kentucky,KY,0,8,0,2,1,"Rep. Thomas, Walker Wood [R]",1,0,0,1,0,0,0,0,0,1.949,2020,7303,6023,,13326,0.096052825,-0.15915136,,43.2,25.2,18.4,13.2,64,22.6,7.7,36,41.7,35.6,85.9,16.2,78.268684,21.731318,0.121873,776.9,601.6667,0,1,1,1
2022,44637,SB,83,70_23_7,Kentucky,KY,0,9,0,2,1,"Rep. Dossett, Myron B. [R]",1,0,0,1,0,0,0,0,0,0.841,2020,1,0,,1,1,0.015045272,,39.2,27.1,19.8,13.9,76.7,12,5.6,23.3,55.8,23.8,88.1,20.2,50.62749,49.37251,0.018998165,530.9,363.2,0,1,1,1
2022,44637,SB,83,70_23_7,Kentucky,KY,0,10,0,2,1,"Rep. Calloway, Josh [R]",1,0,0,1,0,0,0,0,0,,2020,11624,10692,,22316,0.041763756,-0.13369372,,33.3,22.9,27.3,16.5,83.2,8.1,3,16.8,50.9,26.1,88.4,16.1,62.712345,37.287655,0.034638032,484.65,303.05,0,1,1,1
2022,44637,SB,83,70_23_7,Kentucky,KY,0,11,0,2,1,"Rep. Dixon, Jonathan [R]",1,0,0,1,0,0,0,0,0,,2020,10825,9223,,20048,0.07990822,-0.12116685,,30,25.2,27,17.9,86.4,7.4,2.5,13.6,50.9,24.5,86.8,18.4,73.855286,26.144714,0.09512618,577.3,342.5,0,1,1,1
2022,44637,SB,83,70_23_7,Kentucky,KY,0,13,0,2,1,"Rep. Johnson, DJ [R]",1,0,0,1,0,0,0,0,0,1.232,2020,9485,8167,,17652,0.07466576,-0.30355483,,33.3,23.8,24.4,18.5,81.5,7.9,4.8,18.5,41.5,31.4,88.8,20.8,100,0,0.04878842,638.7,351.3,0,1,1,1
2022,44637,SB,83,70_23_7,Kentucky,KY,0,14,0,2,1,"Rep. Lewis, Scott [R]",1,0,0,1,0,0,0,0,0,,2020,1,0,,1,1,0.13050783,,31.5,25,26.8,16.7,94.9,1.1,2.6,5.1,57.2,22.9,85.8,17,41.105732,58.894268,0.43046755,733.1667,553.06665,0,1,1,1
2022,44637,SB,83,70_23_7,Kentucky,KY,0,15,0,2,1,"Rep. Prunty, Melinda Gibbons [R]",1,0,0,1,0,1,0,0,0,0.783,2020,13423,6485,,19908,0.3485031,0.2529935,,29.7,23.7,28.2,18.6,90.4,4.5,2.1,9.6,51.4,24.2,83.7,12.7,27.790052,72.209946,0.20260315,753.7,657.25,0,1,1,1
2022,44637,SB,83,70_23_7,Kentucky,KY,0,16,0,2,1,"Rep. Petrie, Jason [R]",1,0,0,1,0,0,0,0,0,0.759,2020,1,0,,1,1,0.3922887,,31.9,24.4,25.6,18.2,88.1,6.8,3.3,11.9,54.3,22.6,84.9,17.1,18.462412,81.53759,0.086843245,668.36664,522.7,0,1,1,1
2022,44637,SB,83,70_23_7,Kentucky,KY,0,17,0,2,1,"Rep. Sheldon, Steve [R]",1,0,0,1,0,0,0,0,0,,2020,1,0,,1,1,0.38782436,,32.4,25.5,27.5,14.7,87.7,3.1,2.9,12.3,56.7,25.2,89.8,33.3,13.325836,86.674164,0.11951326,420.8,259.4,0,1,1,1
2022,44637,SB,83,70_23_7,Kentucky,KY,0,18,0,2,1,"Rep. Heavrin, Samara Rae [R]",1,0,0,1,0,1,0,0,0,,2020,16409,3354,,19763,0.66057783,0.15774481,,33,22.7,27.3,17,92.1,2.7,1.9,7.9,53.8,24.9,86.2,16.1,6.2395186,93.76048,0.10489942,432.65,306.85,0,1,1,1
2022,44637,SB,83,70_23_7,Kentucky,KY,0,19,0,2,1,"Rep. Meredith, Michael Lee [R]",1,0,0,1,0,0,0,0,0,0.905,2020,14638,6469,,21107,0.387028,0.23124643,,34,25.9,25.6,14.5,77.9,10,6.6,22.1,49.1,26.7,82.4,18.8,12.071894,87.92811,0.18181819,861.5,773.3,0,1,1,1
2022,44637,SB,83,70_23_7,Kentucky,KY,0,20,0,2,1,"Rep. Minter, Patti [D]",0,1,0,0,1,1,0,0,0,,2020,9568,4114,,13682,0.39862594,0.059766885,,47.3,25.3,15.3,12.1,73.8,10.3,5.9,26.2,32.1,50.1,86.8,34.3,93.740814,6.2591844,0.6635581,420.8,259.4,0,1,1,1
2022,44637,SB,83,70_23_7,Kentucky,KY,0,21,0,2,1,"Rep. Rowland, Bart [R]",1,0,0,1,0,0,0,0,0,1.434,2020,15433,3734,,19167,0.610372,0.007578597,,31.4,22.3,28.4,18,93,3.2,2,7,53.3,22.6,78.7,12.4,48.719715,51.280285,0.10207758,537.6,400.225,0,1,1,1
2022,44637,SB,83,70_23_7,Kentucky,KY,0,22,0,2,1,"Rep. McPherson, Shawn [R]",1,0,0,1,0,0,0,0,0,,2020,14517,6427,,20944,0.38626814,0.3272681,,31.5,24.1,28,16.5,90.5,4.2,2.2,9.5,53.5,24,86.4,16.1,38.543983,61.456017,0.33983186,407.63333,278.43332,0,1,1,1
2022,44637,SB,83,70_23_7,Kentucky,KY,0,23,0,2,1,"Rep. Riley, Steve [R]",1,0,0,1,0,0,0,0,0,0.89,2020,15398,4226,354,19978,0.5592151,0.23832685,,31.7,23.6,27.2,17.5,90.2,3.4,3.3,9.8,51,24.1,83.8,16.2,38.54054,61.45946,0.5380746,429.9,317.8,0,1,1,1
2022,44637,SB,83,70_23_7,Kentucky,KY,0,24,0,2,1,"Rep. Reed, William Brandon [R]",1,0,0,1,0,0,0,0,0,0.843,2020,14326,7406,,21732,0.31842443,0.53191286,,30,23.8,28.2,17.8,90.4,4.7,2.7,9.6,49.2,25,81.6,13.9,15.1927805,84.80722,0.034143288,613.9667,517.0333,0,1,1,1
2022,44637,SB,83,70_23_7,Kentucky,KY,0,25,0,2,1,"Rep. Duplessis, Jim [R]",1,0,0,1,0,0,0,0,0,0.841,2020,1,0,,1,1,0.1645999,,30.9,28.4,26.3,14.3,82.6,7.1,3.4,17.4,51.1,25.7,91.8,24,57.694427,42.305573,0.2912455,439.1,310.2,0,1,1,1
2022,44637,SB,83,70_23_7,Kentucky,KY,0,26,0,2,1,"Rep. Webber, Russell [R]",1,0,0,1,0,0,0,0,0,1.194,2020,15590,3818,,19408,0.606554,0.13775092,,31.3,27.1,27.4,14.1,87.3,4.5,5,12.7,56.8,24.3,90.1,18.8,85.359085,14.640916,0.14950477,368.55,268.1,0,1,1,1
2022,44637,SB,83,70_23_7,Kentucky,KY,0,27,0,2,1,"Rep. Tate, Nancy J. [R]",1,0,0,1,0,1,0,0,0,,2020,11179,7998,,19177,0.16587579,0.47707894,,32.9,27,25.8,14.2,79.1,9.5,6.1,20.9,52.2,26.5,89.6,17.3,26.693066,73.30694,0,463.6,312.5,0,1,1,1
2022,44637,SB,83,70_23_7,Kentucky,KY,0,28,0,2,1,"Rep. Miller, Charles W. [D]",0,1,0,0,1,0,0,0,0,-0.424,2020,1,0,,1,1,0.15513308,,31,27.3,25,16.8,77.8,13.3,5.1,22.2,43.1,34,87.9,16.2,97.3164,2.6835995,0.22048633,510.7,210,0,1,1,1
2022,44637,SB,83,70_23_7,Kentucky,KY,0,29,0,2,1,"Rep. Bratcher, Kevin D. [R]",1,0,0,1,0,0,0,0,0,0.571,2020,15298,12201,,27499,0.112622276,0.27222002,,29.3,25.3,28.3,17.1,79.9,11.5,4.7,20.1,58.3,24.1,95.9,36,88.15152,11.848481,0.18415113,510.7,210,0,1,1,1
2022,44637,SB,83,70_23_7,Kentucky,KY,0,30,0,2,1,"Rep. Burch, Thomas J. [D]",0,1,0,0,1,0,0,0,0,-0.765,2020,1,0,,1,1,-0.079870366,,33,30.1,24.8,12,41.5,38.1,12.7,58.5,41.7,36.8,88.9,25.6,100,0,0.24783862,510.7,210,0,1,1,1
2022,44637,SB,83,70_23_7,Kentucky,KY,0,31,0,2,1,"Rep. Raymond, Josie [D]",0,1,0,0,1,1,0,0,0,,2020,1,0,,1,1,0.061036628,,26.9,26.9,26.1,20.1,76.1,13,5.2,23.9,49.4,28.7,95.1,35.7,100,0,0.2721397,510.7,210,0,1,1,1
2022,44637,SB,83,70_23_7,Kentucky,KY,0,32,0,2,1,"Rep. Bojanowski, Tina [D]",0,1,0,0,1,1,0,0,0,,2020,13047,11244,,24291,0.07422502,-0.06743262,,25.8,29.4,23.2,21.6,77.6,7.2,4.3,22.4,49,29.8,96.5,55.1,100,0,0.31532696,510.7,210,0,1,1,1
2022,44637,SB,83,70_23_7,Kentucky,KY,0,33,0,2,1,"Rep. Nemes, Jason Michael [R]",1,0,0,1,0,0,0,0,0,0.733,2020,15186,12861,,28047,0.08289657,-0.14960057,,29.9,24.7,26.4,18.9,79.5,9.9,4.1,20.5,54,27.4,94.8,49.1,97.214066,2.7859309,0.40071478,457.2,214.2,0,1,1,1
2022,44637,SB,83,70_23_7,Kentucky,KY,0,35,0,2,1,"Rep. Willner, Lisa [D]",0,1,0,0,1,1,0,0,0,,2020,1,0,,1,1,-0.05208709,,28.8,31.6,24.1,15.4,76.5,10.6,8.9,23.5,40.1,37.7,90.8,27.1,99.98362,0.016381806,0.5924101,510.7,210,0,1,1,1
2022,44637,SB,83,70_23_7,Kentucky,KY,0,36,0,2,1,"Rep. Miller, Jerry T. [R]",1,0,0,1,0,0,0,0,0,0.937,2020,20480,13293,,33773,0.21280313,0.029023362,,30.9,24.4,28.1,16.6,82.2,7.6,4,17.8,59,24.1,96.4,53.9,32.307533,67.69247,0.015491867,510.7,210,0,1,1,1
2022,44637,SB,83,70_23_7,Kentucky,KY,0,37,0,2,1,"Rep. Donohue, Jeffery M. [D]",0,1,0,0,1,0,0,0,0,-1.306,2020,8661,7238,,15899,0.08950248,-0.054325532,,34.2,28.4,25.7,11.8,66.4,16.4,10.2,33.6,42.2,37.7,84.2,17,98.835365,1.1646341,0.5214153,404.35,218,0,1,1,1
2022,44637,SB,83,70_23_7,Kentucky,KY,0,38,0,2,1,"Rep. Cantrell, McKenzie [D]",0,1,0,0,1,1,0,0,0,-0.577,2020,1,0,,1,1,-0.09411925,,33,26.7,28,12.3,63.2,17.3,10.2,36.8,39.4,37,84.4,17.7,99.47029,0.5297126,0.36435905,510.7,210,0,1,1,1
2022,44637,SB,83,70_23_7,Kentucky,KY,0,39,0,2,1,"Rep. Lockett, Matt [R]",1,0,0,1,0,0,0,0,0,,2020,13485,8574,,22059,0.22263022,0.17501682,,32.5,26.8,26.8,14.1,87.4,4.3,4,12.6,51,27.4,87.1,27.3,73.53017,26.469835,0.28110838,519.75,352.25,0,1,1,1
2022,44637,SB,83,70_23_7,Kentucky,KY,0,40,0,2,1,"Rep. Kulkarni, Nima [D]",0,1,0,0,1,1,1,0,0,,2020,1,0,,1,1,-0.35883293,,40.9,25.2,22.1,11.8,55.8,27.9,6.8,44.2,27.5,50.7,85.9,19.7,100,0,0.78213555,510.7,210,0,1,1,1
2022,44637,SB,83,70_23_7,Kentucky,KY,0,41,0,2,1,"Rep. Scott, Attica Woodson [D]",0,1,0,0,1,1,1,0,0,-1.099,2020,1,0,,1,1,-0.40720475,,27.2,31.6,25.4,15.7,44.5,49,2.7,55.5,25.4,48.9,87.1,29.1,100,0,0.87120193,510.7,210,0,1,1,1
2022,44637,SB,83,70_23_7,Kentucky,KY,0,42,0,2,1,"Rep. Herron, Keturah [D]",0,1,0,0,1,1,1,0,0,,2020,1,0,,1,1,-0.53696334,,31.9,30.2,25.1,13,42.1,49.8,2.6,57.9,24.6,49,86.3,26.3,100,0,1.1198875,510.7,210,0,1,1,1
2022,44637,SB,83,70_23_7,Kentucky,KY,0,43,0,2,1,"Rep. Stevenson, Pamela D. [D]",0,1,0,0,1,1,1,0,0,,2020,1,0,,1,1,-0.2320276,,31.6,23.8,27.6,17,43.6,51.5,1.4,56.4,32.2,41.7,84.9,27,100,0,0.41774175,510.7,210,0,1,1,1
2022,44637,SB,83,70_23_7,Kentucky,KY,0,44,0,2,1,"Rep. Jenkins, Joni L. [D]",0,1,0,0,1,1,0,0,0,-0.874,2020,1,0,,1,1,0.0554577,,34.6,26.1,25.2,13.9,58.1,34.4,3.6,41.9,41.9,35.7,86,13.2,99.65782,0.3421776,0.041791044,510.7,210,0,1,1,1
2022,44637,SB,83,70_23_7,Kentucky,KY,0,45,0,2,1,"Rep. Timoney, Killian [R]",0,1,0,1,0,0,0,0,0,,2020,14236,13626,,27862,0.021893619,0.09760783,,30.8,25,27.6,16.8,81.5,3,3.9,18.5,59,24.7,96.8,54.6,100,0,0.8874939,519.75,352.25,0,1,1,1
2022,44637,SB,83,70_23_7,Kentucky,KY,0,46,0,2,1,"Rep. Gentry, Alan [D]",0,1,0,0,1,0,0,0,0,-0.265,2020,11470,7787,,19257,0.19125512,-4.00E-04,,29,28.4,26,16.5,60.9,23.2,11.6,39.1,46.5,31.5,89.8,21.7,100,0,0.13226752,510.7,210,0,1,1,1
2022,44637,SB,83,70_23_7,Kentucky,KY,0,47,0,2,1,"Rep. Rabourn, Felicia [R]",1,0,0,1,0,1,0,0,0,,2020,13953,6163,,20116,0.38725394,0.20761445,,31.8,24.1,27.9,16.3,90.3,2.2,4.5,9.7,50,25.7,82.9,11.4,23.514713,76.48529,0.4262472,434.2,344.4,0,1,1,1
2022,44637,SB,83,70_23_7,Kentucky,KY,0,48,0,2,1,"Rep. Fleming, Ken [R]",1,0,0,1,0,0,0,0,0,1.125,2020,15677,15014,,30691,0.021602424,-0.10735072,,29,23.1,27.6,20.2,79.4,7.8,4.3,20.6,60.8,22.7,96.6,59.5,99.64228,0.35771704,0.27283642,438.5,156.25,0,1,1,1
2022,44637,SB,83,70_23_7,Kentucky,KY,0,49,0,2,1,"Rep. Huff, Thomas [R]",1,0,0,1,0,0,0,0,0,,2020,15828,5339,639,21806,0.4810144,0.20651133,,29.8,26.5,27.4,16.5,93.9,1.5,1.8,6.1,52.8,27.4,88.1,14.7,88.219505,11.780495,0.34971586,298,226,0,1,1,1
2022,44637,SB,83,70_23_7,Kentucky,KY,0,50,0,2,1,"Rep. McCoy, Chad [R]",1,0,0,1,0,0,0,0,0,,2020,16695,6074,,22769,0.46646756,0.15257381,,31.7,24.9,27.5,16,90.3,5.1,2.2,9.7,53.9,26.2,92.1,19.3,42.379017,57.620983,0.32588187,446.8,176.5,0,1,1,1
2022,44637,SB,83,70_23_7,Kentucky,KY,0,51,0,2,1,"Rep. Pollock, Michael [R]",1,0,0,1,0,0,0,0,0,,2020,,,,,1,0.14200711,,33.5,22.9,25.6,18,90.6,3.8,2.3,9.4,50.7,29,85.6,21.2,36.841293,63.158707,0.048146363,594,368.5,0,1,1,1
2022,44637,SB,83,70_23_7,Kentucky,KY,0,52,0,2,1,"Rep. Upchurch, Ken [R]",1,0,0,1,0,0,0,0,0,0.785,2020,1,0,,1,1,0.3245981,,28.6,24.8,27.5,19,91.9,3.2,3.1,8.1,51.2,24.5,77.9,12.3,22.113068,77.88693,0,496.86667,417.23334,0,1,1,1
2022,44637,SB,83,70_23_7,Kentucky,KY,0,53,0,2,1,"Rep. Tipton, James A. [R]",1,0,0,1,0,0,0,0,0,0.941,2020,20087,6126,,26213,0.5325983,0.33829746,,30.9,24.1,30.6,14.6,92.9,2.2,2.9,7.1,56.4,23.3,91.8,22,0,100,0.1388302,444.55,376.7,0,1,1,1
2022,44637,SB,83,70_23_7,Kentucky,KY,0,54,0,2,1,"Rep. Elliott, Daniel B. [R]",1,0,0,1,0,0,0,0,0,0.832,2020,14144,7141,,21285,0.32901105,0.31497422,,32.2,22.7,25.6,19.5,88.3,5.5,3.2,11.7,45.8,30.1,83.4,20.6,47.107628,52.892372,0.06928807,624.8,477.85,0,1,1,1
2022,44637,SB,83,70_23_7,Kentucky,KY,0,55,0,2,1,"Rep. King, Kim [R]",1,0,0,1,0,1,0,0,0,0.703,2020,20375,46,,20421,0.99549484,0.13344446,,33.1,22.9,26.1,17.9,89.2,4.5,3,10.8,52.5,28.2,89.5,27.1,47.356895,52.643105,0.43320048,629.8,461.13333,0,1,1,1
2022,44637,SB,83,70_23_7,Kentucky,KY,0,56,0,2,1,"Rep. Fister, Daniel \Dan\"" A. [R]""",1,0,0,1,0,0,0,0,0,,2020,12487,11375,,23862,0.04660129,-0.12255141,,29.8,25.7,27.8,16.7,77.8,8.7,10.2,22.2,49.3,29.6,88.3,36,67.36783,32.632175,0.25845477,544.3,379.96667,0,1,1,1
2022,44637,SB,83,70_23_7,Kentucky,KY,0,57,0,2,1,"Rep. Graham, Derrick W. [D]",0,1,0,0,1,0,1,0,0,-0.874,2020,13202,8301,,21503,0.22792168,-0.1332813,,30.7,26.1,26.6,16.4,79.7,10.7,3.9,20.3,43.9,31.8,89.8,28.4,78.67725,21.322746,0.5248619,451.1,280,0,1,1,1
2022,44637,SB,83,70_23_7,Kentucky,KY,0,58,0,2,1,"Rep. Henson Decker, Jennifer [R]",1,0,0,1,0,1,0,0,0,,2020,15263,7983,,23246,0.31317216,0.1767578,,31.3,25.2,27.6,15.9,79.4,6.1,9.6,20.6,55.8,25.2,87,28,39.28849,60.71151,0.16899028,494.6,330.1,0,1,1,1
2022,44637,SB,83,70_23_7,Kentucky,KY,0,59,0,2,1,"Rep. Osborne, David W. [R]",1,0,0,1,0,0,0,0,0,0.698,2020,1,0,,1,1,0.12526405,,33.3,25,28.3,13.4,88.2,4.2,3.1,11.8,58.2,26.7,94.2,41.4,87.0638,12.936202,0.13727285,366.3,102.5,0,1,1,1
2022,44637,SB,83,70_23_7,Kentucky,KY,0,60,0,2,1,"Rep. Santoro, Sal [R]",1,0,0,1,0,0,0,0,0,0.808,2020,1,0,,1,1,0.3722708,,36.2,24.5,25.6,13.5,86.8,2.8,4.8,13.2,57,26.7,93.5,36.9,79.06739,20.932608,0.16350555,425.4,225.7,0,1,1,1
2022,44637,SB,83,70_23_7,Kentucky,KY,0,61,0,2,1,"Rep. Maddox, Savannah [R]",1,0,0,1,0,1,0,0,0,,2020,20460,279,,20739,0.97309417,0.3599199,,34.4,25,26.9,13.8,94.1,1,2.3,5.9,57.4,24.2,89.1,24.2,16.769962,83.23004,0.29036003,415.65,262.775,0,1,1,1
2022,44637,SB,83,70_23_7,Kentucky,KY,0,62,0,2,1,"Rep. Pratt, Phillip [R]",1,0,0,1,0,0,0,0,0,1.445,2020,17470,7854,,25324,0.37971884,-0.05027149,,33.3,27.9,25.6,13.3,86.7,4.2,4.8,13.3,56.2,24.5,89.8,27.8,71.01688,28.983124,0.026795285,320.7,210.7,0,1,1,1
2022,44637,SB,83,70_23_7,Kentucky,KY,0,64,0,2,1,"Rep. Moser, Kimberly Poore [R]",1,0,0,1,0,1,0,0,0,0.988,2020,18612,7069,,25681,0.44947627,0.13894223,,32.3,28.6,27,12,94.6,1.7,1.5,5.4,54.5,28.5,93.8,31.8,86.10755,13.892446,0.17307234,432.3,124.6,0,1,1,1
2022,44637,SB,83,70_23_7,Kentucky,KY,0,65,0,2,1,"Rep. Wheatley, Charles \Buddy\"" [D]""",0,1,0,0,1,0,0,0,0,,2020,9446,6173,,15619,0.20955247,-0.002495831,,29.3,31.9,24.9,14,75.9,11,7.4,24.1,31.5,43,84.9,28.2,100,0,1.1034483,432.3,124.6,0,1,1,1
2022,44637,SB,83,70_23_7,Kentucky,KY,0,67,0,2,1,"Rep. Roberts, Rachel [D]",0,1,0,0,1,1,0,0,0,,2020,9009,8034,174,17217,0.056630075,-0.32962078,,30.3,29.5,25.9,14.3,87.3,5.8,3.4,12.7,35.4,41.7,89.3,33.8,100,0,0.35889462,503.6,160.2,0,1,1,1
2022,44637,SB,83,70_23_7,Kentucky,KY,0,69,0,2,1,"Rep. Koenig, Adam [R]",1,0,0,1,0,0,0,0,0,0.847,2020,11720,6967,884,19571,0.24285933,0.040524896,,33.6,27.4,23.7,15.3,84.2,5.4,4.1,15.8,43.1,32.7,89.5,24.1,78.90087,21.099129,0.46979865,428.85,175.15,0,1,1,1
2022,44637,SB,83,70_23_7,Kentucky,KY,0,70,0,2,1,"Rep. Lawrence, William Lee [R]",1,0,0,1,0,0,0,0,0,,2020,12999,7133,,20132,0.29137692,-0.02063592,,31.1,23.4,27.7,17.8,92.9,3.6,1.3,7.1,54.5,24.6,84.3,17.1,28.689142,71.31086,0.16589643,430.55,256.825,0,1,1,1
2022,44637,SB,83,70_23_7,Kentucky,KY,0,71,0,2,1,"Rep. Bray, Josh [R]",1,0,0,1,0,0,0,0,0,,2020,1,0,,1,1,0.16589737,,29.7,22.9,30,17.4,94.9,1.3,1.9,5.1,58.3,21.3,83.9,20.8,8.273732,91.726265,0.06195089,482.3,419.2,0,1,1,1
2022,44637,SB,83,70_23_7,Kentucky,KY,0,72,0,2,1,"Rep. Koch, Matthew R. [R]",1,0,0,1,0,0,0,0,0,,2020,13268,7024,,20292,0.30770746,0.19387221,,30.3,24.5,28,17.2,88,5.3,4.9,12,48.5,28.6,83.7,20.7,28.610544,71.38946,0.09459619,392.8,235.9,0,1,1,1
2022,44637,SB,83,70_23_7,Kentucky,KY,0,73,0,2,1,"Rep. Dotson, Ryan [R]",1,0,0,1,0,0,0,0,0,,2020,11923,6441,2589,20953,0.2616332,0.19827707,,29.7,23.6,28.5,18.2,90.2,3.8,2.9,9.8,51.8,25,87,22.2,62.967686,37.032314,0.16693495,450.65,258.35,0,1,1,1
2022,44637,SB,83,70_23_7,Kentucky,KY,0,74,0,2,1,"Rep. Hale, David [R]",1,0,0,1,0,0,0,0,0,,2020,15230,5814,,21044,0.44744346,0.08150123,,31.4,24.9,26.8,17,93.8,1.8,2.6,6.2,52.3,23.6,82.3,15.6,35.143543,64.85646,0.13969602,331.03333,276.16666,0,1,1,1
2022,44637,SB,83,70_23_7,Kentucky,KY,0,75,0,2,1,"Rep. Flood, Kelly [D]",0,1,0,0,1,1,0,0,0,-1.092,2020,1,0,,1,1,-0.3777798,,52.7,21.1,15.2,11.1,79,9.7,3.7,21,24.8,62.9,94.3,56.7,100,0,0.9539384,484.4,236.7,0,1,1,1
2022,44637,SB,83,70_23_7,Kentucky,KY,0,76,0,2,1,"Rep. Palumbo, Ruth Ann [D]",0,1,0,0,1,1,0,0,0,-0.533,2020,1,0,,1,1,-0.122395225,,30.5,30.6,24.5,14.5,69.6,17.6,6.5,30.4,41.9,36.4,90.5,36.5,94.68243,5.3175707,0.3267819,484.4,236.7,0,1,1,1
2022,44637,SB,83,70_23_7,Kentucky,KY,0,77,0,2,1,"Rep. Brown Jr., George A. [D]",0,1,0,0,1,0,1,0,0,-1.082,2020,1,0,,1,1,-0.18736286,,32.7,30.7,25,11.5,45.9,32.7,14,54.1,37.1,39.4,83.6,25.6,99.99532,0.00467705,0.41533548,484.4,236.7,0,1,1,1
2022,44637,SB,83,70_23_7,Kentucky,KY,0,78,0,2,1,"Rep. Hart, Mark [R]",1,0,0,1,0,0,0,0,0,,2020,14392,2922,,17314,0.6624697,0.45684424,,31.7,23.8,28,16.5,92.4,2.6,2,7.6,52.2,26.9,85.3,16.2,18.368147,81.63185,0.13089006,460.775,233.85,0,1,1,1
2022,44637,SB,83,70_23_7,Kentucky,KY,0,79,0,2,1,"Rep. Westrom, Susan [D]",0,1,0,0,1,1,0,0,0,-0.354,2020,13866,7838,,21704,0.2777368,-0.103692755,,33.3,32.4,19.2,15.1,67.5,18.5,6.6,32.5,38.9,41.6,92.6,44.5,100,0,0.23141588,484.4,236.7,0,1,1,1
2022,44637,SB,83,70_23_7,Kentucky,KY,0,80,0,2,1,"Rep. Meade, David [R]",1,0,0,1,0,0,0,0,0,1.564,2020,1,0,,1,1,0.4046624,,29.9,25.2,26.6,18.4,92.1,2.2,2.8,7.9,50.1,24.2,80.4,13.1,16.697985,83.30202,0.44007543,527.56665,460.33334,0,1,1,1
2022,44637,SB,83,70_23_7,Kentucky,KY,0,81,0,2,1,"Rep. Frazier Gordon, Deanna L. [R]",1,0,0,1,0,1,0,0,0,,2020,12019,9100,,21119,0.13821678,0.16969259,,42.8,24.9,19.5,12.7,87.4,5.2,2.6,12.6,35.8,43.3,88.6,34.8,83.60534,16.394663,0.73459464,373.1,287.9,0,1,1,1
2022,44637,SB,83,70_23_7,Kentucky,KY,0,83,0,2,1,"Rep. Branscum, Joshua [R]",1,0,0,1,0,0,0,0,0,,2020,1,0,,1,1,0.31004903,,29.5,22.9,27.5,20.1,94.3,0.9,2.5,5.7,50.3,24.4,81.8,17.4,22.60783,77.39217,0.16838928,537.0333,404.43332,0,1,1,1
2022,44637,SB,83,70_23_7,Kentucky,KY,0,84,0,2,1,"Rep. Fugate, Chris [R]",1,0,0,1,0,0,0,0,0,0.551,2020,12098,4356,,16454,0.4705239,0.043237932,,30.3,24.9,27.5,17.4,94.2,1.9,1.3,5.8,51,23,77.6,13.9,34.043026,65.95697,0.21636395,267.66666,225.13333,0,1,1,1
2022,44637,SB,83,70_23_7,Kentucky,KY,0,85,0,2,1,"Rep. Baker, Shane [R]",1,0,0,1,0,0,0,0,0,,2020,1,0,,1,1,0.16258176,,31.4,23,28.5,17,95.9,0.5,1.6,4.1,52.6,22.9,84,16.7,37.616734,62.383266,0.3345092,489.6,428.85,0,1,1,1
2022,44637,SB,83,70_23_7,Kentucky,KY,0,86,0,2,1,"Rep. Smith, Tom Odell [R]",1,0,0,1,0,0,0,0,0,,2020,1,0,,1,1,0.16083682,,32.1,24.6,26.3,17,95.8,0.6,1.2,4.2,50.5,24.1,78,15,37.06721,62.93279,0.12258479,520.35,464.95,0,1,1,1
2022,44637,SB,83,70_23_7,Kentucky,KY,0,87,0,2,1,"Rep. Bowling, Adam [R]",1,0,0,1,0,0,0,0,0,,2020,1,0,,1,1,0.005048365,,28.7,23.9,28.8,18.5,95,2.4,0.9,5,50.9,24.3,73.2,8.7,40.03454,59.96546,0.10150996,681.9,601.4,0,1,1,1
2022,44637,SB,83,70_23_7,Kentucky,KY,0,88,0,2,1,"Rep. Stevenson, Cherlynn [D]",0,1,0,0,1,1,0,0,0,,2020,16025,15093,,31118,0.02995051,0.030440152,,32.2,28,26.6,13.2,79.2,6.9,4.5,20.8,61.1,24.4,96.7,58.3,94.638,5.362002,0.25744402,402.55,223.7,0,1,1,1
2022,44637,SB,83,70_23_7,Kentucky,KY,0,89,0,2,1,"Rep. Truett, Timothy \Timmy\"" [R]""",1,0,0,1,0,0,0,0,0,,2020,,,,,1,0.4340093,,31,25.4,27.8,15.9,93.2,2.4,2,6.8,54.4,23,79.8,17.2,31.87404,68.12596,0.07100592,353.96,285.16,0,1,1,1
2022,44637,SB,83,70_23_7,Kentucky,KY,0,90,0,2,1,"Rep. Lewis, Derek [R]",1,0,0,1,0,0,0,0,0,,2020,12656,4361,,17017,0.48745373,0.3393879,,29.3,27,27.3,16.5,93.5,2.7,1.2,6.5,50.5,24,72.6,10.6,11.612114,88.387886,0.2929079,391.9,342.03333,0,1,1,1
2022,44637,SB,83,70_23_7,Kentucky,KY,0,91,0,2,1,"Rep. Wesley, Billy \Bill\"" [R]""",1,0,0,1,0,0,0,0,0,,2020,12274,5073,,17347,0.415115,0.34753048,,28.4,23.7,29.6,18.2,95.9,1.2,0.9,4.1,46,28,74.2,12.9,18.037745,81.96226,0.22013964,369.83334,304.43332,0,1,1,1
2022,44637,SB,83,70_23_7,Kentucky,KY,0,92,0,2,1,"Rep. Blanton, John C. [R]",1,0,0,1,0,0,0,0,0,0.441,2020,11447,4531,,15978,0.43284518,-0.11129297,,29.4,22.9,29.6,18.1,97.7,0.3,0.8,2.3,53.8,22,73.3,12.2,0,100,0,303.1,274.53333,0,1,1,1
2022,44637,SB,83,70_23_7,Kentucky,KY,0,93,0,2,1,"Rep. Kirk-McCormick, Norma [R]",1,0,0,1,0,1,0,0,0,,2020,9045,5289,,14334,0.26203433,0.11117799,,27.7,24.5,29.1,18.5,95.8,1.9,1.4,4.2,56.3,20,74.8,9.1,3.6173544,96.382645,0.32057446,484.4,236.7,0,1,1,1
2022,44637,SB,83,70_23_7,Kentucky,KY,0,94,0,2,1,"Rep. Hatton, Angie [D]",1,0,0,0,1,0,0,0,0,-0.346,2020,1,0,,1,1,-0.07799569,,29.1,25.3,27.4,18.4,96.6,0.6,1,3.4,52.2,24.3,80.4,16.5,20.39387,79.60613,0.298373,387.03333,324.16666,0,1,1,1
2022,44637,SB,83,70_23_7,Kentucky,KY,0,95,0,2,1,"Rep. Tackett Laferty, Ashley [D]",1,0,0,0,1,1,0,0,0,,2020,10720,7149,,17869,0.1998433,0.12377286,,29.9,24.2,28.1,17.8,96.6,1.3,1.1,3.4,52.9,22.4,78.5,12.7,16.137394,83.8626,0.023920584,333.2,272.3,0,1,1,1
2022,44637,SB,83,70_23_7,Kentucky,KY,0,96,0,2,1,"Rep. Flannery, Patrick [R]",1,0,0,1,0,0,0,0,0,,2020,12592,5759,,18351,0.37235028,0.1701546,,31.3,23,27.3,18.4,96.3,0.4,1.2,3.7,51.8,24.6,78.1,12.1,12.617071,87.38293,0.03139126,356.16666,274.6,0,1,1,1
2022,44637,SB,83,70_23_7,Kentucky,KY,0,97,0,2,1,"Rep. McCool, Bobby Wayne [R]",1,0,0,1,0,0,0,0,0,,2020,14459,3971,,18430,0.5690722,0.17495319,,28,25.8,28.1,18,95.6,1.3,0.9,4.4,51.1,23.1,78.9,13.8,18.359596,81.6404,0.018168606,295.76666,253.06667,0,1,1,1
2022,44637,SB,83,70_23_7,Kentucky,KY,0,98,0,2,1,"Rep. Bentley, Danny R. [R]",1,0,0,1,0,0,0,0,0,0.649,2020,1,0,,1,1,0.6903,,28.1,22.7,27.9,21.1,95.9,1,1.1,4.1,54.2,21.9,89.8,16.6,61.370007,38.629993,0.19198771,441.15,338.85,0,1,1,1
2022,44637,SB,83,70_23_7,Kentucky,KY,0,100,0,2,1,"Rep. Sharp, Scott L. [R]",1,0,0,1,0,0,0,0,0,,2020,10558,8865,,19423,0.0871647,0.12134781,,28.8,24.9,27.4,19,92.7,2,2,7.3,48.9,25.1,88,20.4,91.3466,8.653393,0.18573336,548.15,411.25,0,1,1,1
2022,44608,SB,83,27_8_3,Kentucky,KY,1,1,0,4,1,"Sen. Howell, Jason G. [R]",0,1,0,1,0,0,0,0,0,,2020,1,0,,1,1,0.35881236,,32.4,22.4,25.6,19.6,87,5.4,4,13,49.9,28.6,88.8,22,30.278067,69.72193,0.119348496,760.7857,574.7714,0,1,1,1
2022,44608,SB,83,27_8_3,Kentucky,KY,1,2,0,4,1,"Sen. Carroll, Danny [R]",1,0,0,1,0,0,0,0,0,2.883,2018,28252,16428,,44680,0.2646374,0.2822466,,28.8,23.4,27.1,20.6,87.8,6.7,2.2,12.2,52.9,23.8,91.1,23,49.85605,50.14395,0.3863087,741.66,603.68,0,1,1,1
2022,44608,SB,83,27_8_3,Kentucky,KY,1,3,0,4,1,"Sen. Westerfield, Whitney H. [R]",1,0,0,1,0,0,0,0,0,1.784,2020,29636,8154,,37790,0.56845725,0.24055909,,39.3,25.8,20.5,14.3,73.1,15.8,6.4,26.9,50.3,28.5,85.8,17.8,50.163536,49.836464,0.11244195,748.6667,602.5333,0,1,1,1
2022,44608,SB,83,27_8_3,Kentucky,KY,1,4,0,4,1,"Sen. Mills, Robert \Robby\"" M. [R]""",1,0,0,1,0,0,0,0,0,0.944,2018,19057,18573,,37630,0.012862078,0.11399745,,30.5,23.6,27.3,18.6,87.8,6.9,2.5,12.2,53,24.4,87.2,15.4,40.06073,59.93927,0.19660497,632.075,420.45,0,1,1,1
2022,44608,SB,83,27_8_3,Kentucky,KY,1,5,0,4,1,"Sen. Meredith, Stephen L. [R]",1,0,0,1,0,0,0,0,0,1.233,2020,43384,5724,3781,52889,0.71205735,0.32318366,,30.9,24.1,27.8,17.3,92.6,2.6,2.3,7.4,53,23.1,83.8,13.8,14.177295,85.82271,0.03483183,578.72,435.34,0,1,1,1
2022,44608,SB,83,27_8_3,Kentucky,KY,1,7,0,4,1,"Sen. Southworth, Adrienne E. [R]",1,0,0,1,0,1,0,0,0,,2020,33183,27201,2699,63083,0.09482745,0.059248574,,30.5,24.3,28,17.2,86.5,5.9,3.8,13.5,50.2,27.3,89.1,27.8,71.89405,28.105947,0.28911638,480.9,318.2,0,1,1,1
2022,44608,SB,83,27_8_3,Kentucky,KY,1,8,0,4,1,"Sen. Castlen, Matt [R]",1,0,0,1,0,0,0,0,0,0.734,2018,25107,18019,,43126,0.1643556,0.33232084,,32.5,24.4,25.9,17.3,88.6,4,2.9,11.4,52.8,26.2,89.9,22.8,68.13151,31.868492,0.14703688,765.9667,543.4667,0,1,1,1
2022,44608,SB,83,27_8_3,Kentucky,KY,1,9,0,4,1,"Sen. Givens, David P. [R]",1,0,0,1,0,0,0,0,0,,2020,41554,11356,,52910,0.5707428,0.35298014,,31.1,23.7,27.4,17.8,91.3,3.4,2.6,8.7,52.2,23.8,82.7,14.8,26.138315,73.86169,0.37791875,703.44,600.74,0,1,1,1
2022,44608,SB,83,27_8_3,Kentucky,KY,1,10,0,4,1,"Sen. Parrett, Dennis L. [D]",1,0,0,0,1,0,0,0,0,0.145,2018,1,0,,1,1,0.24025227,,33.5,26.8,25.6,14.1,77,10.9,5.4,23,50.5,27.8,90.8,21,69.40093,30.59907,0.13483538,474.9,260.1,0,1,1,1
2022,44608,SB,83,27_8_3,Kentucky,KY,1,11,0,4,1,"Sen. Schickel, John [R]",1,0,0,1,0,0,0,0,0,0.778,2020,46462,19492,,65954,0.40892136,0.51783955,,34.4,25.9,26.3,13.6,87.1,3.3,4.3,12.9,53.6,28.7,93.7,32.2,81.85455,18.14545,0.17455392,425.4,225.7,0,1,1,1
2022,44608,SB,83,27_8_3,Kentucky,KY,1,13,0,4,1,"Sen. Thomas, Reginald \Reggie\"" [D]""",0,1,0,0,1,0,1,0,0,-0.47,2020,1,0,,1,1,-0.30597487,,40.9,27.2,20,11.9,64.2,20.6,7.4,35.8,31.7,50.6,88.8,38.6,99.99819,0.001809333,0.38767317,484.4,236.7,0,1,1,1
2022,44608,SB,83,27_8_3,Kentucky,KY,1,14,0,4,1,"Sen. Higdon, Jimmy [R]",1,0,0,1,0,0,0,0,0,0.663,2018,29752,15842,,45594,0.305084,0.23724745,,31.3,24.2,28.1,16.4,89.5,5.6,2.4,10.5,53.3,26.1,89.3,21.3,38.241276,61.758724,0.2283351,500.8,305.94,0,1,1,1
2022,44608,SB,83,27_8_3,Kentucky,KY,1,15,0,4,1,"Sen. Girdler, Rick [R]",1,0,0,1,0,0,0,0,0,1.529,2020,1,0,,1,1,0.3894599,,30.6,23.6,26.9,18.8,91.6,3,2.6,8.4,50,25.7,84.2,18.1,26.976397,73.023605,0.23299463,574.4,428.12,0,1,1,1
2022,44608,SB,83,27_8_3,Kentucky,KY,1,16,0,4,1,"Sen. Wise, George \Max\"" Maxwell [R]""",1,0,0,1,0,0,0,0,0,0.972,2018,33447,1125,,34572,0.9349184,0.38399896,,30.7,23.5,27,18.9,91.7,2.9,2.7,8.3,50,26.3,80.8,15.8,17.607695,82.3923,0.051721424,499.76666,374.06668,0,1,1,1
2022,44608,SB,83,27_8_3,Kentucky,KY,1,17,0,4,1,"Sen. Thayer, Damon [R]",1,0,0,1,0,0,0,0,0,1.309,2020,44770,19850,,64620,0.38563913,0.28323033,,34.3,27.3,25.8,12.5,91.4,2.7,2.8,8.6,56,26,91.7,27.5,57.19105,42.80895,0.16868578,435.2,253.85,0,1,1,1
2022,44608,SB,83,27_8_3,Kentucky,KY,1,18,0,4,1,"Sen. Webb, Robin L. [D]",1,0,0,0,1,1,0,0,0,-0.082,2018,21644,15823,,37467,0.15536338,0.18337262,,29.3,23.5,27.6,19.6,94.6,1.2,1.4,5.4,51.3,24,86.7,17.5,33.68631,66.31369,0.14476849,356.925,276.8,0,1,1,1
2022,44608,SB,83,27_8_3,Kentucky,KY,1,19,0,4,1,"Sen. McGarvey, Morgan [D]",0,1,0,0,1,0,0,0,0,-0.318,2020,1,0,,1,1,-0.1909108,,26.5,28.5,26.4,18.7,81.7,9.6,4.2,18.3,47.5,32.1,94.5,42.8,100,0,0.67597157,510.7,210,0,1,1,1
2022,44608,SB,83,27_8_3,Kentucky,KY,1,21,0,4,1,"Sen. Storm, Brandon Jackson [R]",1,0,0,1,0,0,0,0,0,,2020,44096,9446,,53542,0.6471555,0.2915481,,30.5,24.9,27.8,17,95.9,0.5,1.5,4.1,52.6,23.7,78.8,14.7,30.795416,69.20458,0.22080846,512.7,440.45,0,1,1,1
2022,44608,SB,83,27_8_3,Kentucky,KY,1,22,0,4,1,"Sen. Douglas, Donald [R]",1,0,0,1,0,0,1,0,0,,2018,28537,14629,,43166,0.32219803,0.16838321,,32,24.2,27.1,16.7,86.1,5.9,5,13.9,51.1,27.4,86.7,24.9,71.25469,28.745312,0.31026852,514.3,384.66666,0,1,1,1
2022,44608,SB,83,27_8_3,Kentucky,KY,1,23,0,4,1,"Sen. McDaniel, Christian \Chris\"" [R]""",1,0,0,1,0,0,0,0,0,1.361,2020,32184,23619,,55803,0.15348637,0.13704468,,31.2,28.1,25.5,15.3,85,5.7,4.3,15,43.7,34.6,90.1,34.9,100,0,0.7627245,432.3,124.6,0,1,1,1
2022,44608,SB,83,27_8_3,Kentucky,KY,1,24,0,4,1,"Sen. Schroder, Wil [R]",0,1,0,1,0,0,0,0,0,0.879,2018,23705,17958,,41663,0.13794014,0.17984475,,31.2,26,27,15.9,92.6,2.6,1.9,7.4,48.5,31.4,91.1,32.8,74.37966,25.620338,0.30704194,461.55,243.7,0,1,1,1
2022,44608,SB,83,27_8_3,Kentucky,KY,1,25,0,4,1,"Sen. Stivers, Robert [R]",1,0,0,1,0,0,0,0,0,,2020,1,0,,1,1,0.25720218,,32.4,24.6,26.4,16.7,94.9,1.7,1.1,5.1,47.4,26.1,74.5,14.4,15.306077,84.693924,0.13088347,419.11667,369.81668,0,1,1,1
2022,44608,SB,83,27_8_3,Kentucky,KY,1,26,0,4,1,"Sen. Berg, Karen [D]",0,1,0,0,1,1,0,0,0,,2018,29625,26524,1078,57227,0.054187708,0.1916569,,30.3,23.5,28.3,17.9,88,3.8,2.9,12,59.3,24.7,95.8,55.5,67.067566,32.932434,0.29272532,510.7,210,0,1,1,1
2022,44608,SB,83,27_8_3,Kentucky,KY,1,27,0,4,1,"Sen. West, Steve [R]",1,0,0,1,0,0,0,0,0,2.338,2020,38370,8989,,47359,0.6203889,0.12856744,,33,22.8,26.7,17.4,92.5,3.2,2.5,7.5,49.6,28.4,83.6,18.5,45.727356,54.272644,0.123315424,400.7125,236.9,0,1,1,1
2022,44608,SB,83,27_8_3,Kentucky,KY,1,28,0,4,1,"Sen. Alvarado, Ralph [R]",1,0,0,1,0,0,0,1,0,1.719,2018,23212,20291,,43503,0.067144796,0.19884163,,29.5,28,26.9,15.8,80.4,10.4,5,19.6,48.6,28.7,87.7,26.9,45.989174,54.010826,0.259624,378.88,269.04,0,1,1,1
2022,44608,SB,83,27_8_3,Kentucky,KY,1,29,0,4,1,"Sen. Turner, Johnnie L. [R]",1,0,0,1,0,0,0,0,0,0.497,2020,22475,19612,,42087,0.06802575,0.10147031,,29.4,23.9,28.3,18.4,96.5,1.1,0.9,3.5,53.2,22.1,75.7,11.8,9.7681055,90.231895,0.09855454,523.36,451.82,0,1,1,1
2022,44608,SB,83,27_8_3,Kentucky,KY,1,30,0,4,1,"Sen. Smith, Brandon D. [R]",1,0,0,1,0,0,0,0,0,0.472,2018,27747,10151,,37898,0.4642989,-0.009195216,,29.4,24.5,28.5,17.5,95.8,1.3,1,4.2,51.5,23.3,77.6,12.7,33.255096,66.7449,0.092352346,305.52222,254.2,0,1,1,1
2022,44608,SB,83,27_8_3,Kentucky,KY,1,31,0,4,1,"Sen. Wheeler, Phillip [R]",1,0,0,1,0,0,0,0,0,,2020,31701,12191,,43892,0.44450015,0.07331413,,28.3,25.4,28.1,18.1,95.6,1.7,1.2,4.4,53.1,23.4,77.3,12.7,14.345222,85.65478,0.24210283,267.48,213.64,0,1,1,1
2022,44608,SB,83,27_8_3,Kentucky,KY,1,32,0,4,1,"Sen. Wilson, Mike [R]",1,0,0,1,0,0,0,0,0,1.719,2018,20803,18952,,39755,0.04656018,0.11683095,,39.1,25.7,22.4,12.8,77.8,8.7,5.4,22.2,44.7,36,88.3,32.2,61.367233,38.632767,0.34152135,588.575,451.15,0,1,1,1
2022,44608,SB,83,27_8_3,Kentucky,KY,1,33,0,4,1,"Sen. Neal, Gerald A. [D]",0,1,0,0,1,0,1,0,0,-1.038,2020,1,0,,1,1,-0.4241171,,33.2,26.9,25.8,14,32.2,59.6,3.6,67.8,24.6,47.7,83,15,100,0,0.5610287,510.7,210,0,1,1,1
2022,44608,SB,83,27_8_3,Kentucky,KY,1,34,0,4,1,"Sen. Carpenter, Jared K. [R]",1,0,0,1,0,0,0,0,0,0.784,2018,28145,17377,,45522,0.23654497,0.30024076,,36.9,25.2,23.9,14.1,89.7,3.7,2.5,10.3,49.1,31.3,87.9,33,46.720806,53.279194,0.33621734,428.75,262.3,0,1,1,1
2022,44608,SB,83,27_8_3,Kentucky,KY,1,35,0,4,1,"Sen. Angel Harper, Denise [D]",0,1,0,0,1,1,0,0,0,-6.92,2020,1,0,,1,1,-0.18078871,,35.4,29.6,23.5,11.6,47.6,35.5,10.3,52.4,32,46,87.4,21.5,100,0,0.53915596,510.7,210,0,1,1,1
2022,44608,SB,83,27_8_3,Kentucky,KY,1,36,0,4,1,"Sen. Adams, Julie [R]",1,0,0,1,0,1,0,0,0,0.769,2018,29725,25977,,55702,0.06728663,0.003145793,,28.5,27,25.4,19.1,77.8,9.9,4.1,22.2,52.8,27.7,96.2,54,96.43606,3.563945,0.28779855,510.7,210,0,1,1,1
2022,44608,SB,83,27_8_3,Kentucky,KY,1,37,0,4,1,"Sen. Yates, David [D]",0,1,0,0,1,0,0,0,0,,2020,1,0,,1,1,0.13673426,,32.3,27.2,26.5,13.9,67.6,17.1,8.6,32.4,42.8,35.5,86,17.4,99.95615,0.04385615,0.20242484,510.7,210,0,1,1,1
2022,44608,SB,83,27_8_3,Kentucky,KY,1,38,0,4,1,"Sen. Nemes, Mike \Mike\"" [R]""",1,0,0,1,0,0,0,0,0,,2018,,,,,1,0.2477394,,30.5,26.7,27.6,15.3,87.6,4.9,4.2,12.4,53.5,27,89.5,18.2,96.76633,3.2336733,0.3716281,404.35,218,0,1,1,1
2021,44321,SB,156,Y 29 N 6 Abs 4,Louisiana,LA,1,1,0,4,1,"Sen. Hewitt, Sharon [R]",1,0,0,1,0,1,0,0,0,0.75,2019,1,0,,1,1,0.52420336,,32.4,25.5,26.9,15.3,69.6,19,6.6,30.4,47.3,30.2,86.9,22.7,82.20266,17.797337,0.07956153,603.93335,103.333336,0,1,1,1
2021,44321,SB,156,Y 29 N 6 Abs 4,Louisiana,LA,1,2,0,4,1,"Sen. Price, Edward \Ed\"" J. [D]""",0,1,0,0,1,0,1,0,0,-0.605,2019,21605,15114,,36719,0.17677496,0.058212865,,33.3,26.8,25.2,14.7,41.3,53.9,2.8,58.7,39.3,40.2,80.3,16.2,98.100296,1.8997009,0.17219436,619.7143,112,0,1,1,1
2021,44321,SB,156,Y 29 N 6 Abs 4,Louisiana,LA,1,4,0,4,1,"Sen. Harris, Jimmy [D]",0,1,0,0,1,0,1,0,0,-0.49,2019,1,0,,1,1,-0.2658572,,28.6,31.2,25.9,14.5,30.3,62.6,4.3,69.7,29,47.1,87.2,36.6,100,0,0.6581709,557.6,86,0,1,1,1
2021,44321,SB,156,Y 29 N 6 Abs 4,Louisiana,LA,1,6,0,4,1,"Sen. White Jr., Mack \Bodi\"" A. [R]""",1,0,0,1,0,0,0,0,0,0.635,2019,29531,7596,,37127,0.59080994,0.4588393,,35,26.7,24.7,13.4,61.2,29.1,4.4,38.8,47.2,33,88.8,28.8,93.79042,6.209582,0.23245205,549.6,288.86667,0,1,1,1
2021,44321,SB,156,Y 29 N 6 Abs 4,Louisiana,LA,1,7,0,4,1,"Sen. Carter, Troy [D]",0,1,0,0,1,0,0,0,0,-0.81,2019,1,0,,1,1,-0.28816688,,33.2,28.2,26.1,12.6,29.4,55.6,10.4,70.6,38.7,39.7,85.5,22.3,98.73723,1.262772,0.24635646,670.23334,117.73333,0,1,1,1
2021,44321,SB,156,Y 29 N 6 Abs 4,Louisiana,LA,1,8,0,4,1,"Sen. Connick, Patrick [R]",1,0,0,1,0,0,0,0,0,0.662,2019,1,0,,1,1,0.25409567,,32.9,25.4,27.2,14.5,48.3,32.2,10.1,51.7,47.5,32.5,79.2,17.8,92.4509,7.549103,0.20978354,726.55,133.6,0,1,1,1
2021,44321,SB,156,Y 29 N 6 Abs 4,Louisiana,LA,1,9,0,4,1,"Sen. Henry Jr., Cameron [R]",1,0,0,1,0,0,0,0,0,0.99,2019,23647,6524,,30171,0.56753176,0.06670265,,24.9,29,27.1,19.1,70.8,9.6,14.3,29.2,45.4,33.6,92.4,41.6,100,0,0.45570198,633.25,130.55,0,1,1,1
2021,44321,SB,156,Y 29 N 6 Abs 4,Louisiana,LA,1,10,0,4,1,"Sen. Talbot, Kirk [R]",1,0,0,1,0,0,0,0,0,0.989,2019,16699,13723,,30422,0.09782394,0.3576012,,29.1,26.5,26.9,17.5,64.3,11.4,18.5,35.7,47.8,32.5,89.6,32,100,0,0.3668654,708.9,175.1,0,1,1,1
2021,44321,SB,156,Y 29 N 6 Abs 4,Louisiana,LA,1,11,0,4,1,"Sen. McMath, Patrick M. [R]",1,0,0,1,0,0,0,0,0,,2019,27801,22198,,49999,0.11206224,0.52413386,,32.2,25.5,27.3,14.9,83.3,8.2,5.2,16.7,54.5,27.3,92,39.9,84.523315,15.476685,0.17813797,810.6,167,0,1,1,1
2021,44321,SB,156,Y 29 N 6 Abs 4,Louisiana,LA,1,12,0,4,1,"Sen. Mizell, Beth [R]",1,0,0,1,0,1,0,0,0,0.937,2019,24590,11266,,35856,0.3715975,0.6740418,,33.4,23.9,26.5,16.4,68.7,26.1,3,31.3,45.4,31.6,80.7,17.2,25.504877,74.495125,0.29266548,623.6,267.16666,0,1,1,1
2021,44321,SB,156,Y 29 N 6 Abs 4,Louisiana,LA,1,13,0,4,1,"Sen. Pope, J. Rogers [R]",1,0,0,1,0,0,0,0,0,0.715,2019,17030,12860,3869,33759,0.12352262,0.62635183,,33.8,27.3,26,12.7,88.3,5.5,4.2,11.7,51,27.1,86.7,19.4,76.34305,23.656954,0.3113325,491.9,336.9,0,1,1,1
2021,44321,SB,156,Y 29 N 6 Abs 4,Louisiana,LA,1,14,0,4,1,"Sen. Fields, Cleo [D]",0,1,0,0,1,0,1,0,0,-0.611,2019,13529,12229,,25758,0.050469756,-0.3378547,,43.8,26.3,20.3,9.6,30.3,61.3,4.1,69.7,23.9,57,84,29.9,98.21267,1.787332,0.74238175,633.3,284.6,0,1,1,1
2021,44321,SB,156,Y 29 N 6 Abs 4,Louisiana,LA,1,15,0,4,1,"Sen. Barrow, Regina Ashford [D]",1,0,0,0,1,1,1,0,0,-0.651,2019,22840,7819,,30659,0.4899377,-0.25833708,,37.9,26.2,22.9,12.9,17.2,75,4.2,82.8,34.4,42.4,86.9,19.8,90.80868,9.1913185,0.2525748,633.3,284.6,0,1,1,1
2021,44321,SB,156,Y 29 N 6 Abs 4,Louisiana,LA,1,16,0,4,1,"Sen. Foil, Franklin J. [R]",1,0,0,1,0,0,0,0,0,0.609,2019,27090,19912,,47002,0.1527169,0.24205734,,31.7,27.3,23.8,17,69.6,18.8,4.1,30.4,46,36.4,95.9,52.3,98.517555,1.4824464,0.39467886,633.3,284.6,0,1,1,1
2021,44321,SB,156,Y 29 N 6 Abs 4,Louisiana,LA,1,17,0,4,1,"Sen. Ward III, Rick [R]",1,0,0,1,0,0,0,0,0,0.314,2019,1,0,,1,1,0.21487552,,30.5,24.5,28.7,16.3,60.7,35.2,2.3,39.3,47.8,31.7,81.3,16.2,38.73937,61.26063,0.12796535,539.9,165.99,0,1,1,1
2021,44321,SB,156,Y 29 N 6 Abs 4,Louisiana,LA,1,18,0,4,1,"Sen. Lambert, Eddie J. [R]",1,0,0,1,0,0,0,0,0,0.662,2019,1,0,,1,1,0.5879291,,35.2,28.8,25.4,10.8,78.3,13.1,4.9,21.7,57.6,25.9,89.3,26.2,70.96203,29.037971,0.23847377,722.8333,183.5,0,1,1,1
2021,44321,SB,156,Y 29 N 6 Abs 4,Louisiana,LA,1,19,0,4,1,"Sen. Smith Jr., Gary L. [D]",1,0,0,0,1,0,0,0,0,0.032,2019,1,0,,1,1,0.26336867,,33.2,25.4,28,13.3,53.9,35,7.9,46.1,47.8,33.6,84.8,18.8,86.33035,13.669648,0.07019303,600.025,124.05,0,1,1,1
2021,44321,SB,156,Y 29 N 6 Abs 4,Louisiana,LA,1,21,0,4,1,"Sen. Allain II, R \Bret\"" L. [R]""",1,0,0,1,0,0,0,0,0,0.536,2019,1,0,,1,1,0.48585027,,33.7,26.7,24.9,14.7,63.6,25.5,5.4,36.4,44.8,35.5,82.6,16,73.68421,26.31579,0.35331064,612.4,121.15,0,1,1,1
2021,44321,SB,156,Y 29 N 6 Abs 4,Louisiana,LA,1,22,0,4,1,"Sen. Mills Jr., Fred \T-Fred\"" H. [R]""",1,0,0,1,0,0,0,0,0,0.219,2019,1,0,,1,1,0.18728547,,34.5,25.2,26.4,13.8,65.3,26.3,3.6,34.7,46,34.9,79.5,13.6,62.919903,37.080097,0.34443688,581.36664,100.166664,0,1,1,1
2021,44321,SB,156,Y 29 N 6 Abs 4,Louisiana,LA,1,23,0,4,1,"Sen. Cortez, Patrick Page [R]",1,0,0,1,0,0,0,0,0,0.658,2019,1,0,,1,1,0.5560836,,33,30.8,24,12.3,78.2,12.3,4.5,21.8,45.5,37,92.6,42.3,97.06615,2.9338565,0.6437931,708.8,160.4,0,1,1,1
2021,44321,SB,156,Y 29 N 6 Abs 4,Louisiana,LA,1,24,0,4,1,"Sen. Boudreaux, Gerald [D]",0,1,0,0,1,0,1,0,0,-0.821,2019,24418,7922,,32340,0.5100804,0.09263403,,35.7,24.9,25.3,14.3,40,55.3,2.7,60,39.5,39.4,77.5,16,74.26413,25.735868,0.12891553,655.9,100.4,0,1,1,1
2021,44321,SB,156,Y 29 N 6 Abs 4,Louisiana,LA,1,25,0,4,1,"Sen. Abraham, Mark [R]",1,0,0,1,0,0,0,0,0,0.597,2019,19670,8553,8144,36367,0.30568922,0.6153556,,34.2,25.5,25.4,15,77.9,14.5,3.6,22.1,49.7,29.6,83.1,21,55.161083,44.838917,0.112001374,649.725,241.275,0,1,1,1
2021,44321,SB,156,Y 29 N 6 Abs 4,Louisiana,LA,1,26,0,4,1,"Sen. Hensgens, Bob [R]",1,0,0,1,0,0,0,0,0,0.876,2019,27228,7161,,34389,0.5835296,0.49347517,,33.9,27,25.8,13.3,74.8,17.7,4.1,25.2,49,30.8,80.4,15.8,50.115032,49.884968,0.5542445,597.86664,110,0,1,1,1
2021,44321,SB,156,Y 29 N 6 Abs 4,Louisiana,LA,1,28,0,4,1,"Sen. Cloud, Heather [R]",1,0,0,1,0,1,0,0,0,,2019,22293,8370,4646,35309,0.39431873,0.37440175,,33.2,26.2,25.7,15,67.5,25.8,3.4,32.5,43.5,33.4,76.9,12.8,36.748005,63.251995,0.26799202,595.54,226.7,0,1,1,1
2021,44321,SB,156,Y 29 N 6 Abs 4,Louisiana,LA,1,29,0,4,1,"Sen. Luneau, W. Jay [D]",0,1,0,0,1,0,0,0,0,-0.235,2019,16196,10158,,26354,0.22911133,0.096475646,,38.1,24.1,23,14.6,36.3,58.5,2.5,63.7,31.3,45.7,80.6,15.8,64.62578,35.37422,0.101982735,657.5875,457.65,0,1,1,1
2021,44321,SB,156,Y 29 N 6 Abs 4,Louisiana,LA,1,30,0,4,1,"Sen. Reese, Mike [R]",1,0,0,1,0,0,0,0,0,,2019,14625,6296,7908,28829,0.28891048,0.5295137,,36.1,27.6,23,13.4,78,11.5,5.8,22,51.7,27.2,85.1,16.2,41.48384,58.51616,0.16605943,652.05,423.225,0,1,1,1
2021,44321,SB,156,Y 29 N 6 Abs 4,Louisiana,LA,1,31,0,4,1,"Sen. Bernard, Louie [R]",1,0,0,1,0,0,0,0,0,,2019,18529,8596,6381,33506,0.29645437,0.47177422,,32.8,23.4,25.9,17.8,69.2,21.1,3.2,30.8,46.2,33.1,86.3,19.6,27.200188,72.79981,0.113162175,677.81,460.9,0,1,1,1
2021,44321,SB,156,Y 29 N 6 Abs 4,Louisiana,LA,1,32,0,4,1,"Sen. Womack, Glen D. [R]",1,0,0,1,0,0,0,0,0,,2019,18588,11400,7104,37092,0.19378842,0.69894695,,32.5,25.7,25.9,15.8,73.9,23,1.8,26.1,47.5,30.6,79.8,14.4,17.221422,82.77858,0.18533988,593.17,440.36,0,1,1,1
2021,44321,SB,156,Y 29 N 6 Abs 4,Louisiana,LA,1,33,0,4,1,"Sen. Cathey Jr., Stewart A. [R]",1,0,0,1,0,0,0,0,0,,2019,16658,15407,,32065,0.039014503,0.25636777,,31.6,24.9,26.5,17.1,66.7,28.6,2.7,33.3,49,30.3,86.6,21,39.37024,60.62976,0.2220613,670.6875,493.6375,0,1,1,1
2021,44321,SB,156,Y 29 N 6 Abs 4,Louisiana,LA,1,34,0,4,1,"Sen. Jackson, Katrina R. [D]",1,0,0,0,1,1,1,0,0,-0.693,2019,1,0,,1,1,0.091332056,,37.9,26,22.8,13.4,30.2,67,1.5,69.8,28.7,49.5,76.3,13.4,72.51692,27.483078,0.18482363,478.12857,346.1,0,1,1,1
2021,44321,SB,156,Y 29 N 6 Abs 4,Louisiana,LA,1,35,0,4,1,"Sen. Morris III, John \Jay\"" C. [R]""",1,0,0,1,0,0,0,0,0,0.902,2019,18167,17894,,36061,0.007570506,0.5571511,,33.2,26.2,24.7,15.9,82.2,11.8,3.2,17.8,49.9,30.9,88.5,26.9,60.40932,39.59068,0.22656955,662.4,501.86667,0,1,1,1
2021,44321,SB,156,Y 29 N 6 Abs 4,Louisiana,LA,1,36,0,4,1,"Sen. Mills, Robert M. [R]",1,0,0,1,0,0,0,0,0,,2019,22050,17209,,39259,0.12330931,0.548059,,31.5,25.5,26.8,16.2,70.3,24.4,2.5,29.7,52.7,27.1,87.4,22.1,40.15758,59.84242,0.08098441,628.95,418.4,0,1,1,1
2021,44321,SB,156,Y 29 N 6 Abs 4,Louisiana,LA,1,37,0,4,1,"Sen. Peacock, Barrow [R]",1,0,0,1,0,0,0,0,0,0.891,2019,16221,6593,,22814,0.42202157,0.3374604,,33.3,29.4,22.7,14.7,63.7,24.8,7.2,36.3,44.3,35.3,89.1,31.7,97.96866,2.0313418,0.5286325,608.5,260.93332,0,1,1,1
2021,44321,SB,156,Y 29 N 6 Abs 4,Louisiana,LA,1,38,0,4,1,"Sen. Milligan, Barry [R]",1,0,0,1,0,0,0,0,0,,2019,16266,8447,7359,32072,0.24379522,0.29663643,,31.7,25.2,25.9,17.1,54.4,38.8,2.7,45.6,44.9,32.1,88.6,23.1,67.1765,32.8235,0.32939884,689.3,437.8,0,1,1,1
2021,44321,SB,156,Y 29 N 6 Abs 4,Louisiana,LA,1,39,0,4,1,"Sen. Tarver, Gregory W. [D]",1,0,0,0,1,0,1,0,0,0.116,2019,15755,7071,,22826,0.38044336,-0.013484291,,35.3,25.1,24.9,14.7,27.8,67.5,2.4,72.2,31.5,44.6,81.3,12.7,81.822716,18.177286,0.15222171,698.45,434.5,0,1,1,1
2021,44343,SB,156,Y 78 N 19 Abs 8,Louisiana ,LA,0,1,0,4,1,"Rep. McCormick, Danny [R]",1,0,0,1,0,0,0,0,0,,2019,5466,4471,709,10646,0.09346233,0.7809482,,30,22,30.8,17.3,72.7,20.2,4,27.3,51,26,85.6,16.5,33.77906,66.22094,0,808.5,477.3,0,1,1,1
2021,44343,SB,156,Y 78 N 19 Abs 8,Louisiana ,LA,0,2,0,4,1,"Rep. Jenkins Jr., Samuel \Sam\"" L. [D]""",0,1,0,0,1,0,1,0,0,-0.588,2019,1,0,,1,1,-0.12611903,,32.7,28.7,24.9,13.8,24.7,67.7,4.8,75.3,22.4,49.3,78.8,14.3,100,0,0.48133212,698.45,434.5,0,1,1,1
2021,44343,SB,156,Y 78 N 19 Abs 8,Louisiana ,LA,0,3,0,4,1,"Rep. Phelps, Tammy [D]",0,1,0,0,1,1,1,0,0,,2019,4939,4826,,9765,0.011571941,-0.18457226,,40.3,24.8,23.7,11.4,8.3,89.1,1.2,91.7,22.8,53.8,79.2,8.1,100,0,0,808.5,477.3,0,1,1,1
2021,44343,SB,156,Y 78 N 19 Abs 8,Louisiana ,LA,0,4,0,4,1,"Rep. Glover, Cedric B. [D]",0,1,0,0,1,0,1,0,0,-0.47,2019,1,0,,1,1,-0.12806673,,34.4,26.3,24.2,15,21.4,73.3,3.1,78.6,35.3,42.9,84.3,18.8,94.74993,5.2500706,0.12528023,808.5,477.3,0,1,1,1
2021,44343,SB,156,Y 78 N 19 Abs 8,Louisiana ,LA,0,5,0,4,1,"Rep. Seabaugh, Alan T. [R]",1,0,0,1,0,0,0,0,0,1.428,2019,8055,4116,,12171,0.32363814,0.18949082,,32,27.5,23.1,17.2,59.7,32.1,2.2,40.3,47.5,31.5,92.9,33.8,95.88588,4.1141214,0.93538886,642.8333,407.43332,0,1,1,1
2021,44343,SB,156,Y 78 N 19 Abs 8,Louisiana ,LA,0,6,0,4,1,"Rep. Pressly, Thomas [R]",1,0,0,1,0,0,0,0,0,,2019,1,0,,1,1,0.3217559,,29,30.6,21.9,18.4,75.7,14.3,5,24.3,50.1,31.2,93,43.3,99.055824,0.9441745,0.26412246,808.5,477.3,0,1,1,1
2021,44343,SB,156,Y 78 N 19 Abs 8,Louisiana ,LA,0,7,0,4,1,"Rep. Bagley, Lawrence \Larry\"" A. [R]""",1,0,0,1,0,0,0,0,0,0.718,2019,1,0,,1,1,0.3939515,,31.1,23.5,26.6,18.8,70.7,21.9,2.8,29.3,47.4,27.7,87.7,19.7,40.048096,59.951904,0.10396811,723.3,478.3,0,1,1,1
2021,44343,SB,156,Y 78 N 19 Abs 8,Louisiana ,LA,0,8,0,4,1,"Rep. Crews, Raymond [R]",1,0,0,1,0,0,0,0,0,1.368,2019,1,0,,1,1,0.5693734,,33.5,28.2,25.1,13.2,66.5,22.4,6.2,33.5,52.4,27.5,90.5,29,91.97846,8.021536,0.55523086,588.4,391.7,0,1,1,1
2021,44343,SB,156,Y 78 N 19 Abs 8,Louisiana ,LA,0,9,0,4,1,"Rep. Horton, Dodie [R]",1,0,0,1,0,1,0,0,0,1.228,2019,1,0,,1,1,0.5707254,,36.7,28,23.3,12.1,72.6,18,6.2,27.4,53.5,29.6,90.3,24.4,53.203835,46.796165,0.16741072,588.4,391.7,0,1,1,1
2021,44343,SB,156,Y 78 N 19 Abs 8,Louisiana ,LA,0,10,0,4,1,"Rep. McMahen, Wayne [R]",1,0,0,1,0,0,0,0,0,,2019,9533,3154,,12687,0.50279814,0.34126416,,30.5,23.1,27.2,19,63,33.1,2,37,46,32.5,83.4,15.1,46.276375,53.723625,0.11774402,628.95,418.4,0,1,1,1
2021,44343,SB,156,Y 78 N 19 Abs 8,Louisiana ,LA,0,11,0,4,1,"Rep. Jefferson, Patrick O. [D]",0,1,0,0,1,0,1,0,0,-0.51,2019,1,0,,1,1,0.09396259,,40.9,23.5,21.5,14,34,61,2.8,66,30.8,51.7,82.3,21,40.314106,59.685894,0.13171099,643.9,455.73334,0,1,1,1
2021,44343,SB,156,Y 78 N 19 Abs 8,Louisiana ,LA,0,12,0,4,1,"Rep. Turner, Christopher \Chris\"" [R]""",1,0,0,1,0,0,0,0,0,,2019,1,0,,1,1,0.07414564,,35.1,22.9,24.8,17.4,74.1,19.7,3.3,25.9,48.3,33.8,88.6,27.9,34.01574,65.98426,0.21783856,611.95,469.2,0,1,1,1
2021,44343,SB,156,Y 78 N 19 Abs 8,Louisiana ,LA,0,13,0,4,1,"Rep. McFarland, Jack G. [R]",1,0,0,1,0,0,0,0,0,0.765,2019,1,0,,1,1,0.49238858,,30.1,25,26,18.8,67.2,30,1.4,32.8,45.2,31.2,81.4,13.3,14.891077,85.108925,0.19349377,739.725,567.875,0,1,1,1
2021,44343,SB,156,Y 78 N 19 Abs 8,Louisiana ,LA,0,14,0,4,1,"Rep. Echols, Michael [R]",1,0,0,1,0,0,0,0,0,,2019,1,0,,1,1,0.30727792,,31.4,24.9,26.6,16.9,74.3,20.1,2.9,25.7,53.7,27.1,92.5,35,42.263355,57.736645,0.70327294,613.7,418.4,0,1,1,1
2021,44343,SB,156,Y 78 N 19 Abs 8,Louisiana ,LA,0,15,0,4,1,"Rep. Gadberry, Foy [R]",1,0,0,1,0,0,0,0,0,,2019,8092,7114,,15206,0.06431672,0.6549735,,32.2,26.2,26.6,15.1,91.6,4.4,2,8.4,56.4,24.8,90.4,24.8,75.078606,24.921394,0.062080953,613.7,418.4,0,1,1,1
2021,44343,SB,156,Y 78 N 19 Abs 8,Louisiana ,LA,0,17,0,4,1,"Rep. Moore, Pat [D]",1,0,0,0,1,1,1,0,0,,2019,1,0,,1,1,-0.10079008,,36.7,28.4,22.5,12.5,27.2,70.6,1.2,72.8,24.3,51.3,75,10.5,93.098366,6.901635,0.106345266,613.7,418.4,0,1,1,1
2021,44343,SB,156,Y 78 N 19 Abs 8,Louisiana ,LA,0,18,0,4,1,"Rep. LaCombe, Jeremy S. [D]",1,0,0,0,1,0,0,0,0,,2019,9721,5826,,15547,0.25053066,0.3573748,,30,25.9,28.7,15.4,57.1,38.2,2.5,42.9,43.3,35.6,79.4,15.1,45.342506,54.657494,0.027839644,447.3,127.375,0,1,1,1
2021,44343,SB,156,Y 78 N 19 Abs 8,Louisiana ,LA,0,19,0,4,1,"Rep. Thompson, Francis C. [D]",1,0,0,1,0,0,0,0,0,0.449,2019,1,0,,1,1,0.40908885,,30.6,25,26.2,18.3,66.5,29.5,2.6,33.5,44.9,32,78.5,13.3,31.019484,68.980515,0.14200878,549.44,418.04,0,1,1,1
2021,44343,SB,156,Y 78 N 19 Abs 8,Louisiana ,LA,0,20,0,4,1,"Rep. Riser, Neil [R]",1,0,0,1,0,0,0,0,0,1.045,2019,8368,8099,,16467,0.016335702,0.63440067,,32.8,24.1,25.1,18,71.9,25.7,1.5,28.1,48.4,28.5,77.1,12.4,11.782509,88.21749,0.29594734,90.544,113.92,0,1,1,1
2021,44343,SB,156,Y 78 N 19 Abs 8,Louisiana ,LA,0,21,0,4,1,"Rep. Johnson, Mike Travis. [R]",1,0,0,1,0,0,0,0,0,1.438,2019,7856,5528,,13384,0.17393903,0.45938635,,34.2,26,24.2,15.6,41.2,56.9,1.3,58.8,34.2,43,75,11.4,51.94925,48.05075,0.03599453,527.05,441.68332,0,1,1,1
2021,44343,SB,156,Y 78 N 19 Abs 8,Louisiana ,LA,0,22,0,4,1,"Rep. Firment, Gabe [R]",1,0,0,1,0,0,0,0,0,,2019,8796,4785,,13581,0.29533908,0.79519445,,29.6,28.7,26,15.7,76.8,16.4,4,23.2,46.2,33,81.5,10.6,21.812063,78.187935,0.013578654,516.56665,418.23334,0,1,1,1
2021,44343,SB,156,Y 78 N 19 Abs 8,Louisiana ,LA,0,23,0,4,1,"Rep. Cox, Kenny R. [D]",1,0,0,0,1,0,1,0,0,-0.614,2019,1,0,,1,1,-0.027812606,,40.4,22.2,22.4,15.1,38,55.9,2,62,32.1,50.8,82.6,17.3,42.742714,57.257286,0.13503087,557.6,86,0,1,1,1
2021,44343,SB,156,Y 78 N 19 Abs 8,Louisiana ,LA,0,24,0,4,1,"Rep. Schamerhorn, Rodney [R]",1,0,0,1,0,0,0,0,0,,2019,7377,5259,1402,14038,0.1508762,0.5957344,,34.6,23.8,24.2,17.4,76.5,10.7,5.1,23.5,47.7,31.1,85.5,13.4,7.3068805,92.69312,0.21902378,686.1,509.73334,0,1,1,1
2021,44343,SB,156,Y 78 N 19 Abs 8,Louisiana ,LA,0,25,0,4,1,"Rep. Harris, Lance [R]",1,0,0,1,0,0,0,0,0,0.868,2019,1,0,,1,1,0.5189717,,30.9,25.1,27.3,16.8,69.4,20.8,3.9,30.6,48.7,28.4,87.7,23.9,49.234352,50.765648,0.15299517,626.35,392.2,0,1,1,1
2021,44343,SB,156,Y 78 N 19 Abs 8,Louisiana ,LA,0,27,0,4,1,"Rep. Johnson, Cazerrick Travis [D]",1,0,0,0,1,0,1,0,0,,2019,7856,5528,,13384,0.17393903,0.5229085,,36.7,26,22.8,14.7,83.2,12,2.5,16.8,51,28.8,87.8,22.1,38.591164,61.408836,0,734.7,461.7,0,1,1,1
2021,44343,SB,156,Y 78 N 19 Abs 8,Louisiana ,LA,0,28,0,4,1,"Rep. Deshotel, Daryl [R]",1,0,0,1,0,0,0,0,0,,2019,7835,4306,641,12782,0.27609137,0.15874638,,32.1,26.1,25.6,16.2,65.2,28.7,1.9,34.8,46.3,31.5,75.8,12.1,31.82574,68.17426,0.3447133,640.6,128.35,0,1,1,1
2021,44343,SB,156,Y 78 N 19 Abs 8,Louisiana ,LA,0,30,0,4,1,"Rep. Owen, Charles \Chuck\"" [R]""",1,0,0,1,0,0,0,0,0,,2019,4485,3920,,8405,0.067221895,0.47352543,,38.3,32.2,19,10.4,61.1,22.5,9.7,38.9,50.9,28.5,87.8,20.3,71.26168,28.738317,0.22357471,633.5,484.95,0,1,1,1
2021,44343,SB,156,Y 78 N 19 Abs 8,Louisiana ,LA,0,31,0,4,1,"Rep. Goudeau, Jonathan [R]",1,0,0,1,0,0,0,0,0,,2019,8379,7161,,15540,0.07837838,0.7425421,,31.6,31.8,24.7,11.9,80.8,10.6,4.3,19.2,50.9,31.1,89.3,32.8,76.58821,23.411787,0.25221387,598.45,107.95,0,1,1,1
2021,44343,SB,156,Y 78 N 19 Abs 8,Louisiana ,LA,0,32,0,4,1,"Rep. Carrier, Dewith [R]",1,0,0,1,0,0,0,0,0,,2019,8134,3394,1131,12659,0.37443715,0.4538074,,31.8,26.9,25.9,15.3,77.9,13,4.3,22.1,47.2,28.9,81.4,12.3,15.183628,84.816376,0.15509103,619.5,325.875,0,1,1,1
2021,44343,SB,156,Y 78 N 19 Abs 8,Louisiana ,LA,0,33,0,4,1,"Rep. Farnum, Les [R]",1,0,0,1,0,0,0,0,0,,2019,6208,4793,,11001,0.12862466,0.175139,,33.6,26.8,25.2,14.3,87.3,6.5,4.2,12.7,50.4,26.7,85.8,16.7,70.25558,29.744423,0.22022499,606.5,261.3,0,1,1,1
2021,44343,SB,156,Y 78 N 19 Abs 8,Louisiana ,LA,0,34,0,4,1,"Rep. Carter Sr., Wilford Dan [D]",1,0,0,0,1,0,1,0,0,,2019,7410,5555,,12965,0.14307752,0.0969399,,35,27,24.2,13.9,22.2,71.6,2.5,77.8,31.3,41,79.9,16.9,97.13672,2.8632822,0.124735616,606.5,261.3,0,1,1,1
2021,44343,SB,156,Y 78 N 19 Abs 8,Louisiana ,LA,0,35,0,4,1,"Rep. Geymann, Brett F. [R]",1,0,0,1,0,0,0,0,0,0.772,2019,14625,6296,7908,28829,0.28891048,0.06782615,,32.3,26.4,27.4,14,86.6,10.1,1.8,13.4,54.7,25.3,88.8,20.8,70.58221,29.417793,0.033677593,657.75,394.1,0,1,1,1
2021,44343,SB,156,Y 78 N 19 Abs 8,Louisiana ,LA,0,36,0,4,1,"Rep. Tarver, Phillip [R]",1,0,0,1,0,0,0,0,0,,2019,8298,5100,,13398,0.23869234,0.6636881,,34.6,26.6,23.3,15.7,75.1,13.1,4.1,24.9,48.4,31.4,92.6,35.2,84.41374,15.586259,0.058426727,606.5,261.3,0,1,1,1
2021,44343,SB,156,Y 78 N 19 Abs 8,Louisiana ,LA,0,37,0,4,1,"Rep. Romero, Troy D. [R]",1,0,0,1,0,0,0,0,0,-0.02,2019,7358,5782,,13140,0.11993912,0.40660262,,34.5,25.7,25.4,14.2,78.2,16.8,2.1,21.8,48.3,29.2,82,16.3,48.146217,51.853783,0.16553247,652.05,267.65,0,1,1,1
2021,44343,SB,156,Y 78 N 19 Abs 8,Louisiana ,LA,0,38,0,4,1,"Rep. Butler, Rhonda [R]",1,0,0,1,0,1,0,0,0,,2019,8880,3920,1965,14765,0.33592957,0.47302157,,35.9,22.7,25.9,15.6,68.6,26.6,2.2,31.4,43.2,33.2,74.8,12.1,38.003468,61.996532,0.103990644,615.8,317.75,0,1,1,1
2021,44343,SB,156,Y 78 N 19 Abs 8,Louisiana ,LA,0,39,0,4,1,"Rep. Emerson, Julie [R]",1,0,0,1,0,1,0,0,0,0.933,2019,9421,4009,,13430,0.40297842,0.47079015,,33.9,29.3,24.5,12.4,64.9,28.1,5.1,35.1,50.5,31.1,86.2,23.4,56.42016,43.57984,0.23380299,708.8,160.4,0,1,1,1
2021,44343,SB,156,Y 78 N 19 Abs 8,Louisiana ,LA,0,41,0,4,1,"Rep. DeVillier, Phillip R. [R]",1,0,0,1,0,0,0,0,0,1.005,2019,1,0,,1,1,0.4106329,,34.6,25.9,25.4,14.2,76,17.7,3.6,24,48.9,30.8,78.3,12.8,40.03182,59.96818,0.5042237,593.73334,131.6,0,1,1,1
2021,44343,SB,156,Y 78 N 19 Abs 8,Louisiana ,LA,0,42,0,4,1,"Rep. Stefanski, John M. [R]",1,0,0,1,0,0,0,0,0,0.992,2019,1,0,,1,1,0.5446549,,36,24.9,25.3,14.1,73.7,21.6,2.7,26.3,45.6,32.9,75.1,12.5,64.988205,35.0118,0.12487677,652.75,137.25,0,1,1,1
2021,44343,SB,156,Y 78 N 19 Abs 8,Louisiana ,LA,0,43,0,4,1,"Rep. Bishop, Stuart J. [R]",1,0,0,1,0,0,0,0,0,0.763,2019,11878,2823,,14701,0.6159445,0.7196907,,31.1,29.8,25.7,13.6,80.3,11.3,5.1,19.7,54,29.4,92.2,44.6,95.36174,4.638258,0.6322015,708.8,160.4,0,1,1,1
2021,44343,SB,156,Y 78 N 19 Abs 8,Louisiana ,LA,0,44,0,4,1,"Rep. Pierre, Vincent J. [D]",0,1,0,0,1,0,1,0,0,-0.673,2019,1,0,,1,1,-0.1754085,,39.4,24.5,24.2,11.9,31.5,62.7,2.8,68.5,28.4,51.6,79.1,16.8,99.24462,0.7553783,0.22610483,708.8,160.4,0,1,1,1
2021,44343,SB,156,Y 78 N 19 Abs 8,Louisiana ,LA,0,45,0,4,1,"Rep. Coussan, Jean-paul [R]",1,0,0,1,0,0,0,0,0,0.758,2019,8583,3180,,11763,0.4593216,-0.025498323,,31.3,31.7,23.3,13.5,72.5,16.3,5.4,27.5,35.4,45.4,90.2,41.4,96.63224,3.3677573,0.88429177,708.8,160.4,0,1,1,1
2021,44343,SB,156,Y 78 N 19 Abs 8,Louisiana ,LA,0,46,0,4,1,"Rep. Huval, Mike \Pete\"" [R]""",1,0,0,1,0,0,0,0,0,0.747,2019,7744,7480,,15224,0.01734104,0.029380312,,35,26.3,24.5,14.2,70.7,22.6,3.1,29.3,49.5,32.8,81.3,13.4,53.30964,46.69036,0.4040931,629.45,70.4,0,1,1,1
2021,44343,SB,156,Y 78 N 19 Abs 8,Louisiana ,LA,0,47,0,4,1,"Rep. Bourriaque, Ryan [R]",1,0,0,1,0,0,0,0,0,,2019,1,0,,1,1,0.20823978,,34.2,23,27.5,15.4,77.3,15.6,4.5,22.7,52.2,27.1,78.7,14.4,42.55755,57.44245,0.3466605,597.56665,210.83333,0,1,1,1
2021,44343,SB,156,Y 78 N 19 Abs 8,Louisiana ,LA,0,48,0,4,1,"Rep. Beaullieu, Beau [R]",1,0,0,1,0,0,0,0,0,,2019,9586,7229,,16815,0.14017247,0.5072476,,33.2,28.8,25.4,12.6,75,15.7,3.1,25,50,31.8,85.4,21,86.565475,13.434524,0.42703304,670.6667,113.433334,0,1,1,1
2021,44343,SB,156,Y 78 N 19 Abs 8,Louisiana ,LA,0,49,0,4,1,"Rep. Miguez, Blake [R]",1,0,0,1,0,0,0,0,0,1.207,2019,1,0,,1,1,0.31027523,,35.1,24.8,26.9,13.1,69.8,20.1,4.9,30.2,46.9,32.8,79.8,11.3,50.12927,49.87073,0.43718833,642.93335,120.63333,0,1,1,1
2021,44343,SB,156,Y 78 N 19 Abs 8,Louisiana ,LA,0,50,0,4,1,"Rep. St. Blanc III, Vincent J. [R]",1,0,0,1,0,0,0,0,0,,2019,7760,5601,,13361,0.1615897,0.1669696,,32.1,25.1,27.1,15.6,55.7,33.9,4.7,44.3,39.7,40.7,81,9.9,75.11777,24.882235,0.10829022,592.55,141.6,0,1,1,1
2021,44343,SB,156,Y 78 N 19 Abs 8,Louisiana ,LA,0,51,0,4,1,"Rep. Amedee, Beryl Adams [R]",1,0,0,1,0,1,0,0,0,1,2019,6287,3475,,9762,0.28805572,0.37629572,,34.3,27.5,25,13.3,62.5,19.1,8.4,37.5,43.7,36.8,77.4,12.5,62.073647,37.926353,0.21685255,592.8,136.75,0,1,1,1
2021,44343,SB,156,Y 78 N 19 Abs 8,Louisiana ,LA,0,52,0,4,1,"Rep. Zeringue, Jerome \Zee\"" [R]""",1,0,0,1,0,0,0,0,0,0.58,2019,1,0,,1,1,0.6735811,,33.6,26.6,25.7,13.9,73,16.3,3.8,27,48.8,30.5,82.7,20.6,91.209694,8.790307,0.39579394,616.2,175.8,0,1,1,1
2021,44343,SB,156,Y 78 N 19 Abs 8,Louisiana ,LA,0,53,0,4,1,"Rep. Magee, Tanner [R]",1,0,0,1,0,0,0,0,0,0.491,2019,1,0,,1,1,0.359685,,33.8,25.4,26.6,14.2,67.7,18.4,5.6,32.3,48.9,29.4,75.1,12.3,80.069626,19.930374,0.40163204,616.2,175.8,0,1,1,1
2021,44343,SB,156,Y 78 N 19 Abs 8,Louisiana ,LA,0,54,0,4,1,"Rep. Orgeron, Joseph [R]",1,0,0,1,0,0,0,0,0,,2019,4040,2258,1108,7406,0.24061571,0.1564167,,30.3,27.2,28.1,14.4,84.2,2.1,6.7,15.8,53,25.6,75.2,11.2,71.2939,28.706102,0.41372597,615.25,119.15,0,1,1,1
2021,44343,SB,156,Y 78 N 19 Abs 8,Louisiana ,LA,0,55,0,4,1,"Rep. Fontenot, Bryan [R]",1,0,0,1,0,0,0,0,0,,2019,7343,6591,,13934,0.05396871,0.4811431,,34.4,25.4,25.1,15.3,69.4,24.4,2.4,30.6,47.1,34.7,79.7,22,74.11523,25.884773,0.14694247,521.6,63.2,0,1,1,1
2021,44343,SB,156,Y 78 N 19 Abs 8,Louisiana ,LA,0,56,0,4,1,"Rep. Miller, Gregory A. [R]",1,0,0,1,0,0,0,0,0,0.725,2019,1,0,,1,1,0.36534673,,33.7,25.2,27.7,13.3,71.8,20.3,5.3,28.2,53.5,29.9,90.5,25.2,90.65784,9.342163,0.11771995,584.8,128.95,0,1,1,1
2021,44343,SB,156,Y 78 N 19 Abs 8,Louisiana ,LA,0,58,0,4,1,"Rep. Brass, Ken [D]",0,1,0,0,1,0,1,0,0,-0.552,2019,9955,3133,,13088,0.52124083,0.15624672,,33.6,26.6,25.9,13.9,32.2,63.5,2.2,67.8,34.8,43.5,78.9,14.5,52.960472,47.039528,0.11569053,757.8333,132.36667,0,1,1,1
2021,44343,SB,156,Y 78 N 19 Abs 8,Louisiana ,LA,0,59,0,4,1,"Rep. Bacala, Tony [R]",1,0,0,1,0,0,0,0,0,0.819,2019,1,0,,1,1,0.5347312,,36.9,28.7,25.3,8.9,77.3,11.3,5.8,22.7,58.4,25.8,93,35.9,97.04213,2.957874,0.44884983,496.8,147.6,0,1,1,1
2021,44343,SB,156,Y 78 N 19 Abs 8,Louisiana ,LA,0,60,0,4,1,"Rep. Brown, Chad [D]",1,0,0,0,1,0,0,0,0,-0.046,2019,1,0,,1,1,-0.03747751,,31.7,25.2,26.7,16.3,58.6,37.3,2.6,41.4,45,33.4,78.7,14.1,60.822117,39.177883,0.051367663,541.8,82.45,0,1,1,1
2021,44343,SB,156,Y 78 N 19 Abs 8,Louisiana ,LA,0,62,0,4,1,"Rep. Adams, Roy Daryl [I]",1,0,0,0,0,0,0,0,0,,2019,9491,8327,,17818,0.0653272,0.22149083,,33.2,24.9,27.2,14.6,53.3,43.6,1.3,46.7,45.6,35.3,86.4,21.5,28.671816,71.328186,0.3215434,559.25,302.05,1,1,1,1
2021,44343,SB,156,Y 78 N 19 Abs 8,Louisiana ,LA,0,63,0,4,1,"Rep. Carpenter, Barbara West [D]",0,1,0,0,1,1,1,0,0,-0.63,2019,6884,4188,,11072,0.2434971,-0.28009698,,39,25,23.3,12.6,17.8,79,1.2,82.2,32.9,43,88.5,20.4,94.93378,5.066225,0.13933705,633.3,284.6,0,1,1,1
2021,44343,SB,156,Y 78 N 19 Abs 8,Louisiana ,LA,0,64,0,4,1,"Rep. Hodges, Valarie H. [R]",1,0,0,1,0,1,0,0,0,1.048,2019,1,0,,1,1,0.38102698,,34.6,25,27.6,12.8,81.8,13.4,1.1,18.2,52.7,26.6,88.4,19.9,47.05701,52.94299,0.091381975,562.6,310.75,0,1,1,1
2021,44343,SB,156,Y 78 N 19 Abs 8,Louisiana ,LA,0,65,0,4,1,"Rep. Ivey, Barry [R]",1,0,0,1,0,0,0,0,0,0.846,2019,1,0,,1,1,0.5271806,,32.9,27.4,24.6,14.9,64.8,25.7,5.2,35.2,49.7,31.2,92.5,29.9,86.92829,13.0717125,0.11883913,633.3,284.6,0,1,1,1
2021,44343,SB,156,Y 78 N 19 Abs 8,Louisiana ,LA,0,66,0,4,1,"Rep. Edmonds, Rick [R]",1,0,0,1,0,0,0,0,0,1.285,2019,12961,5015,649,18625,0.42663088,0.48989156,,35.2,26.3,26,12.5,65.9,22.6,2.9,34.1,53.6,32,95.8,49.3,100,0,0.27260083,633.3,284.6,0,1,1,1
2021,44343,SB,156,Y 78 N 19 Abs 8,Louisiana ,LA,0,68,0,4,1,"Rep. McKnight, Scott [R]",1,0,0,1,0,0,0,0,0,,2019,9165,6720,,15885,0.15391879,0.16493958,,36,27.3,21.7,15,71.2,19.4,2.7,28.8,42,41.3,95.6,57.3,100,0,0.7189656,633.3,284.6,0,1,1,1
2021,44343,SB,156,Y 78 N 19 Abs 8,Louisiana ,LA,0,69,0,4,1,"Rep. Davis, Paula [R]",1,0,0,1,0,1,0,0,0,0.645,2019,10892,2924,,13816,0.5767226,0.11361934,,31.1,28.8,24.6,15.6,59.2,26.4,5.9,40.8,44.7,35.2,94.6,40.3,99.87237,0.12763543,0.12527233,633.3,284.6,0,1,1,1
2021,44343,SB,156,Y 78 N 19 Abs 8,Louisiana ,LA,0,70,0,4,1,"Rep. Freiberg, Barbara Reich [R]",1,0,0,1,0,1,0,0,0,,2019,8758,7891,,16649,0.0520752,-0.032888923,,34.7,27,22.8,15.5,61.6,25.5,6.8,38.4,45.3,38.2,94.5,55.2,92.21887,7.781129,0.5575151,633.3,284.6,0,1,1,1
2021,44343,SB,156,Y 78 N 19 Abs 8,Louisiana ,LA,0,71,0,4,1,"Rep. Mincey Jr., Buddy [R]",1,0,0,1,0,0,0,0,0,,2019,9559,2903,,12462,0.5341037,0.5067205,,34.4,26.6,25.1,13.9,84.4,7,6.6,15.6,47.7,28.2,87.2,21.3,82.96765,17.032349,0.41729665,491.9,336.9,0,1,1,1
2021,44343,SB,156,Y 78 N 19 Abs 8,Louisiana ,LA,0,72,0,4,1,"Rep. Carter, Robert \Robby\"" [D]""",1,0,0,0,1,0,0,0,0,-0.028,2019,9629,2268,,11897,0.6187274,0.28162897,,34.9,25.8,24.7,14.6,38.3,57.5,1.9,61.7,37.7,37.7,77.5,14.4,34.114693,65.88531,0.3093061,523.3,262,0,1,1,1
2021,44343,SB,156,Y 78 N 19 Abs 8,Louisiana ,LA,0,73,0,4,1,"Rep. Wheat Jr., William \Bill\"" [R]""",1,0,0,1,0,0,0,0,0,,2019,9332,2732,,12064,0.54708225,0.48258194,,33.1,29.3,25.1,12.6,71.9,20.2,4.4,28.1,49.8,31,86.7,21.3,87.346375,12.653623,0.043563493,523,278.9,0,1,1,1
2021,44343,SB,156,Y 78 N 19 Abs 8,Louisiana ,LA,0,74,0,4,1,"Rep. Frieman, Larry [R]",1,0,0,1,0,0,0,0,0,,2019,11241,2464,,13705,0.6404232,0.96719784,,29.5,23,29.1,18.2,85.3,9,4.2,14.7,52,26.9,84,21.4,20.249434,79.750565,0.5782863,810.6,167,0,1,1,1
2021,44343,SB,156,Y 78 N 19 Abs 8,Louisiana ,LA,0,75,0,4,1,"Rep. White, Malinda B. [D]",1,0,0,1,0,1,0,0,0,0.013,2019,7334,4072,,11406,0.28598982,0.21568225,,32.5,24.2,26.4,16.8,63.9,31.7,1.9,36.1,41.9,31.6,76.8,11.2,36.84873,63.15127,0.27626172,537.2,355.6,0,1,1,1
2021,44343,SB,156,Y 78 N 19 Abs 8,Louisiana ,LA,0,76,0,4,1,"Rep. Owen, Robert \Bob\"" [R]""",1,0,0,1,0,0,0,0,0,,2019,5427,4926,,10353,0.04839177,0.57828444,,32.8,24.3,27.5,15.6,63.8,22.2,6.9,36.2,47.3,29.9,89.7,29.4,85.70155,14.2984495,0.04517586,810.6,167,0,1,1,1
2021,44343,SB,156,Y 78 N 19 Abs 8,Louisiana ,LA,0,77,0,4,1,"Rep. Wright, Mark [R]",1,0,0,1,0,0,0,0,0,0.928,2019,14860,3617,,18477,0.60848624,0.5072041,,32.3,25.1,27.1,15.4,84.2,9.1,3.4,15.8,56.5,24.9,92.7,42.8,63.68961,36.31039,0.08472332,810.6,167,0,1,1,1
2021,44343,SB,156,Y 78 N 19 Abs 8,Louisiana ,LA,0,78,0,4,1,"Rep. Illg Jr., John \Big John\"" [R]""",1,0,0,1,0,0,0,0,0,,2019,7436,5266,,12702,0.17083924,0.30903572,,27.9,26.5,27.3,18.2,73,8.4,15,27,47.6,32.1,89.6,30.1,100,0,0.65074724,708.9,175.1,0,1,1,1
2021,44343,SB,156,Y 78 N 19 Abs 8,Louisiana ,LA,0,79,0,4,1,"Rep. Villio, Debbie [R]",1,0,0,1,0,1,0,0,0,,2019,1,0,,1,1,0.2216232,,29,24.6,27.5,19,61.5,11.9,17.8,38.5,53,30.4,91.9,37.7,100,0,0.051516887,708.9,175.1,0,1,1,1
2021,44343,SB,156,Y 78 N 19 Abs 8,Louisiana ,LA,0,80,0,4,1,"Rep. Thomas, Polly [R]",1,0,0,1,0,1,0,0,0,1.031,2019,7414,3134,,10548,0.40576413,0.015847785,,25.4,30.3,26.2,18,64.9,12.9,16.3,35.1,42,35.5,90.2,30.8,100,0,0.3618875,708.9,175.1,0,1,1,1
2021,44343,SB,156,Y 78 N 19 Abs 8,Louisiana ,LA,0,81,0,4,1,"Rep. Schexnayder, Clay [R]",1,0,0,1,0,0,0,0,0,0.751,2019,1,0,,1,1,0.46227625,,32.1,24.1,29.5,14.3,80.1,16.2,2.6,19.9,60.2,21.9,85.2,17.1,100,0,0.0918105,722.8333,183.5,0,1,1,1
2021,44343,SB,156,Y 78 N 19 Abs 8,Louisiana ,LA,0,82,0,4,1,"Rep. Schlegel, Laurie [R]",1,0,0,1,0,1,0,0,0,,2019,2995,2778,,5773,0.037588775,0.22981673,,24.4,26.7,29.3,19.5,77.5,10.5,8.8,22.5,43.6,32.8,92.7,40.5,100,0,0.48799533,708.9,175.1,0,1,1,1
2021,44343,SB,156,Y 78 N 19 Abs 8,Louisiana ,LA,0,83,0,4,1,"Rep. Green Jr., Kyle M. [D]",0,1,0,0,1,0,1,0,0,-0.452,2019,5530,3350,,8880,0.2454955,0.014100417,,35,24.9,26.7,13.3,30.3,56.3,7.7,69.7,35.6,40.7,76.1,10.4,97.42697,2.5730314,0.20952007,708.9,175.1,0,1,1,1
2021,44343,SB,156,Y 78 N 19 Abs 8,Louisiana ,LA,0,84,0,4,1,"Rep. Kerner, Timothy P. [R]",1,0,0,1,0,0,0,0,0,,2019,5607,2669,2644,10920,0.26904762,0.50528145,,29.7,25.4,29.6,15.2,64.1,19.4,7.9,35.9,51.5,27.8,79.1,17.9,98.64831,1.3516928,0.39764157,708.9,175.1,0,1,1,1
2021,44343,SB,156,Y 78 N 19 Abs 8,Louisiana ,LA,0,85,0,4,1,"Rep. Marino III, Joseph A. [I]",0,1,0,0,0,0,0,0,0,0.214,2019,1,0,,1,1,-0.01768405,,33.6,28.1,24.8,13.4,39.7,35.4,18.4,60.3,42.2,35.8,82.1,18.3,100,0,0.07113641,708.9,175.1,1,1,1,1
2021,44343,SB,156,Y 78 N 19 Abs 8,Louisiana ,LA,0,86,0,4,1,"Rep. Muscarello, Nicholas [R]",1,0,0,1,0,0,0,0,0,0.725,2019,1,0,,1,1,0.62285924,,38.4,25.2,23,13.6,69,22.6,5.5,31,41.2,38.6,83.7,21.4,98.55378,1.4462205,0.25468555,523,278.9,0,1,1,1
2021,44343,SB,156,Y 78 N 19 Abs 8,Louisiana ,LA,0,87,0,4,1,"Rep. Lyons, Rodney [D]",0,1,0,0,1,0,1,0,0,-0.627,2019,5735,1521,,7256,0.5807608,-0.08342206,,34,26.5,26.9,12.6,24.8,57.2,10.1,75.2,37,41,79.1,15.5,99.39886,0.6011444,0.3222417,708.9,175.1,0,1,1,1
2021,44343,SB,156,Y 78 N 19 Abs 8,Louisiana ,LA,0,88,0,4,1,"Rep. Edmonston, Kathy [R]",1,0,0,1,0,1,0,0,0,,2019,6956,6662,,13618,0.021589072,0.27935132,,33.8,29.4,24.9,12.1,76.2,14.1,6.3,23.8,53,29.5,86.9,20.7,41.558186,58.441814,0.14077897,496.8,147.6,0,1,1,1
2021,44343,SB,156,Y 78 N 19 Abs 8,Louisiana ,LA,0,89,0,4,1,"Rep. Nelson, Richard [R]",1,0,0,1,0,0,0,0,0,,2019,8465,7424,,15889,0.06551702,0.4584884,,32.5,22.5,28.9,16.1,89.1,2.6,5.5,10.9,57.2,26.6,95.3,51.8,84.33943,15.660567,0.22384241,810.6,167,0,1,1,1
2021,44343,SB,156,Y 78 N 19 Abs 8,Louisiana ,LA,0,90,0,4,1,"Rep. DuBuisson, Mary [R]",1,0,0,1,0,1,0,0,0,,2019,6552,3247,1046,10845,0.30474874,0.34480098,,31.4,24.7,27,16.9,73.4,15.5,6.5,26.6,46.2,29.2,87.1,21.4,93.450264,6.549732,0.094185606,810.6,167,0,1,1,1
2021,44343,SB,156,Y 78 N 19 Abs 8,Louisiana ,LA,0,91,0,4,1,"Rep. Landry, Mandie [D]",0,1,0,0,1,1,0,0,0,,2019,7878,7025,,14903,0.057236798,-0.3854127,,27.2,34.5,25.8,12.3,35.6,54.3,6,64.4,24.2,55.4,82.5,40.3,100,0,0.8213552,557.6,86,0,1,1,1
2021,44343,SB,156,Y 78 N 19 Abs 8,Louisiana ,LA,0,92,0,4,1,"Rep. Stagni, Joseph \Joe\"" A. [R]""",0,1,0,1,0,0,0,0,0,,2019,1,0,,1,1,0.19849579,,33.2,26.6,25.3,14.9,37.9,32.4,26.1,62.1,37.4,39.9,80.7,18.1,100,0,0.16727588,708.9,175.1,0,1,1,1
2021,44343,SB,156,Y 78 N 19 Abs 8,Louisiana ,LA,0,93,0,4,1,"Rep. Duplessis, Royce [D]",0,1,0,0,1,0,1,0,0,-0.913,2019,1,0,,1,1,-0.5877837,,23.2,37.1,26.4,13.2,32,58,6.9,68,19.1,58.9,80.2,33.3,100,0,1.1362523,557.6,86,0,1,1,1
2021,44343,SB,156,Y 78 N 19 Abs 8,Louisiana ,LA,0,94,0,4,1,"Rep. Hilferty, Stephanie [R]",1,0,0,1,0,1,0,0,0,0.602,2019,11110,7809,,18919,0.17448068,-0.003125478,,24.6,34.4,26,15.1,72.1,8.4,13.3,27.9,49,32.4,94.9,55,100,0,0.3920272,633.25,130.55,0,1,1,1
2021,44343,SB,156,Y 78 N 19 Abs 8,Louisiana ,LA,0,95,0,4,1,"Rep. Mack, Sherman Q. [R]",1,0,0,1,0,0,0,0,0,0.965,2019,8717,2410,,11127,0.5668194,0.6301924,,33.5,32.5,22.6,11.4,87.6,7.1,3.2,12.4,48.7,28.5,85,18.1,100,0,0.38610038,507.45,307.9,0,1,1,1
2021,44343,SB,156,Y 78 N 19 Abs 8,Louisiana ,LA,0,97,0,4,1,"Rep. Willard, Matthew [D]",0,1,0,0,1,0,1,0,0,,2019,9849,9471,,19320,0.019565217,-0.5855375,,29.6,31.1,24.6,14.8,20.4,71.4,5.1,79.6,27.6,48.6,88.1,34.3,100,0,0.51610523,557.6,86,0,1,1,1
2021,44343,SB,156,Y 78 N 19 Abs 8,Louisiana ,LA,0,98,0,4,1,"Rep. Freeman, Aimee Adatto [D]",0,1,0,0,1,1,0,0,0,,2019,9091,6638,,15729,0.15595397,-0.18041429,,32.6,31.9,22.5,13,61.3,24.7,7.5,38.7,32.8,50,93.1,62.9,100,0,0.6221439,557.6,86,0,1,1,1
2021,44343,SB,156,Y 78 N 19 Abs 8,Louisiana ,LA,0,99,0,4,1,"Rep. Newell, Candace N. [D]",0,1,0,0,1,1,1,0,0,,2019,8254,6857,,15111,0.09244921,-0.17113152,,29.8,30.2,26.4,13.6,17.2,77.9,3,82.8,22.3,51.7,82.9,24.8,100,0,0.90367526,557.6,86,0,1,1,1
2021,44343,SB,156,Y 78 N 19 Abs 8,Louisiana ,LA,0,100,0,4,1,"Rep. Hughes, Jason Wynn [D]",0,1,0,0,1,0,0,0,0,,2019,7227,3675,,10902,0.32581177,-0.27892432,,34,26.8,26,13.1,1.9,87.2,2.2,98.1,29.7,47.8,83.7,20.6,100,0,0.161425,557.6,86,0,1,1,1
2021,44343,SB,156,Y 78 N 19 Abs 8,Louisiana ,LA,0,101,0,4,1,"Rep. James II, Edward \Ted\"" C. [D]""",0,1,0,0,1,0,1,0,0,-0.661,2019,1,0,,1,1,0.086311884,,37.7,28.5,22.3,11.5,16.4,68.9,8.9,83.6,35,45.4,86.5,19.3,99.983345,0.016658338,0.28627285,633.3,284.6,0,1,1,1
2021,44343,SB,156,Y 78 N 19 Abs 8,Louisiana ,LA,0,102,0,4,1,"Rep. Carter Jr., Gary \Jeff\"" M. [D]""",0,1,0,0,1,0,1,0,0,-0.52,2019,1,0,,1,1,-0.35693318,,30.8,27,27.2,15,22.8,66.3,7,77.2,36.5,41.8,85.1,25.1,100,0,0.49225664,557.6,86,0,1,1,1
2021,44343,SB,156,Y 78 N 19 Abs 8,Louisiana ,LA,0,103,0,4,1,"Rep. Garofalo Jr., Raymond E. [R]",1,0,0,1,0,0,0,0,0,1.179,2019,1,0,,1,1,0.3777935,,35,29.7,24.2,11.1,57.3,26,9.4,42.7,40.7,37.3,81.6,12.2,84.001495,15.998502,0.26531318,443.6,57,0,1,1,1
2021,44343,SB,156,Y 78 N 19 Abs 8,Louisiana ,LA,0,104,0,4,1,"Rep. Hollis, Paul B. [R]",1,0,0,1,0,0,0,0,0,0.931,2019,1,0,,1,1,0.5272296,,31.9,25.2,28.2,14.8,76,14.6,6.1,24,51.4,30,88.8,26.8,99.48583,0.5141658,0.1134287,810.6,167,0,1,1,1
2021,44343,SB,156,Y 78 N 19 Abs 8,Louisiana ,LA,0,105,0,4,1,"Rep. Cormier, Mack [D]",1,0,0,0,1,0,0,0,0,,2019,7177,6075,,13252,0.083157256,0.18951912,,34.6,27.6,25.5,12.2,46.9,36.6,7.1,53.1,49.2,32.6,86.2,26.7,74.074814,25.925188,0.17250302,670.23334,117.73333,0,1,1,1
2021,2.11.21,SB ,2536,,Mississippi,MS,1,1,0,4,1,"Sen. McLendon, Michael W. [R]",1,0,0,1,0,0,0,0,0,,,1,0,,1,1,0.45220193,,34.5,25.9,26.5,13.1,74.8,18.2,4.3,25.2,54.5,26.9,90.3,26.3,70.85603,29.14397,0.217193,513.6,341,0,1,0,1
2021,2.11.21,SB,2536,,Mississippi,MS,1,2,0,4,1,"Sen. Parker, David [R]",1,0,0,1,0,0,0,0,0,1.07,2019,6137,4032,,10169,0.20700167,0.18650436,,35.5,28.2,23.9,12.5,55.9,33.7,6.2,44.1,43.8,32.9,86.7,18.2,8.676122,91.323875,0,513.6,341,0,1,0,1
2021,2.11.21,SB ,2536,,Mississippi,MS,1,3,0,4,1,"Sen. Chism, Kathy L. [R]",1,0,0,1,0,0,0,0,0,,2019,13696,4491,,18187,0.50613075,0.40249518,,34,25.1,25.2,15.7,74,19,5.1,26,48,29.9,75.6,14.6,18.800694,81.19931,0.076467216,711.64,554.22,0,1,0,1
2021,2.11.21,SB,2536,,Mississippi,MS,1,4,0,4,1,"Sen. Potts Parks, Rita [R]",1,0,0,1,0,0,0,0,0,1.057,2019,1,0,,1,1,0.29690757,,33.1,23.9,25.9,17.1,80.8,13.5,3.7,19.2,50.5,26.1,80.1,16.1,28.475004,71.524994,0.2846342,710.1,590.75,0,1,0,1
2021,2.11.21,SB ,2536,,Mississippi,MS,1,5,0,4,1,"Sen. Sparks, Daniel H. [R]",1,0,0,1,0,0,0,0,0,,2019,14109,5450,,19559,0.4427118,0.31058502,,32.3,23.6,26.2,17.9,88.1,7.9,2,11.9,50.9,25,79,11.8,15.351969,84.64803,0.05784977,568.26666,415.3,0,1,0,1
2021,2.11.21,SB,2536,,Mississippi,MS,1,6,0,4,1,"Sen. Mcmahan, Chad [R]",1,0,0,1,0,0,0,0,0,0.898,2019,1,0,,1,1,0.4576818,,32,26.5,25.6,15.9,78.9,15.9,2.3,21.1,52.3,24.6,86.8,28.2,54.511585,45.488415,0.17115228,580.9,424.8,0,1,0,1
2021,2.11.21,SB,2536,,Mississippi,MS,1,8,0,4,1,"Sen. Suber, Benjamin A. [R]",1,0,0,1,0,0,0,0,0,,2019,11003,8234,,19237,0.14394136,0.09998526,,34.1,23.8,26.3,16,60.1,34.2,4.3,39.9,48.1,30.5,77.5,13.2,31.779917,68.220085,0.14970782,721.6,568.7,0,1,0,1
2021,2.11.21,SB ,2536,,Mississippi,MS,1,9,0,4,1,"Sen. Boyd, Nicole Akins [R]",1,0,0,1,0,0,0,0,0,,2019,11254,8069,,19323,0.16482948,-0.15543059,,40.5,25.6,21.1,13,70.4,23.6,2.7,29.6,40.2,44.3,88.3,40,47.01832,52.98168,0.15156764,450.7,243.15,0,1,0,1
2021,2.11.21,SB ,2536,,Mississippi,MS,1,10,0,4,1,"Sen. Whaley, Neil S. [R]",1,0,0,1,0,0,0,0,0,1.419,2019,8738,6360,,15098,0.1575043,0.014549378,,33.6,24.2,26.6,15.5,53.3,42.3,2.1,46.7,45.8,34.4,81,15.5,21.311543,78.68845,0.040640082,601.625,402.575,0,1,0,1
2021,2.11.21,SB,2536,,Mississippi,MS,1,11,0,4,1,"Sen. Jackson, Robert \Bobby\"" [D]""",0,1,0,0,1,0,1,0,0,-0.767,2019,10059,,3574,13633,0.737842,0.032210197,,37,26.3,23.7,13,23.7,74.3,1,76.3,35.4,41.3,78,15.1,49.41707,50.58293,0.04367448,495.06,303.5,0,1,0,1
2021,2.11.21,SB,2536,,Mississippi,MS,1,12,0,4,1,"Sen. Simmons, Derrick T. [D]",0,1,0,0,1,0,1,0,0,-1.117,2019,9422,,2143,11565,0.81469953,-0.019177068,,35.6,24.3,25.2,14.9,24.7,73,0.9,75.3,32.1,42.7,77.5,17.7,64.36583,35.634167,0,605.76666,336.43332,0,1,0,1
2021,2.11.21,SB ,2536,,Mississippi,MS,1,15,0,4,1,"Sen. Williams, Bart [R]",1,0,0,1,0,0,0,0,0,,2020,4097,3555,,7652,0.07083116,0.40125525,,44.4,23.3,19.8,12.5,63,31.5,1.6,37,36.8,47.6,87.3,32.4,35.782627,64.21738,0,645.75,491.675,0,1,0,1
2021,2.11.21,SB,2536,,Mississippi,MS,1,16,0,4,1,"Sen. Turner-Ford, Angela [D]",0,1,0,0,1,1,1,0,0,-0.859,2019,1,0,,1,1,-0.02857954,,36.2,23.3,24.8,15.6,34.6,62.5,1,65.4,37.4,41.1,79.6,22.9,44.346615,55.653385,0.06902332,667.025,359.575,0,1,0,1
2021,2.11.21,SB ,2536,,Mississippi,MS,1,17,0,4,1,"Sen. Younger, Charles \Chuck\"" A. [R]""",1,0,0,1,0,0,0,0,0,,2019,11328,5444,398,17170,0.34269074,0.24442251,,32.3,25.8,26.3,15.7,64.3,31.4,2.1,35.7,50.3,30.3,87.8,24.8,57.757954,42.242046,0.17811109,619.13336,367.63333,0,1,0,1
2021,2.11.21,SB,2536,,Mississippi,MS,1,18,0,4,1,"Sen. Branning, Jennifer B. [R]",1,0,0,1,0,0,0,0,0,0.941,2019,1,0,,1,1,0.34692687,,34.9,23.9,24.9,16.3,57.5,27.4,2.5,42.5,44.1,31.2,78.3,13.3,19.52104,80.47896,0.05899705,628.6,467.36667,0,1,0,1
2021,2.11.21,SB ,2536,,Mississippi,MS,1,19,0,4,1,"Sen. Blackwell, Kevin [R]",1,0,0,1,0,0,0,0,0,0.967,2019,8363,4749,,13112,0.27562538,0.3752301,,33.8,27,26.7,12.6,65.2,26.4,5,34.8,55.3,26.9,91.1,26,88.43761,11.56239,0.23800457,513.6,341,0,1,0,1
2021,2.11.21,SB,2536,,Mississippi,MS,1,21,0,4,1,"Sen. Blackmon, Barbara [D]",0,1,0,0,1,1,1,0,0,-0.938,2019,1,0,,1,1,-0.083337866,,35,24.1,25.1,15.5,26,69.3,4,74,36.1,40.6,77.3,13.3,40.32692,59.67308,0.0798212,570.425,380.75,0,1,0,1
2021,2.11.21,SB,2536,,Mississippi,MS,1,22,0,4,1,"Sen. Thomas Sr., Joseph C. [D]",0,1,0,0,1,0,1,0,0,-0.673,2019,10555,9582,,20137,0.048319016,-0.002831141,,33.9,28.1,25.5,12.4,42.9,51.5,4,57.1,42.2,39.4,81.9,29.4,56.12128,43.87872,0.017889088,520.9,331.575,0,1,0,1
2021,2.11.21,SB,2536,,Mississippi,MS,1,23,0,4,1,"Sen. Hopson III, W. Briggs [R]",1,0,0,1,0,0,0,0,0,0.767,2019,1,0,,1,1,0.08295471,,33,24.4,26.5,16.1,49,47.2,2.1,51,44.4,34.1,85.9,22,56.166393,43.833607,0,483.2,284.525,0,1,0,1
2021,2.11.21,SB ,2536,,Mississippi,MS,1,24,0,4,1,"Sen. Jordan, David [D]",0,1,0,0,1,0,1,0,0,-0.713,2019,1,0,,1,1,-0.063391864,,37.6,24.2,23.8,14.5,21,76.2,1.8,79,26.7,49.9,75.3,13.9,38.06843,61.93157,0.10988436,505.46667,294.83334,0,1,0,1
2021,2.11.21,SB ,2536,,Mississippi,MS,1,25,0,4,1,"Sen. Michel, Walter [R]",1,0,0,1,0,0,0,0,0,1.114,2019,18127,7012,,25139,0.44214168,0.18456824,,32.3,26.9,27,13.8,72.2,20.9,1.9,27.8,58.2,27.2,97.4,62.1,89.4722,10.527801,0.059823945,690.95,390.05,0,1,0,1
2021,2.11.21,SB,2536,,Mississippi,MS,1,27,0,4,1,"Sen. Frazier, Hillman Terome [D]",0,1,0,0,1,0,1,0,0,-0.659,2019,1,0,,1,1,-0.37903726,,35.2,26.9,23.4,14.5,19.4,76.6,2,80.6,31.6,44.2,83.1,24.1,98.0304,1.9695987,0.1648325,765.1,408.5,0,1,0,1
2021,2.11.21,SB ,2536,,Mississippi,MS,1,28,0,4,1,"Sen. Norwood, Sollie B. [D]",0,1,0,0,1,0,1,0,0,-1.317,2019,1,0,,1,1,-0.14848025,,44.4,27,20.6,8,8.9,88.1,1.2,91.1,24.7,54.1,81.7,17.2,99.96238,0.037620503,0.2927104,765.1,408.5,0,1,0,1
2021,2.11.21,SB,2536,,Mississippi,MS,1,30,0,4,1,"Sen. Kirby, Dean [R]",1,0,0,1,0,0,0,0,0,0.974,2019,1,0,,1,1,0.22606881,,32.9,28.9,25,13.1,68.2,26.7,3.1,31.8,47.2,30.9,87.3,23.2,80.3684,19.6316,0.46531504,540.5,413.5,0,1,0,1
2021,2.11.21,SB ,2536,,Mississippi,MS,1,31,0,4,1,"Sen. McCaughn, Tyler [R]",1,0,0,1,0,0,0,0,0,,2019,11993,5569,,17562,0.36578977,0.3765088,,35.7,24.3,24.5,15.6,57.5,33.1,6.2,42.5,47.4,31,80.4,15.3,24.704672,75.29533,0.009514748,621.375,477.85,0,1,0,1
2021,2.11.21,SB ,2536,,Mississippi,MS,1,33,0,4,1,"Sen. Tate, Jeff [R]",1,0,0,1,0,0,0,0,0,,2019,1,0,,1,1,0.36013246,,30.7,25.9,25.7,17.7,67.9,28.5,2.4,32.1,51.5,28.1,85.3,20.3,31.25153,68.74847,0,711.05,510.5,0,1,0,1
2021,2.11.21,SB ,2536,,Mississippi,MS,1,35,0,4,1,"Sen. Caughman, Chris [R]",1,0,0,1,0,0,0,0,0,1.003,2019,1,0,,1,1,0.40356836,,32.8,25.1,26.3,15.8,70.2,26.7,2,29.8,49.8,26.7,82.4,14.6,20.011278,79.98872,0.2877008,638.025,477.9,0,1,0,1
2021,2.11.21,SB ,2536,,Mississippi,MS,1,36,0,4,1,"Sen. Butler, Albert [D]",0,1,0,0,1,0,1,0,0,-0.69,2019,1,0,,1,1,-0.20665255,,34.8,21.1,27,17.1,32,65.4,1.8,68,37.1,40.9,80.7,18.4,16.267286,83.73271,0.043261953,495.05,406.25,0,1,0,1
2021,2.11.21,SB,2536,,Mississippi,MS,1,37,0,4,1,"Sen. Sojourner, Melanie [R]",1,0,0,1,0,0,0,0,0,1.603,2019,11497,8370,,19867,0.15739669,0.089962974,,30.7,23.6,26.9,18.9,55,39.7,3.8,45,43.2,33.8,81.2,18.4,42.542694,57.457306,0.095142715,559.95,317.15,0,1,0,1
2021,2.11.21,SB ,2536,,Mississippi,MS,1,39,0,4,1,"Sen. Barrett, Jason [R]",1,0,0,1,0,0,0,0,0,0.491,2020,4884,3698,,8582,0.13819623,0.024141174,,33.8,23.4,26.2,16.5,68,30.1,1.1,32,48.8,30.1,85.2,15.8,23.11264,76.88736,0.41640133,629.14,510.14,0,1,0,1
2021,2.11.21,SB,2536,,Mississippi,MS,1,40,0,4,1,"Sen. Burks Hill, Angela [R]",1,0,0,1,0,0,0,0,0,,2019,12307,3754,,16061,0.5325322,0.26091123,,31.9,23.8,26.6,17.6,77.1,18.3,2.6,22.9,52.1,26,82.9,14.4,31.04922,68.95078,0,515.5,339.45,0,1,0,1
2021,2.11.21,SB ,2536,,Mississippi,MS,1,41,0,4,1,"Sen. Fillingane, Joey [R]",1,0,0,1,0,0,0,0,0,0.94,2019,1,0,,1,1,0.08211906,,32.7,23.7,26,17.6,64,34.1,0.9,36,48.7,29,82.8,16.4,19.637474,80.362526,0.009783778,576.3,452.6,0,1,0,1
2021,2.11.21,SB,2536,,Mississippi,MS,1,42,0,4,1,"Sen. McDaniel, Chris [R]",1,0,0,1,0,0,0,0,0,1.606,2019,1,0,,1,1,0.5604535,,34,24.1,25.7,16.3,75.3,18.7,3.8,24.7,49.1,28.2,85.6,20.9,32.836006,67.163994,0.088491224,598.125,451.3,0,1,0,1
2021,2.11.21,SB,2536,,Mississippi,MS,1,43,0,4,1,"Sen. DeBar Jr., Dennis L. [R]",1,0,0,1,0,0,0,0,0,0.966,2019,1,0,,1,1,0.1795085,,33.3,26.1,25.9,14.8,73.2,23.9,1.5,26.8,48.6,29.7,79.5,12.8,11.398277,88.60172,0.25430766,468.23334,381.26666,0,1,0,1
2021,2.11.21,SB ,2536,,Mississippi,MS,1,44,0,4,1,"Sen. Polk, John A. [R]",1,0,0,1,0,0,0,0,0,,2019,1,0,,1,1,0.33871925,,33.7,28.9,24.2,13.2,73.6,20.5,2.7,26.4,50.9,29.7,90.3,35.4,61.888306,38.111694,0.3426878,452,361.6,0,1,0,1
2021,2.11.21,SB,2536,,Mississippi,MS,1,45,0,4,1,"Sen. Johnson, Chris [R]",1,0,0,1,0,0,0,0,0,,2019,1,0,,1,1,0.15161479,,37.4,26.4,22.7,13.8,68.4,25.7,3,31.6,40.4,39.3,87.9,27.8,48.081833,51.918167,0.315502,648.15,487.9,0,1,0,1
2021,2.11.21,SB,2536,,Mississippi,MS,1,46,0,4,1,"Sen. Moran, Philip [R]",1,0,0,1,0,0,0,0,0,0.776,2019,1,0,,1,1,0.19216435,,29.7,23,29.1,18.4,84.1,9.1,3.3,15.9,50.8,25.5,85.2,22,53.07506,46.92494,0.19149283,365.9,142.2,0,1,0,1
2021,2.11.21,SB ,2536,,Mississippi,MS,1,47,0,4,1,"Sen. Seymour, Joseph \Mike\"" M. [R]""",1,0,0,1,0,0,0,0,0,1.239,2019,1,0,,1,1,-0.057812322,,34,26.2,25.1,14.7,74,18.5,3.1,26,47.7,30.9,84,16.3,56.68594,43.31406,0.42644945,442.4,246.53334,0,1,0,1
2021,2.11.21,SB ,2536,,Mississippi,MS,1,48,0,4,1,"Sen. Thompson, Mike [R]",1,0,0,1,0,0,0,0,0,,2019,6598,6192,,12790,0.03174355,0.13826977,,34.2,26.6,25.8,13.4,54.2,35.9,4.7,45.8,37.2,36.2,84.7,17.1,97.333275,2.6667259,0.52366817,365.9,142.2,0,1,0,1
2021,2.11.21,SB,2536,,Mississippi,MS,1,49,0,4,1,"Sen. Carter, Joel [R]",1,0,0,1,0,0,0,0,0,1.068,2019,1,0,,1,1,0.25617167,,33.7,27.8,24,14.6,68.2,20.7,6.5,31.8,47,29.9,89.8,26.9,93.05281,6.947186,0.25236356,442.6,186,0,1,0,1
2021,2.11.21,SB ,2536,,Mississippi,MS,1,50,0,4,1,"Sen. DeLano, Scott [R]",1,0,0,1,0,0,0,0,0,0.882,2019,3629,3425,,7054,0.028919762,0.023877984,,35,26.3,24.9,13.8,66.1,19.2,5.9,33.9,48,33.2,88,23.5,66.02287,33.977127,0.07379433,442.6,186,0,1,0,1
2021,2.11.21,SB,2536,,Mississippi,MS,1,51,0,4,1,"Sen. England, Jeremy [R]",1,0,0,1,0,0,0,0,0,,2019,1,0,,1,1,0.3244755,,29.8,23,29.8,17.4,68.8,22.8,4.9,31.2,46.3,29.2,87.1,16,49.73541,50.26459,0.15214385,483.4,319.6,0,1,0,1
2021,2.11.21,SB,2536,,Mississippi,MS,1,52,0,4,1,"Sen. Wiggins, Brice [R]",1,0,0,1,0,0,0,0,0,1.055,2019,1,0,,1,1,0.33976448,,34.4,26.4,25.1,13.9,64.1,22.5,8.5,35.9,43.6,32.9,90.5,26.8,95.05883,4.941167,0.20656414,483.4,319.6,0,1,0,1
2021,3.3.21,SB ,2536,,Mississippi,MS,0,1,0,4,1,"Rep. Carpenter, Lester \Bubba\"" [R]""",1,0,0,1,0,0,0,0,0,0.685,2019,1,0,0,1,1,0.07411081,,28.3,22.1,29.1,20.3,95.1,1.8,2,4.9,55.7,20.5,82.7,13.1,3.994761,96.00524,0.14585437,614.65,498,0,1,0,0
2021,3.3.21,SB ,2536,,Mississippi,MS,0,2,0,4,1,"Rep. Bain, Nick [R]",1,0,0,1,0,0,0,0,0,0.283,2019,1,0,,1,1,0.29258364,,32.5,25.3,24.7,17.6,76.1,17,4.3,23.9,43.8,28.7,79.5,16.5,48.41969,51.58031,0.3966505,727.7,589.7,0,1,0,0
2021,3.3.21,SB,2536,,Mississippi,MS,0,3,0,4,1,"Rep. Arnold, William Tracy [R]",1,0,0,1,0,0,0,0,0,1.071,2019,5160,2289,,7449,0.38542086,0.25945583,,33.8,23.4,24.7,18.1,85.7,9.7,1.1,14.3,51.9,25.7,77.5,11.7,24.804178,75.19582,0.12832478,655.23334,516.5333,0,1,0,0
2021,3.3.21,SB,2536,,Mississippi,MS,0,4,0,4,1,"Rep. Steverson, Jody [R]",1,0,0,1,0,0,0,0,0,0.528,2019,1,0,,1,1,0.32929498,,34.8,22.7,26.5,15.8,78.2,15.8,4.6,21.8,53.9,26.7,77.2,15,15.162835,84.837166,0.17852892,710.1,590.75,0,1,0,0
2021,3.3.21,SB,2536,,Mississippi,MS,0,5,0,4,1,"Rep. Faulkner, John Gary [D]",0,1,0,0,1,0,1,0,0,-0.409,2019,1,0,,1,1,0.012566374,,31.6,26.3,26.4,15.5,37.7,59.9,1.5,62.3,39.6,39.4,78,14.3,23.364695,76.63531,0.09918175,574.7,380.9,0,1,0,0
2021,3.3.21,SB ,2536,,Mississippi,MS,0,6,0,4,1,"Rep. Criswell, Dana [R]",1,0,0,1,0,0,0,0,0,1.772,2019,1,0,,1,1,0.025293827,,35,27.2,25.9,11.8,61.1,30.1,5.2,38.9,53.6,27.4,91.8,27.2,74.751816,25.248188,0.26366493,513.6,341,0,1,0,0
2021,3.3.21,SB ,2536,,Mississippi,MS,0,7,0,4,1,"Rep. Hopkins, Steve [R]",1,0,0,1,0,0,0,0,0,1.6,2019,3740,1943,,5683,0.31620622,-0.10798072,,34.2,25.6,25.1,15.2,65.2,25.2,4.7,34.8,51.1,27.2,89.4,23.2,95.68604,4.3139606,0,513.6,341,0,1,0,0
2021,3.3.21,SB ,2536,,Mississippi,MS,0,8,0,4,1,"Rep. Lamar III, John \Trey\"" Thomas [R]""",1,0,0,1,0,0,0,0,0,,2019,1,0,,1,1,0.2166204,,35,23.8,26.1,15.3,70.6,23.4,3.1,29.4,48.7,30.5,83.1,19.6,21.746048,78.25395,0.112980165,495.7,309,0,1,0,0
2021,3.3.21,SB ,2536,,Mississippi,MS,0,9,0,4,1,"Rep. Burnett, Cedric \Bam Bam\"" [D]""",1,0,0,0,1,0,1,0,0,-0.162,2019,1,0,,1,1,0.07653501,,34.4,27.7,24,14,27.2,69.3,0.8,72.8,39.3,40.3,76.8,13.5,26.504124,73.49587,0,495.06,303.5,0,1,0,0
2021,3.3.21,SB ,2536,,Mississippi,MS,0,10,0,4,1,"Rep. Williamson, Brady [R]",1,0,0,1,0,0,0,0,0,,2019,4798,2701,2677,10176,0.20607312,0.20250306,,30,25.7,28.5,15.7,74.2,21.3,2,25.8,54.4,25,83.8,25.2,27.149887,72.85011,0.021008402,450.7,243.15,0,1,0,0
2021,3.3.21,SB,2536,,Mississippi,MS,0,11,0,4,1,"Rep. Jackson, Lataisha M. [D]",0,1,0,0,1,1,1,0,0,-0.349,2019,1,0,,1,1,-0.16246007,,37.6,25.4,24.6,12.5,31.2,66.1,1.7,68.8,36.1,39.2,76.8,12.5,22.25925,77.740746,0.106622435,552.2,375.85,0,1,0,0
2021,3.3.21,SB ,2536,,Mississippi,MS,0,12,0,4,1,"Rep. Deweese, Clay [R]",1,0,0,1,0,0,0,0,0,,2019,3074,2920,,5994,0.025692359,0.084514566,,51.8,24.9,13.2,10.3,69.8,23.4,2.5,30.2,29.2,61,91,56.1,80.033615,19.966387,0.23296447,394.2,176.3,0,1,0,0
2021,3.3.21,SB ,2536,,Mississippi,MS,0,13,0,4,1,"Rep. Massengill, Steve E. [R]",1,0,0,1,0,0,0,0,0,0.552,2019,5825,2666,,8491,0.372041,0.54668146,,32,24.9,27.5,15.6,69.7,25,3,30.3,49.3,29.7,81.5,22.7,0,100,0,643.2,478.76,0,1,0,0
2021,3.3.21,SB ,2536,,Mississippi,MS,0,14,0,4,1,"Rep. Creekmore IV, Sam J. [R]",1,0,0,1,0,0,0,0,0,,2019,1,0,,1,1,0.6735852,,32.2,26.7,24.6,16.5,75.9,16.7,4.9,24.1,49.4,29.9,77.6,14.8,26.462791,73.53721,0.14026885,829.1,663.5,0,1,0,0
2021,3.3.21,SB ,2536,,Mississippi,MS,0,15,0,4,1,"Rep. Huddleston, Mac [R]",1,0,0,1,0,0,0,0,0,0.587,2019,5371,1866,,7237,0.4843167,0.4454992,,36.2,25.5,24.3,14,77,13.8,7.9,23,49,29.3,76.3,16.1,17.351679,82.64832,0.047292504,662.8,587.6,0,1,0,0
2021,3.3.21,SB ,2536,,Mississippi,MS,0,16,0,4,1,"Rep. Thompson, Rickey W. [D]",0,1,0,0,1,0,1,0,0,,2019,2773,,2538,5311,0.5221239,-0.048869178,,37.4,25.7,24.6,12.2,32.5,63.2,2.3,67.5,33,40.4,75.8,13.5,65.768906,34.231094,0.2836209,626.7,463.56668,0,1,0,0
2021,3.3.21,SB ,2536,,Mississippi,MS,0,17,0,4,1,"Rep. Aguirre, Shane [R]",1,0,0,1,0,0,0,1,0,0.721,2019,4830,2921,,7751,0.2462908,0.32829544,,31.9,26.8,24.6,16.7,68.5,27,2.5,31.5,49.8,26.9,89.2,32.5,74.75024,25.249765,0.075888984,580.9,424.8,0,1,0,0
2021,3.3.21,SB ,2536,,Mississippi,MS,0,18,0,4,1,"Rep. Turner, Jerry R. [R]",1,0,0,1,0,0,0,0,0,0.706,2019,1,0,,1,1,0.36701116,,33.5,27.6,25.1,13.7,77.7,15.4,3,22.3,54.7,24.6,87.3,25.5,36.265694,63.734306,0.34817472,658.65,489.2,0,1,0,0
2021,3.3.21,SB ,2536,,Mississippi,MS,0,19,0,4,1,"Rep. Boyd, Randy P. [R]",1,0,0,1,0,0,0,0,0,0.956,2019,1,0,,1,1,0.60060996,,31.9,24.5,28.6,15.2,89,7.5,1.7,11,52.7,23.6,82.9,18.2,6.1074705,93.89253,0.022204952,523.85,355.4,0,1,0,0
2021,3.3.21,SB ,2536,,Mississippi,MS,0,20,0,4,1,"Rep. Brown, Chris [R]",1,0,0,1,0,0,0,0,0,1.445,2019,1,0,,1,1,0.19289869,,31.5,22.8,26.6,19.2,81.5,15.4,2.1,18.5,54,24.6,80.1,18,43.321266,56.678734,0.104166664,513.6,341,0,1,0,0
2021,3.3.21,SB ,2536,,Mississippi,MS,0,21,0,4,1,"Rep. Bell, Donnie [R]",1,0,0,1,0,0,0,0,0,,2019,1,0,,1,1,0.089552775,,34.9,24.6,23.9,16.6,88.5,7.8,2.9,11.5,50.1,26.8,78.4,13.3,19.740973,80.259026,0,498.7,333.3,0,1,0,0
2021,3.3.21,SB,2536,,Mississippi,MS,0,22,0,4,1,"Rep. Lancaster, Jon [R]",1,0,0,1,0,0,0,0,0,,2019,4630,3913,,8543,0.08392836,0.025699873,,33.8,23.6,26.5,16.3,56.8,37.9,3.7,43.2,46.1,33.8,73.8,13.1,12.076663,87.92334,0.2512563,654,517.8333,0,1,0,0
2021,3.3.21,SB,2536,,Mississippi,MS,0,23,0,4,1,"Rep. Beckett, Charles [R]",1,0,0,1,0,0,0,0,0,0.886,2019,1,0,,1,1,0.47597337,,32.5,23.2,26,18.4,70.4,23.7,4,29.6,49.4,24.3,80.5,14.5,11.780155,88.21984,0.07976299,642.25,507.925,0,1,0,0
2021,3.3.21,SB ,2536,,Mississippi,MS,0,24,0,4,1,"Rep. Hale, Jeff [R]",1,0,0,1,0,0,0,0,0,0.854,2019,1,0,,1,1,0.22460225,,36,27.6,24.7,11.6,70,21.9,3.8,30,55.1,27.6,92.8,30.3,41.71522,58.28478,0.505145,513.6,341,0,1,0,0
2021,3.3.21,SB ,2536,,Mississippi,MS,0,25,0,4,1,"Rep. Eubanks, Dan [R]",1,0,0,1,0,0,0,0,0,,2019,1,0,,1,1,0.10587344,,33,27,28.5,11.6,61.9,29.5,6.6,38.1,45.9,33,87.3,18.3,43.69107,56.30893,0,513.6,341,0,1,0,0
2021,3.3.21,SB ,2536,,Mississippi,MS,0,26,0,4,1,"Rep. Paden, Orlando [D]",0,1,0,0,1,0,1,0,0,-0.677,2019,1,0,,1,1,0.104946464,,37.6,23.6,24.4,14.5,21.6,77.1,0.2,78.4,32.1,43.2,78.4,17.7,77.58691,22.413094,0,486.13333,259.43332,0,1,0,0
2021,3.3.21,SB ,2536,,Mississippi,MS,0,27,0,4,1,"Rep. Walker, Kenneth [D]",0,1,0,0,1,0,1,0,0,-0.493,2019,1,0,,1,1,-0.23880656,,36.4,24.2,22.7,16.8,24.7,68,4.6,75.3,34.7,40.7,77.3,14,23.558897,76.4411,0.1884659,612.625,455.5,0,1,0,0
2021,3.3.21,SB ,2536,,Mississippi,MS,0,28,0,4,1,"Rep. Darnell, Jerry [R]",1,0,0,1,0,0,0,0,0,,2019,6894,1202,,8096,0.70306325,0.6595344,,34.2,24.8,26.3,14.8,83.7,11.1,3,16.3,59.1,23.8,91.2,27.6,62.462208,37.537792,0.11168647,513.6,341,0,1,0,0
2021,3.3.21,SB ,2536,,Mississippi,MS,0,29,0,4,1,"Rep. Hudson Jr., Abe Marshall [D]",0,1,0,0,1,0,1,0,0,-0.312,2019,1,0,,1,1,-0.26937225,,37.5,24.8,23.2,14.4,27,69,2.2,73,30.8,46.2,76.5,22.5,45.16656,54.83344,0.35474005,465.3,258.6,0,1,0,0
2021,3.3.21,SB ,2536,,Mississippi,MS,0,31,0,4,1,"Rep. Anthony II, Otis L. [D]",0,1,0,0,1,0,1,0,0,,2019,1,0,,1,1,0.08959036,,37,24.3,24.2,14.6,24,72.3,3,76,33.3,44.7,75.3,19.2,68.19385,31.806154,0.046964895,465.3,258.6,0,1,0,0
2021,3.3.21,SB ,2536,,Mississippi,MS,0,32,0,4,1,"Rep. Osborne, Solomon [D]",0,1,0,0,1,0,1,0,0,,2019,3053,1064,562,4679,0.42509082,-0.03899406,,41.2,24.9,22.2,11.8,13.2,82.5,2.8,86.8,21.6,57,76.9,11.9,84.87006,15.129939,0,606.4,300.7,0,1,0,0
2021,3.3.21,SB ,2536,,Mississippi,MS,0,34,0,4,1,"Rep. Horan, Kevin [R]",1,0,0,1,0,0,0,0,0,,2019,1,0,,1,1,0.40099454,,33.8,23.7,26.1,16.4,39,59.3,1.1,61,39.6,37.2,78.9,18.6,43.359245,56.640755,0.16237532,644.8,466.125,0,1,0,0
2021,3.3.21,SB,2536,,Mississippi,MS,0,35,0,4,1,"Rep. Hood, Joey [R]",1,0,0,1,0,0,0,0,0,1.04,2019,1,0,,1,1,0.3793913,,31.5,22.3,27,19.2,67.7,29.7,1.4,32.3,47.3,30,82,17.5,12.668001,87.332,0,614.3,474.1,0,1,0,0
2021,3.3.21,SB,2536,,Mississippi,MS,0,36,0,4,1,"Rep. Gibbs, Karl [D]",1,0,0,0,1,0,1,0,0,-0.352,2019,5754,1648,,7402,0.5547149,-0.19701913,,33,23.8,26.2,16.8,30.3,67.9,0.8,69.7,39.8,37.1,78.7,16.1,36.158607,63.841393,0,667.325,421.375,0,1,0,0
2021,3.3.21,SB ,2536,,Mississippi,MS,0,37,0,4,1,"Rep. Wright, Lynn [R]",1,0,0,1,0,0,0,0,0,,2020,1576,909,,2485,0.26841047,0.21158388,,32,25.5,27,15.4,68.1,29.2,1.8,31.9,52.3,29.6,86.6,24.1,71.00206,28.997938,0.04381641,752.9,425.7,0,1,0,0
2021,3.3.21,SB,2536,,Mississippi,MS,0,38,0,4,1,"Rep. Taylor, Cheikh A. [D]",0,1,0,0,1,0,1,0,0,-0.856,2019,1,0,,1,1,-0.14734805,,38.9,27,22,12,38.3,55.4,1.5,61.7,35.9,46.5,86.4,35.7,42.78734,57.21266,0,737.5,389.73334,0,1,0,0
2021,3.3.21,SB,2536,,Mississippi,MS,0,39,0,4,1,"Rep. Underwood McLean, Dana [R]",1,0,0,1,0,1,0,0,0,,2019,1,0,,1,1,0.49265102,,32.9,26.5,26.1,14.5,72.5,22,1.9,27.5,55.8,26.3,88.9,29.1,42.35179,57.64821,0.1817631,686.5,415.1,0,1,0,0
2021,3.3.21,SB ,2536,,Mississippi,MS,0,40,0,4,1,"Rep. Jackson-McCray, Hester [D]",1,0,0,0,1,1,1,0,0,,2019,1553,1539,,3092,0.004527814,0.23308118,,36.2,29.3,23.3,11.1,47.6,41.6,6.8,52.4,38.3,35.5,83.3,13.9,91.433464,8.566533,0,513.6,341,0,1,0,0
2021,3.3.21,SB ,2536,,Mississippi,MS,0,41,0,4,1,"Rep. Karriem, Kabir [D]",0,1,0,0,1,0,1,0,0,-1.19,2019,1,0,,1,1,-0.014285704,,35,24,24.3,16.8,25.7,71.1,1.5,74.3,27.2,46.4,81,16.7,91.1639,8.836095,0.19170861,842.4,449.6,0,1,0,0
2021,3.3.21,SB ,2536,,Mississippi,MS,0,42,0,4,1,"Rep. Mickens, Carl [D]",0,1,0,0,1,0,1,0,0,-0.12,2019,1,0,,1,1,0.09031589,,34,22.8,26.8,16.6,28.6,69.7,0.8,71.4,41.3,36.9,74.3,13.7,13.146458,86.85354,0.25074628,594.625,358.9,0,1,0,0
2021,3.3.21,SB ,2536,,Mississippi,MS,0,43,0,4,1,"Rep. Roberson, Rob [R]",1,0,0,1,0,0,0,0,0,0.663,2019,1,0,,1,1,0.42084354,,55.9,20.4,13.4,10.3,70.6,23.1,1.8,29.4,30.2,60.1,94.9,50.5,20.207254,79.79275,0,484.4,272.7,0,1,0,0
2021,3.3.21,SB,2536,,Mississippi,MS,0,44,0,4,1,"Rep. Bounds, C. Scott [R]",1,0,0,1,0,0,0,0,0,0.825,2019,1,0,,1,1,0.3997877,,36.4,23.6,23.7,16.3,64.2,14.5,1.8,35.8,45,28.8,78.3,13.1,33.888374,66.111626,0,595.85,442.05,0,1,0,0
2021,3.3.21,SB ,2536,,Mississippi,MS,0,45,0,4,1,"Rep. Evans, Michael T. [D]",1,0,0,0,1,0,0,0,0,0.149,2019,1,0,,1,1,0.14878689,,34.8,22.3,26.4,16.4,36,57.1,1.6,64,33.8,39.1,82.4,12.3,10.59246,89.40754,0,605.575,411.25,0,1,0,0
2021,3.3.21,SB ,2536,,Mississippi,MS,0,46,0,4,1,"Rep. Oliver, Karl [R]",1,0,0,1,0,0,0,0,0,0.937,2019,1,0,,1,1,0.30708897,,28.5,22.7,27.8,21,64.2,33.1,0.7,35.8,53.1,24.6,82.5,22.2,36.116375,63.883625,0.14032815,668.18,470.14,0,1,0,0
2021,3.3.21,SB,2536,,Mississippi,MS,0,47,0,4,1,"Rep. Clark, Bryant Wandrick [D]",0,1,0,0,1,0,1,0,0,-0.896,2019,1,0,,1,1,0.043041587,,31.2,30.6,25,13.3,24.9,68.7,5.1,75.1,27,51,75.8,12.4,32.014935,67.98507,0.041771095,513.1,317.43332,0,1,0,0
2021,3.3.21,SB ,2536,,Mississippi,MS,0,48,0,4,1,"Rep. White, Jason M. [R]",1,0,0,1,0,0,0,0,0,0.645,2019,1,0,,1,1,0.3198383,,31.1,23.8,27.6,17.6,62.6,30.4,2.2,37.4,48.1,27.6,77.9,13,17.280968,82.71903,0.13780431,561.1,385.975,0,1,0,0
2021,3.3.21,SB ,2536,,Mississippi,MS,0,50,0,4,1,"Rep. Hines Sr., John W [D]",0,1,0,0,1,0,1,0,0,-0.663,2019,1,0,,1,1,0.0836648,,35.1,22.6,26.5,15.7,26.5,71,1.6,73.5,34.6,40.8,76.2,16.7,85.60761,14.392388,0,482.4,280.03333,0,1,0,0
2021,3.3.21,SB ,2536,,Mississippi,MS,0,51,0,4,1,"Rep. Straughter, Rufus \Pete\"" E. [D]""",0,1,0,0,1,0,1,0,0,-0.664,2019,1,0,,1,1,-0.15887125,,38.3,22.9,24.9,14,17.4,77.1,3.7,82.6,26,49.9,70.9,13.8,46.630238,53.369762,0.04899559,512.28,299.1,0,1,0,0
2021,3.3.21,SB,2536,,Mississippi,MS,0,52,0,4,1,"Rep. Kinkade, Bill [R]",1,0,0,1,0,0,0,0,0,0.71,2019,1,0,,1,1,0.27188027,,32.1,26.9,28.2,12.6,61.5,30.3,5.9,38.5,54.6,28.6,88,19.4,72.863625,27.136374,0.09374023,549.8,334.9,0,1,0,0
2021,3.3.21,SB ,2536,,Mississippi,MS,0,53,0,4,1,"Rep. Mangold, Vince [R]",1,0,0,1,0,0,0,0,0,0.841,2019,5665,2944,,8609,0.3160646,0.06351485,,34.6,22,27.2,16.2,66.2,32.4,1.1,33.8,47,30.7,86,14.7,19.506393,80.49361,0.06308485,661.65,531.375,0,1,0,0
2021,3.3.21,SB,2536,,Mississippi,MS,0,54,0,4,1,"Rep. Ford, Kevin [R]",1,0,0,1,0,0,0,0,0,0.577,2019,1,0,,1,1,0.27561197,,30.6,24.2,27.4,17.7,74.7,23.8,1.2,25.3,53.9,26.6,90.2,25.3,39.947216,60.052784,0,438.66666,255.5,0,1,0,0
2021,3.3.21,SB,2536,,Mississippi,MS,0,55,0,4,1,"Rep. Denton, Oscar [D]",0,1,0,0,1,0,1,0,0,-0.559,2019,1,0,,1,1,0.09061683,,36.8,23.6,24.9,14.9,27.9,67.9,2.3,72.1,35.6,41,83,21.5,82.2141,17.785894,0,675.7,413.6,0,1,0,0
2021,3.3.21,SB,2536,,Mississippi,MS,0,56,0,4,1,"Rep. Gunn, Philip [R]",1,0,0,1,0,0,0,0,0,0.917,2019,6455,3585,,10040,0.28585657,0.015141871,,32.4,23.7,26.7,17.3,61.2,28.7,4.9,38.8,55.6,26.4,93,46.5,46.863705,53.136295,0.24664879,690.95,390.05,0,1,0,0
2021,3.3.21,SB ,2536,,Mississippi,MS,0,57,0,4,1,"Rep. Blackmon Jr., Edward [D]",0,1,0,0,1,0,1,0,0,-0.482,2019,1,0,,1,1,0.06046502,,37.1,25.9,24.9,12,20.2,72.7,5.1,79.8,38.2,42.4,80.4,19.6,58.345497,41.654503,0,616.8,371.6,0,1,0,0
2021,3.3.21,SB ,2536,,Mississippi,MS,0,58,0,4,1,"Rep. Bomgar, Joel [R]",1,0,0,1,0,0,0,0,0,1.581,2019,1,0,,1,1,0.35829636,,32.7,25.8,29.4,12.2,80.7,11,1.9,19.3,62.9,23.4,98.3,60.8,97.971756,2.0282476,0,616.8,371.6,0,1,0,0
2021,3.3.21,SB ,2536,,Mississippi,MS,0,59,0,4,1,"Rep. Powell, Brent [R]",1,0,0,1,0,0,0,0,0,0.72,2019,1,0,,1,1,0.5109487,,30.5,33.5,24.6,11.3,77.8,14,3.2,22.2,58.2,23.2,96.1,46.6,85.627396,14.3726015,0.6867542,540.5,413.5,0,1,0,0
2021,3.3.21,SB,2536,,Mississippi,MS,0,60,0,4,1,"Rep. Shanks, Fred L. [R]",1,0,0,1,0,0,0,0,0,0.594,2019,1,0,,1,1,0.26060635,,31.5,30.6,26.1,11.7,70.4,26.9,1.6,29.6,50.8,29.9,85.4,24.7,50.12221,49.87779,0.62376237,540.5,413.5,0,1,0,0
2021,3.3.21,SB,2536,,Mississippi,MS,0,61,0,4,1,"Rep. Newman, Gene [R]",1,0,0,1,0,0,0,0,0,,2019,1,0,,1,1,0.039343566,,35.8,28.4,21.4,14.5,66.2,26.7,4.9,33.8,44.5,33,87.6,18.5,93.87036,6.1296425,0.14700894,540.5,413.5,0,1,0,0
2021,3.3.21,SB,2536,,Mississippi,MS,0,62,0,4,1,"Rep. Weathersby, Tom [R]",1,0,0,1,0,0,0,0,0,0.53,2019,1,0,,1,1,0.39671087,,33.8,24.2,26.2,15.8,79.8,15.3,3.8,20.2,55.5,23.5,87.8,16.7,39.91629,60.08371,0.63714904,660.76666,499.73334,0,1,0,0
2021,3.3.21,SB ,2536,,Mississippi,MS,0,64,0,4,1,"Rep. Yates, Shanda M. [D]",0,1,0,0,1,1,0,0,0,,2019,4504,4336,,8840,0.019004526,0.18017687,,30.3,31.9,21.3,16.5,55.8,38.4,3.5,44.2,43.6,38,96.4,56.5,99.424736,0.5752637,0.35878015,690.95,390.05,0,1,0,0
2021,3.3.21,SB ,2536,,Mississippi,MS,0,65,0,4,1,"Rep. Bell, Christopher [D]",0,1,0,0,1,0,1,0,0,-1.102,2019,1,0,,1,1,-0.37585086,,31.3,33.9,22.8,12.1,16.4,80.9,1.6,83.6,30.4,45.4,88.5,29.3,100,0,0.45966947,765.1,408.5,0,1,0,0
2021,3.3.21,SB ,2536,,Mississippi,MS,0,66,0,4,1,"Rep. Stamps, De'Keither [D]",1,0,0,0,1,0,1,0,0,,2019,1,0,,1,1,0.16566902,,34.7,24.1,28.6,12.5,25.3,73.7,0.5,74.7,45.9,35.5,92,22.4,100,0,0,765.1,408.5,0,1,0,0
2021,3.3.21,SB ,2536,,Mississippi,MS,0,68,0,4,1,"Rep. Summers, Zakiya [D]",0,1,0,0,1,1,1,0,0,,2019,4562,1671,,6233,0.4638216,-0.13284211,,35.9,26.8,26.3,11.1,23.2,74.7,0.8,76.8,30.1,44.9,83.1,16.7,94.28736,5.712637,0.17642519,652.8,411,0,1,0,0
2021,3.3.21,SB ,2536,,Mississippi,MS,0,69,0,4,1,"Rep. Clarke, Alyce Griffin [D]",0,1,0,0,1,1,1,0,0,-0.603,2019,1,0,,1,1,-0.34995142,,48,22.8,19.9,9.4,8.6,88.7,1.5,91.4,21.3,59.2,80.9,17.8,100,0,0.5982781,765.1,408.5,0,1,0,0
2021,3.3.21,SB ,2536,,Mississippi,MS,0,73,0,4,1,"Rep. Ford, Jill [R]",1,0,0,1,0,1,0,0,0,,2019,10195,3622,,13817,0.47571832,0.20068917,,32.6,25.6,29.2,12.6,75,20.6,0.6,25,70.4,18.5,97.3,65.9,59.066025,40.933975,0.045863144,616.8,371.6,0,1,0,0
2021,3.3.21,SB,2536,,Mississippi,MS,0,74,0,4,1,"Rep. Yancey, Lee [R]",1,0,0,1,0,0,0,0,0,1.09,2019,7619,2230,,9849,0.5471622,0.37226215,,27.3,25.1,28.2,19.3,78.8,17.1,1.3,21.2,61.7,20.8,92.6,40.7,50.225063,49.774937,0.3934741,540.5,413.5,0,1,0,0
2021,3.3.21,SB,2536,,Mississippi,MS,0,75,0,4,1,"Rep. Miles, Tom [D]",1,0,0,0,1,0,0,0,0,0.087,2019,4237,3256,,7493,0.1309222,0.012805124,,32.1,27.3,25.3,15.5,57.5,30.9,10.3,42.5,47.7,30.4,77.3,14.2,32.369747,67.63025,0,604.76666,441.4,0,1,0,0
2021,3.3.21,SB,2536,,Mississippi,MS,0,77,0,4,1,"Rep. Wallace, Price [R]",1,0,0,1,0,0,0,0,0,,2019,1,0,,1,1,0.37169403,,32.3,26.3,24.5,16.9,67.1,29.9,1.6,32.9,44.4,28.1,80.1,12.4,15.45807,84.54193,0.012030799,714.8,568.15,0,1,0,0
2021,3.3.21,SB ,2536,,Mississippi,MS,0,78,0,4,1,"Rep. Rushing, Randal \Randy\"" [R]""",1,0,0,1,0,0,0,0,0,1.055,2019,4685,3192,,7877,0.18953916,0.7519342,,37.9,21.6,25.4,14.9,55.8,35.3,2.6,44.2,45.6,32.5,77.4,13.3,3.5832987,96.4167,0.021526208,598.3,484.63333,0,1,0,0
2021,3.3.21,SB,2536,,Mississippi,MS,0,79,0,4,1,"Rep. Tullos, Mark K. [R]",1,0,0,1,0,0,0,0,0,0.703,2019,1,0,,1,1,0.34657717,,32.8,22.3,26.9,17.8,64.6,33.4,1.1,35.4,52.9,27.8,81.8,13,0,100,0,528.4,421.475,0,1,0,0
2021,3.3.21,SB ,2536,,Mississippi,MS,0,80,0,4,1,"Rep. Scott, Omeria [D]",0,1,0,0,1,1,1,0,0,-0.635,2019,1,0,,1,1,-0.19859071,,34.2,24.2,25.4,16.1,23.6,70.2,4.3,76.4,34.2,39.4,77.8,15.4,50.39309,49.60691,0,626.9,474.96667,0,1,0,0
2021,3.3.21,SB,2536,,Mississippi,MS,0,81,0,4,1,"Rep. Horne, Stephen \Steve\"" A. [R]""",1,0,0,1,0,0,0,0,0,1.301,2019,1,0,,1,1,0.26835725,,30.6,26.4,26.6,16.5,72.3,22.8,3.5,27.7,49.5,30.6,83.5,16.2,6.323017,93.67699,0,650.6,491.9,0,1,0,0
2021,3.3.21,SB ,2536,,Mississippi,MS,0,82,0,4,1,"Rep. Young Jr., Charles [D]",0,1,0,0,1,0,1,0,0,-0.465,2019,1,0,,1,1,-0.29855254,,36.3,24.6,25.9,13.2,16.5,81.2,1.6,83.5,31.3,40.1,79.8,9.9,100,0,0.06929207,758.3,504.1,0,1,0,0
2021,3.3.21,SB ,2536,,Mississippi,MS,0,83,0,4,1,"Rep. Calvert, Billy Adam [R]",1,0,0,1,0,0,0,0,0,,2019,1,0,,1,1,0.24892236,,31.5,25.3,24.2,18.9,72.2,24.3,1.9,27.8,55.7,25.1,92.9,33.1,71.475044,28.524958,0,558.13336,385.9,0,1,0,0
2021,3.3.21,SB ,2536,,Mississippi,MS,0,84,0,4,1,"Rep. Smith, Troy [R]",1,0,0,1,0,0,0,0,0,,2019,5859,3011,,8870,0.3210823,0.2910586,,30.3,24.5,25.9,19.4,64.5,33.6,1.4,35.5,51.1,26.5,84.9,15,13.2402935,86.759705,0.10437324,553.3333,435.3,0,1,0,0
2021,3.3.21,SB,2536,,Mississippi,MS,0,85,0,4,1,"Rep. Harness, Jeffery [D]",0,1,0,0,1,0,1,0,0,,2019,1,0,,1,1,0.12168132,,32.6,23.8,27,16.6,29.1,68.7,1.2,70.9,36.7,41.4,80.9,18.4,9.529489,90.47051,0.1604146,463.825,292.75,0,1,0,0
2021,3.3.21,SB ,2536,,Mississippi,MS,0,86,0,4,1,"Rep. Barnett, Shane [R]",1,0,0,1,0,0,0,0,0,0.813,2019,1,0,,1,1,0.3381138,,34.1,24.6,25.3,16,60,38.7,0.3,40,48.7,28.3,79.5,15,19.871008,80.12899,0,503.66666,412.1,0,1,0,0
2021,3.3.21,SB ,2536,,Mississippi,MS,0,87,0,4,1,"Rep. Tubb, Joseph [R]",1,0,0,1,0,0,0,0,0,,2020,903,666,,1569,0.15105163,0.29282388,,35.2,30.5,22.9,11.5,71.2,21.9,4.8,28.8,48.7,32.5,89.4,34.9,15.620246,84.37975,0.5072137,582.85,423.55,0,1,0,0
2021,3.3.21,SB ,2536,,Mississippi,MS,0,89,0,4,1,"Rep. Scoggin, Donnie [R]",1,0,0,1,0,0,0,0,0,0.758,2019,1,0,,1,1,0.6493671,,35.7,24.4,22.8,17,71.2,22.1,4.7,28.8,47,30.5,86.5,25.8,53.896233,46.103767,0.198939,750.4,573.7,0,1,0,0
2021,3.3.21,SB,2536,,Mississippi,MS,0,90,0,4,1,"Rep. Sanford, Noah [R]",1,0,0,1,0,0,0,0,0,0.72,2019,1,0,,1,1,0.2961939,,34.1,22.5,27.1,16.5,65,33.2,0.6,35,44.7,29.5,80,17.9,1.0961449,98.903854,0.023164233,692.38,513,0,1,0,0
2021,3.3.21,SB ,2536,,Mississippi,MS,0,92,0,4,1,"Rep. Currie, Becky [R]",1,0,0,1,0,1,0,0,0,1.247,2019,1,0,,1,1,0.44237977,,32.5,25,24.8,17.8,76.4,20.7,1.8,23.6,52.9,28.5,87.2,17.3,24.214142,75.78586,0.2609189,611.73334,480.66666,0,1,0,0
2021,3.3.21,SB ,2536,,Mississippi,MS,0,93,0,4,1,"Rep. Ladner, Timmy [R]",1,0,0,1,0,0,0,0,0,1.062,2019,1,0,,1,1,0.21640204,,30.5,23.9,29,16.6,77.4,16.6,2.9,22.6,51.2,27.9,79,13,3.3344176,96.66558,0.23632282,440.06668,259.1,0,1,0,0
2021,3.3.21,SB ,2536,,Mississippi,MS,0,94,0,4,1,"Rep. Johnson III, Robert L [D]",0,1,0,0,1,0,1,0,0,-0.62,2019,1,0,,1,1,-0.11436083,,29.3,27,28.8,14.8,24.8,66.7,6.5,75.2,28.3,47.3,73.7,14.3,73.90184,26.098162,0.07124198,637.3333,349.96667,0,1,0,0
2021,3.3.21,SB ,2536,,Mississippi,MS,0,95,0,4,1,"Rep. McKnight, Jay [R]",1,0,0,1,0,0,0,0,0,,2019,1,0,,1,1,0.22535741,,30,25.5,27,17.5,90.3,3.9,3.6,9.7,57.6,22.8,86.5,21.6,65.353264,34.64674,0.27642128,365.9,142.2,0,1,0,0
2021,3.3.21,SB ,2536,,Mississippi,MS,0,97,0,4,1,"Rep. Mims V, Sam C. [R]",1,0,0,1,0,0,0,0,0,1.048,2019,6866,2402,,9268,0.48165733,0.30350205,,30.7,21.4,24.8,23.2,65.8,31.3,2,34.2,51.3,24.2,85.7,22.2,33.76796,66.23204,0.06507592,681.375,461.425,0,1,0,0
2021,3.3.21,SB ,2536,,Mississippi,MS,0,98,0,4,1,"Rep. Porter Jr., Daryl L. [D]",0,1,0,0,1,0,1,0,0,,2019,1,0,,1,1,0.033429433,,37.2,24.2,24.9,13.9,31,66.2,1.3,69,35.9,40.9,79.1,12,46.117317,53.882683,0.17652251,582.25,436.6,0,1,0,0
2021,3.3.21,SB,2536,,Mississippi,MS,0,99,0,4,1,"Rep. Pigott, Bill [R]",1,0,0,1,0,0,0,0,0,0.797,2019,1,0,,1,1,0.36879808,,32.6,21.9,28.7,16.6,67.7,30.1,1.1,32.3,50.5,27.6,80.2,13.5,2.0943708,97.90563,0.44521663,576.7,463.325,0,1,0,0
2021,3.3.21,SB ,2536,,Mississippi,MS,0,100,0,4,1,"Rep. Morgan, Ken [R]",1,0,0,1,0,0,0,0,0,0.73,2019,1,0,,1,1,0.50858134,,31.3,24.8,25.3,18.5,68.6,27.7,1.9,31.4,48,28.4,82.2,14.9,26.80924,73.19076,0,614.1,466.05,0,1,0,0
2021,3.3.21,SB,2536,,Mississippi,MS,0,101,0,4,1,"Rep. McCarty, Kent [R]",1,0,0,1,0,0,0,0,0,,2019,1,0,,1,1,0.25682956,,33.4,28.8,24.9,13,81,15.2,0.8,19,57.4,26.1,92.1,41.6,66.13673,33.863274,0.2925504,452,361.6,0,1,0,0
2021,3.3.21,SB ,2536,,Mississippi,MS,0,103,0,4,1,"Rep. Watson, Percy W. [D]",0,1,0,0,1,0,1,0,0,-0.567,2019,1,0,,1,1,-0.26399207,,38.2,27.9,23,11,19,76.2,2.3,81,26.6,47.9,79.9,17,82.72291,17.277092,0,713.7,485.5,0,1,0,0
2021,3.3.21,SB,2536,,Mississippi,MS,0,104,0,4,1,"Rep. Byrd, Larry [R]",1,0,0,1,0,0,0,0,0,0.793,2019,1,0,,1,1,0.27063027,,35.9,24,24.1,15.9,81.4,11.7,3.9,18.6,52.4,24.9,89.4,25.9,44.72405,55.27595,0.4797889,713.7,485.5,0,1,0,0
2021,3.3.21,SB ,2536,,Mississippi,MS,0,105,0,4,1,"Rep. Goodin, Dale [R]",1,0,0,1,0,0,0,0,0,,2019,6026,1493,,7519,0.6028727,0.3759707,,29.6,27.4,28.8,14.2,77.3,19.7,1.6,22.7,49.1,28.2,79,9.8,0,100,0,460.66666,376.5,0,1,0,0
2021,3.3.21,SB,2536,,Mississippi,MS,0,106,0,4,1,"Rep. Owen, Jansen [R]",1,0,0,1,0,0,0,0,0,,2019,1,0,,1,1,0.123064004,,32.3,21.7,29.2,16.8,82.7,12.5,1.8,17.3,51.1,26.1,84.8,13.5,14.42342,85.57658,0.04386927,540.9,403.25,0,1,0,0
2021,3.3.21,SB ,2536,,Mississippi,MS,0,107,0,4,1,"Rep. McLeod, Doug [R]",1,0,0,1,0,0,0,0,0,0.695,2019,1,0,,1,1,0.24338502,,34.6,24.7,24.8,16,84.3,10.8,3.2,15.7,48.3,30.8,82.1,12.8,16.133793,83.86621,0.7624709,438.75,315.9,0,1,0,0
2021,3.3.21,SB ,2536,,Mississippi,MS,0,108,0,4,1,"Rep. Hobgood-Wilkes, Stacey [R]",1,0,0,1,0,1,0,0,0,1.319,2019,1,0,,1,1,0.6064935,,32.8,23.9,25.3,18.1,78.2,16.5,3.2,21.8,55.2,24,84.4,18.7,47.183727,52.816273,0,629.8,444.9,0,1,0,0
2021,3.3.21,SB ,2536,,Mississippi,MS,0,109,0,4,1,"Rep. Barton, Manly [R]",1,0,0,1,0,0,0,0,0,0.608,2019,1,0,,1,1,0.7275496,,36.4,22.5,27.2,14,91.2,5.3,0.7,8.8,54.5,25.1,86.8,16.6,16.240503,83.7595,0.1728822,479.85,358.7,0,1,0,0
2021,3.3.21,SB ,2536,,Mississippi,MS,0,110,0,4,1,"Rep. Anderson, Jeramey [D]",0,1,0,0,1,0,1,0,0,-0.673,2019,1,0,,1,1,0.06468937,,30.5,26.1,27.5,15.8,24.1,63.2,9.6,75.9,31,42.5,83.7,12.6,98.5814,1.418602,0,483.4,319.6,0,1,0,0
2021,3.3.21,SB ,2536,,Mississippi,MS,0,111,0,4,1,"Rep. Busby, Charles [R]",1,0,0,1,0,0,0,0,0,0.807,2019,1,0,,1,1,0.5971031,,28.3,26.3,28.6,16.8,78.9,11.6,5.7,21.1,47.2,30.5,91.2,19.3,92.34805,7.65195,0.47491226,483.4,319.6,0,1,0,0
2021,3.3.21,SB,2536,,Mississippi,MS,0,112,0,4,1,"Rep. Read, John O. [R]",1,0,0,1,0,0,0,0,0,0.549,2019,1,0,,1,1,0.43263727,,35.2,24.2,25.6,14.8,60.3,26.2,9.4,39.7,47.1,29.8,87,23.1,60.56674,39.43326,0,483.4,319.6,0,1,0,0
2021,3.3.21,SB,2536,,Mississippi,MS,0,113,0,4,1,"Rep. Zuber III, Henry \Hank\"" B. [R]""",1,0,0,1,0,0,0,0,0,0.665,2019,1,0,,1,1,0.30837283,,32.7,24.8,26.7,15.7,78.4,7.2,7.4,21.6,46.7,27,92.8,32.9,95.86769,4.132308,0.3668883,483.4,319.6,0,1,0,0
2021,3.3.21,SB ,2536,,Mississippi,MS,0,114,0,4,1,"Rep. Guice, Jeffrey \Jeff\"" S. [R]""",1,0,0,1,0,0,0,0,0,1.13,2019,3589,1202,,4791,0.49822584,0.25655267,,32.4,29.9,24.8,12.9,77.3,12.3,3.8,22.7,45.6,32.4,89.4,18.7,64.87678,35.12322,0.47841802,483.4,319.6,0,1,0,0
2021,3.3.21,SB ,2536,,Mississippi,MS,0,115,0,4,1,"Rep. Patterson, Randall H. [R]",1,0,0,1,0,0,0,0,0,,2019,1883,1725,,3608,0.043791573,0.08725558,,40.6,27,19.7,12.7,52.6,28.7,7.5,47.4,36,43.9,86.4,21.1,100,0,0.1319529,442.6,186,0,1,0,0
2021,3.3.21,SB,2536,,Mississippi,MS,0,116,0,4,1,"Rep. Eure, Casey [R]",1,0,0,1,0,0,0,0,0,1.041,2019,1,0,,1,1,0.4912886,,31.6,24.8,31.1,12.5,79.2,10.2,3.9,20.8,58.8,24.4,88.5,22.2,73.63745,26.36255,0.24696237,442.6,186,0,1,0,0
2021,3.3.21,SB ,2536,,Mississippi,MS,0,117,0,4,1,"Rep. Felsher, Kevin W. [R]",1,0,0,1,0,0,0,0,0,,2019,4164,2368,,6532,0.27495408,0.25489756,,29,27.5,24.3,19.2,63.7,22,7.6,36.3,46.6,29.7,89.7,28.2,99.99192,0.008077544,0.16188122,442.6,186,0,1,0,0
2021,3.3.21,SB ,2536,,Mississippi,MS,0,118,0,4,1,"Rep. Haney, Greg [R]",1,0,0,1,0,0,0,0,0,0.578,2019,1,0,,1,1,0.15632941,,38.1,26.2,23.2,12.4,59.7,30.2,5.7,40.3,44.3,33.1,91.4,29.8,97.96405,2.035947,0,442.6,186,0,1,0,0
2021,3.3.21,SB,2536,,Mississippi,MS,0,119,0,4,1,"Rep. Williams-Barnes, Sonya [D]",0,1,0,0,1,1,1,0,0,-0.687,2019,1,0,,1,1,-0.41471714,,34.8,31,23.2,11,30.7,59.6,5.1,69.3,26.7,45.1,78.9,10.4,99.065315,0.934681,0.4700721,442.6,186,0,1,0,0
2021,3.3.21,SB,2536,,Mississippi,MS,0,120,0,4,1,"Rep. Bennett, Richard [R]",1,0,0,1,0,0,0,0,0,0.874,2019,1,0,,1,1,0.5181258,,32.8,23.1,27.8,16.3,76.5,12.9,5.3,23.5,44.6,30.3,90.2,22.2,99.66004,0.3399554,0.655308,442.6,186,0,1,0,0
2021,3.3.21,SB,2536,,Mississippi,MS,0,121,0,4,1,"Rep. Crawford, Carolyn [R]",1,0,0,1,0,1,0,0,0,0.923,2019,1,0,,1,1,0.37480956,,31.9,26.1,26.9,15.1,72.1,18.9,3.9,27.9,51.4,26.1,86.8,24.8,39.96135,60.03865,0.45140222,442.6,186,0,1,0,0
2021,3.3.21,SB,2536,,Mississippi,MS,0,122,0,4,1,"Rep. Anderson, Brent [R]",1,0,0,1,0,0,0,0,0,,2019,4048,1936,,5984,0.3529412,0.3979826,,31.3,22.8,27.8,18.1,79.5,12.1,4.7,20.5,41,28.3,85.1,23.5,85.526924,14.473072,0.08024967,289.2,98.4,0,1,0,0
2023,45008,SB,39,25-8,Missouri,MO,1,1,0,4,1,"Sen. Beck, Doug [D]",1,0,0,0,1,0,0,0,0,-1.282,2020,54095,43495,,97590,0.108617686,0.15902887,32.4,28.9,25.7,27.9,17.4,88.7,4.6,2.4,11.3,50.1,30.4,92.9,39.3,99.868004,0.13199404,0.34634516,507.4,130.5,0,1,1,1
2023,45008,SB,39,25-8,Missouri,MO,1,2,0,4,1,"Sen. Schroer, Nick [R]",1,0,0,1,0,0,0,0,0,1.479,2022,42448,24909,,67357,0.26038867,0.24782212,31.6,34,26.5,26.3,13.4,88.8,3.8,3.1,11.2,58.8,25.5,94.9,37.2,74.96606,25.033941,0.33415723,496.5,145,0,1,1,1
2023,45008,SB,39,25-8,Missouri,MO,1,3,0,4,1,"Sen. Gannon, Elaine Freeman [R]",1,0,0,1,0,1,0,0,0,0.901,2020,65686,,,65686,1,0.33272108,30.4,29.8,24.8,28.3,17.1,94,2.5,1.5,6,53.2,25,84,13.6,31.496689,68.50331,0.11415699,371.58,192.34,0,1,1,1
2023,45008,SB,39,25-8,Missouri,MO,1,4,0,4,1,"Sen. May, Karla [D]",0,1,0,0,1,1,1,0,0,-0.969,2022,51043,17845,,68888,0.48191267,-0.5257468,38.3,25.4,32.1,27,15.7,59.4,31.8,2.8,40.6,37.3,41.7,90.9,43.4,100,0,0.52707535,652.65,169.95,0,1,1,1
2023,45008,SB,39,25-8,Missouri,MO,1,6,0,4,1,"Sen. Bernskoetter, Mike [R]",1,0,0,1,0,0,0,0,0,1.573,2022,56348,,,56348,1,0.47764874,29.7,31.1,24,27.4,17.6,88.8,5.7,2.5,11.2,53.7,26.3,88.2,23.7,41.184334,58.815666,0.16585712,487.74,297,0,1,1,1
2023,45008,SB,39,25-8,Missouri,MO,1,7,0,4,1,"Sen. Razer, Greg [D]",0,1,1,0,1,0,0,0,0,-0.761,2020,70586,15383,,85969,0.6421268,-0.036743887,41.9,29.2,33.8,24,13,65.1,21.5,7.2,34.9,39.2,42.7,93.6,48.3,99.42532,0.57467866,0.8143203,512,240.1,0,1,1,1
2023,45008,SB,39,25-8,Missouri,MO,1,8,0,4,1,"Sen. Cierpiot, Mike [R]",1,0,0,1,0,0,0,0,0,1.606,2022,41150,34127,,75277,0.09329543,0.32624817,30.2,33.6,25.7,26.1,14.4,84.1,5.9,4.8,15.9,58,24.4,95.6,37.1,89.58755,10.412454,0.26562887,512,240.1,0,1,1,1
2023,45008,SB,39,25-8,Missouri,MO,1,9,0,4,1,"Sen. Washington, Barbara Anne [D]",0,1,0,0,1,1,1,0,0,-1.633,2020,51463,11026,,62489,0.6471059,-0.68302727,33.2,34.9,26.2,25.4,13.4,27.5,57,10.9,72.5,30.3,45.1,84,16,99.744194,0.25580537,0.40001172,512,240.1,0,1,1,1
2023,45008,SB,39,25-8,Missouri,MO,1,10,0,4,1,"Sen. Fitzwater, Travis [R]",1,0,0,1,0,0,0,0,0,1.554,2022,44040,12683,,56723,0.55280924,-0.42630753,30.6,32.2,24.3,27.6,15.9,91.3,3.2,2.5,8.7,52.3,27.3,87,17.5,99.30049,0.699509,0.10946823,387.54,188.16,0,1,1,1
2023,45008,SB,39,25-8,Missouri,MO,1,11,0,4,1,"Sen. Rizzo, John Joseph [D]",0,1,0,0,1,0,0,0,0,-0.857,2020,50065,,,50065,1,0.07423343,30.5,31.4,25.2,27,16.5,71.3,10.2,12.8,28.7,44.8,31.3,87.3,19.3,98.71193,1.2880715,0.48035127,512,240.1,0,1,1,1
2023,45008,SB,39,25-8,Missouri,MO,1,12,0,4,1,"Sen. Black, Rusty [R]",1,0,0,1,0,0,0,0,0,1.366,2022,50965,12082,,63047,0.6167304,0.31427968,29.8,32.8,22.6,26.7,17.9,92.7,2,2.6,7.3,54.3,26.2,90.6,22.2,27.267427,72.732574,0.11471887,615.3316,414.51578,0,1,1,1
2023,45008,SB,39,25-8,Missouri,MO,1,13,0,4,1,"Sen. Mosley, Angela Walton [D]",0,1,0,0,1,1,1,0,0,-0.314,2020,64191,9122,,73313,0.7511492,-0.2959735,31.5,34.4,24.9,26.1,14.5,33,60.4,2,67,38.6,39,90.9,24.6,98.88206,1.1179405,0.27756,507.4,130.5,0,1,1,1
2023,45008,SB,39,25-8,Missouri,MO,1,14,0,4,1,"Sen. Williams, Brian [D]",0,1,0,0,1,0,1,0,0,,2022,41832,,,41832,1,-0.47560936,34.7,35.4,25.8,24.2,14.6,32.5,58.8,3,67.5,33.5,45.3,88.3,28.3,100,0,0.31611755,507.4,130.5,0,1,1,1
2023,45008,SB,39,25-8,Missouri,MO,1,15,0,4,1,"Sen. Koenig, Andrew [R]",1,0,0,1,0,0,0,0,0,1.283,2020,61172,52132,,113304,0.079785354,0.08066142,26.8,28.8,22.5,29.1,19.7,91.1,1.6,1.8,8.9,59.6,22.9,96.3,54.2,100,0,0.23872642,507.4,130.5,0,1,1,1
2023,45008,SB,39,25-8,Missouri,MO,1,16,0,4,1,"Sen. Brown, Justin [R]",1,0,0,1,0,0,0,0,0,,2022,39047,9341,,48388,0.6139125,0.1587507,32.1,34.8,23.1,24.9,17.2,86,4.2,4.8,14,49.8,30.1,86.9,22.4,32.099907,67.90009,0.040312577,471.58334,386.96667,0,1,1,1
2023,45008,SB,39,25-8,Missouri,MO,1,17,0,4,1,"Sen. Arthur, Lauren [D]",0,1,0,0,1,1,0,0,0,-0.859,2020,51690,45141,,96831,0.0676333,0.05779158,35.7,32.4,29.5,25,12.9,78.7,7.1,7.8,21.3,49.6,30.1,93.1,33.9,92.37357,7.626429,0.40788108,394.8,178.6,0,1,1,1
2023,45008,SB,39,25-8,Missouri,MO,1,18,0,4,1,"Sen. O'Laughlin, Cindy [R]",1,0,0,1,0,1,0,0,0,,2022,42916,13709,,56625,0.5157969,0.32164487,30.3,33.7,22.3,25.9,18,92,3.4,1.6,8,49.7,29,87.4,17.8,35.21077,64.78923,0.09726193,503.64285,348.8857,0,1,1,1
2023,45008,SB,39,25-8,Missouri,MO,1,19,0,4,1,"Sen. Rowden, Caleb [R]",1,0,0,1,0,0,0,0,0,1.033,2020,50570,47367,,97937,0.0327047,-0.018562397,41,39.3,26.8,21.9,11.9,79.8,8.5,3.2,20.2,44.7,40.1,93.6,43.4,77.73126,22.268734,0.4974799,370.4,188.8,0,1,1,1
2023,45008,SB,39,25-8,Missouri,MO,1,20,0,4,1,"Sen. Trent, Curtis D. [R]",1,0,0,1,0,0,0,0,0,1.917,2022,53484,,,53484,1,0.3174409,30.4,32.3,25.3,26.4,16.1,92.8,0.9,2.7,7.2,61.7,20.4,92.7,31.6,51.022205,48.977795,0.15290949,539.225,427.575,0,1,1,1
2023,45008,SB,39,25-8,Missouri,MO,1,21,0,4,1,"Sen. Hoskins, Denny L. [R]",1,0,0,1,0,0,0,0,0,1.268,2020,61698,15595,,77293,0.5964706,0.27375895,32.4,34.8,23.3,25.3,16.5,89.2,3.2,3.9,10.8,51.6,28.6,88.8,21.1,42.101196,57.898804,0.15690376,474.25,258.23334,0,1,1,1
2023,45008,SB,39,25-8,Missouri,MO,1,22,0,4,1,"Sen. Coleman, Mary Elizabeth [R]",1,0,0,1,0,1,0,0,0,,2022,40664,21445,,62109,0.30943987,0.17719363,32.6,31.6,26.8,28.5,13.1,94.1,1,2,5.9,53.9,26.8,89.3,21.8,80.87013,19.129866,0.29559162,351.6,169.8,0,1,1,1
2023,45008,SB,39,25-8,Missouri,MO,1,23,0,4,1,"Sen. Eigel, William \Bill\"" [R]""",1,0,0,1,0,0,0,0,0,1.551,2020,57988,43306,,101294,0.14494441,0.21964246,33.6,30.8,26.2,27.8,15.2,86,5,3.3,14,52.9,29.4,94.6,38.4,98.03511,1.9648894,0.15230817,496.5,145,0,1,1,1
2023,45008,SB,39,25-8,Missouri,MO,1,24,0,4,1,"Sen. McCreery, Tracy [D]",0,1,0,0,1,1,0,0,0,,2022,42999,36114,1478,80591,0.085431375,-0.10635536,30.7,29.4,24.2,27.4,19,70.3,13.4,4.9,29.7,51.8,29.7,94.3,50.8,100,0,0.28599286,507.4,130.5,0,1,1,1
2023,45008,SB,39,25-8,Missouri,MO,1,25,0,4,1,"Sen. Bean, Jason [R]",1,0,0,1,0,0,0,0,0,,2020,58215,,,58215,1,0.24781868,28.7,31.8,23.2,26.7,18.3,84.6,9.9,2.8,15.4,47.2,25.8,79.2,13.4,36.260124,63.739876,0.22084534,453.92,363.34,0,1,1,1
2023,45008,SB,39,25-8,Missouri,MO,1,26,0,4,1,"Sen. Brown, Ben [R]",1,0,0,1,0,0,0,0,0,,2022,48391,17094,,65485,0.47792625,0.40272102,27,30.7,22,30.1,17.1,90.7,1.5,2.2,9.3,59.3,23.4,92.3,39.1,52.652473,47.347527,0.20093676,406.28,151.84,0,1,1,1
2023,45008,SB,39,25-8,Missouri,MO,1,27,0,4,1,"Sen. Thompson Rehder, Holly [R]",1,0,0,1,0,1,0,0,0,1.258,2020,63644,19135,,82779,0.5376847,0.3698718,31.2,33,23.3,26.3,17.4,88.6,6.1,2.2,11.4,50.8,28,86.2,20.9,56.031956,43.968044,0.2310495,535.74286,344.02856,0,1,1,1
2023,45008,SB,39,25-8,Missouri,MO,1,28,0,4,1,"Sen. Crawford, Sandy [R]",1,0,0,1,0,1,0,0,0,1.61,2022,53692,14126,,67818,0.58341444,0.3752136,27.2,31.1,21.5,26.9,20.5,92,1.1,3.7,8,54.5,22.4,84.9,15.8,31.680626,68.319374,0.14105794,441.76666,326.6,0,1,1,1
2023,45008,SB,39,25-8,Missouri,MO,1,29,0,4,1,"Sen. Moon, Mike [R]",1,0,0,1,0,0,0,0,0,0.371,2020,75582,,,75582,1,0.2889325,27.3,30.5,21.5,27.3,20.7,88.2,0.8,6.9,11.8,56.1,22,84.5,16.2,30.880384,69.11961,0.3149075,530.5,427.875,0,1,1,1
2023,45008,SB,39,25-8,Missouri,MO,1,30,0,4,1,"Sen. Hough, Lincoln [R]",1,0,0,1,0,0,0,0,0,1.123,2022,30294,22299,,52593,0.15201643,0.13242173,40.3,36.7,26.6,21.6,15.2,85.5,4.4,4.2,14.5,39.7,37.9,90.6,27.7,99.24164,0.7583612,0.52419996,478.9,335.1,0,1,1,1
2023,45008,SB,39,25-8,Missouri,MO,1,31,0,4,1,"Sen. Brattin, Rick [R]",1,0,0,1,0,0,0,0,0,1.12,2020,63929,25584,,89513,0.42837355,0.3956174,28.8,31.9,23.4,27.2,17.5,90.5,2.5,3.5,9.5,57.3,21.9,90.4,22.1,54.95025,45.04975,0.1723886,345.36667,242.7,0,1,1,1
2023,45008,SB,39,25-8,Missouri,MO,1,32,0,4,1,"Sen. Carter, Jill [R]",1,0,0,1,0,1,0,0,0,,2022,46697,,,46697,1,0.51971954,31.8,33.9,25.2,25.1,16,85.4,1.5,6.8,14.6,52.2,26.4,86.9,21.5,60.869453,39.130547,0.31141183,496.65,372.05,0,1,1,1
2023,45008,SB,39,25-8,Missouri,MO,1,33,0,4,1,"Sen. Eslinger, Karla [R]",1,0,0,1,0,1,0,0,0,,2020,64891,12533,,77424,0.6762503,0.44404998,27.6,31.1,22.2,27.1,19.6,94.4,0.8,1.9,5.6,54.6,22.1,84.2,14.2,25.350182,74.64982,0.056905568,373.01428,303.08572,0,1,1,1
2023,45008,SB,39,25-8,Missouri,MO,1,34,0,4,1,"Sen. Luetkemeyer, Tony [R]",1,0,0,1,0,0,0,0,0,,2022,37174,25695,,62869,0.18258601,0.33783042,33.4,32.2,26.9,26.3,14.7,82.4,6,6.2,17.6,49.1,29.5,92,31.8,85.60464,14.395364,0.43722674,364.65,185.75,0,1,1,1
2023,45056,SB,39,110-49-3,Missouri,MO,0,1,0,2,1,"Rep. Farnan, Jeff [R]",1,0,0,1,0,0,0,0,0,,2022,9323,3070,,12393,0.50455904,0.5754648,35.1,38.2,20.5,23.1,17.9,94,2,1.4,6,48.8,34.8,91.5,24.9,0,100,0.37248027,565.36664,351.9,0,1,1,1
2023,45056,SB,39,110-49-3,Missouri,MO,0,2,0,2,1,"Rep. Boyd, Mazzie [R]",1,0,0,1,0,1,0,0,0,,2022,10573,2212,,12785,0.65396947,0.5633285,30.9,29.7,24.9,26.3,19.3,91.7,4,2,8.3,51.5,26.7,87,16.6,40.59837,59.40163,0.13117284,779.2,613.16,0,1,1,1
2023,45056,SB,39,110-49-3,Missouri,MO,0,3,0,2,1,"Rep. Busick, Danny [R]",1,0,0,1,0,0,0,0,0,,2022,9512,,,9512,1,0.19915937,35.5,41.5,19.7,22.3,16.6,88.5,3,4.3,11.5,39.4,40.4,89.9,23.4,22.93675,77.06325,0.091095425,581.475,454.975,0,1,1,1
2023,45056,SB,39,110-49-3,Missouri,MO,0,4,0,2,1,"Rep. Sharpe, Gregory \Greg\"" [R]""",1,0,0,1,0,0,0,0,0,,2022,10907,,,10907,1,0.24661125,26.9,33.8,20.7,26.3,19.3,95.8,1.4,0.8,4.2,55.2,25.3,84.8,15.2,30.21374,69.78626,0.045139935,520.0375,356.4875,0,1,1,1
2023,45056,SB,39,110-49-3,Missouri,MO,0,5,0,2,1,"Rep. Riggs, Louis [R]",1,0,0,1,0,0,0,0,0,,2022,10848,,,10848,1,0.26660243,29,32.6,23.2,26.7,17.4,90.9,3.8,1.8,9.1,52.7,25.2,88.7,19.5,18.534174,81.46583,0.26725462,405.25,255.65,0,1,1,1
2023,45056,SB,39,110-49-3,Missouri,MO,0,6,0,2,1,"Rep. Lewis, Ed [R]",1,0,0,1,0,0,0,0,0,,2022,10493,,,10493,1,0.36344078,27.7,32.4,22.2,26,19.4,91.1,3.4,1.9,8.9,49,26.4,87.7,16.2,58.844334,41.155666,0.022073431,518.7,384.35,0,1,1,1
2023,45056,SB,39,110-49-3,Missouri,MO,0,7,0,2,1,"Rep. McGaugh, Peggy [R]",1,0,0,1,0,1,0,0,0,1.063,2022,10859,2588,,13447,0.6150814,0.33271804,29.9,30.9,23.7,25.1,20.3,93.9,1.3,1.9,6.1,52.8,24.1,87.4,18.1,35.945778,64.05422,0.17376195,594.6,386.775,0,1,1,1
2023,45056,SB,39,110-49-3,Missouri,MO,0,8,0,2,1,"Rep. Hurlbert, Josh [R]",1,0,0,1,0,0,0,0,0,,2022,10177,4797,,14974,0.35928944,0.14969032,27.4,30.7,22.5,29,17.8,94.6,1.3,2,5.4,58.2,21.9,91.5,18.6,27.685678,72.31432,0.070382886,421.05,185.15,0,1,1,1
2023,45056,SB,39,110-49-3,Missouri,MO,0,9,0,2,1,"Rep. Van Schoiack, Dean [R]",1,0,0,1,0,0,0,0,0,,2022,10783,,,10783,1,0.025368618,30,31.7,23.1,26.3,18.9,90.2,4.1,2.4,9.8,54.4,26.2,92,29.4,28.33374,71.66626,0.16251354,382.63333,216.23334,0,1,1,1
2023,45056,SB,39,110-49-3,Missouri,MO,0,10,0,2,1,"Rep. Falkner III, Bill [R]",1,0,0,1,0,0,0,0,0,,2022,7258,,,7258,1,0.15835968,37.5,33.1,30.1,24.2,12.7,78.5,7.3,9.5,21.5,37.6,36.3,85.1,16.4,28.21391,71.78609,0.5602886,446.3,256.2,0,1,1,1
2023,45056,SB,39,110-49-3,Missouri,MO,0,11,0,2,1,"Rep. Shields, Brenda [R]",1,0,0,1,0,1,0,0,0,,2022,9934,,,9934,1,0.32923472,29.9,30.5,24.7,27.8,16.9,88.1,2.5,5.3,11.9,49.2,26.6,90,18.9,27.30476,72.695244,0.16433854,446.3,256.2,0,1,1,1
2023,45056,SB,39,110-49-3,Missouri,MO,0,12,0,2,1,"Rep. Johnson, Jamie [D]",0,1,0,0,1,1,1,0,0,,2022,7371,6772,,14143,0.04235311,0.25044757,31.3,35.9,25.6,26.3,12.2,87.8,1.8,4.9,12.2,58.2,23.9,94.4,32.2,100,0,0.16313213,283,115.3,0,1,1,1
2023,45056,SB,39,110-49-3,Missouri,MO,0,13,0,2,1,"Rep. Pouche, Sean [R]",1,0,0,1,0,0,0,0,0,,2022,12379,,,12379,1,0.20037201,31,31.6,25.9,29.1,13.6,87.3,3.7,3.8,12.7,59,23.9,96.6,47.2,87.95194,12.04806,0.29310232,364.65,185.75,0,1,1,1
2023,45056,SB,39,110-49-3,Missouri,MO,0,14,0,2,1,"Rep. Aune, Ashley [D]",0,1,0,0,1,1,0,0,0,,2022,7841,6898,,14739,0.063979916,0.039087124,37.1,32.5,29.3,24.8,13.5,71.7,11.1,8.7,28.3,47,32.9,94.1,40.5,98.44949,1.5505054,0.7131626,283,115.3,0,1,1,1
2023,45056,SB,39,110-49-3,Missouri,MO,0,15,0,2,1,"Rep. Nurrenbern, Maggie [D]",0,1,0,0,1,1,0,0,0,,2022,6906,5521,516,12943,0.10700765,-0.19194108,35.7,29.1,29.6,25.5,15.7,76.7,8.8,8.7,23.3,47,30.7,92.1,28.9,100,0,0.44868553,394.8,178.6,0,1,1,1
2023,45056,SB,39,110-49-3,Missouri,MO,0,16,0,2,1,"Rep. Brown, Chris [R]",1,0,0,1,0,0,0,0,0,,2022,7623,5474,,13097,0.16408338,-0.3209922,34.3,33.8,29.7,25.5,11,82.1,5.6,6.8,17.9,59.5,24.2,96.7,46.5,99.99272,0.00727961,0.50543827,394.8,178.6,0,1,1,1
2023,45056,SB,39,110-49-3,Missouri,MO,0,17,0,2,1,"Rep. Allen, Bill [R]",1,0,0,1,0,0,0,0,0,0.876,2022,5785,5736,,11521,0.004253103,0.20241338,34.7,32.3,28.1,25.9,13.6,83.6,5.1,7.5,16.4,47.6,30.5,92,28.6,92.365074,7.6349277,0.24438573,394.8,178.6,0,1,1,1
2023,45056,SB,39,110-49-3,Missouri,MO,0,18,0,2,1,"Rep. Woods, Eric [D]",0,1,0,0,1,0,0,0,0,,2022,7999,,,7999,1,-0.10727302,37.8,30.4,30.8,24.3,14.6,72.3,10.5,9,27.7,41,35.6,91.1,27,100,0,0.60382825,394.8,178.6,0,1,1,1
2023,45056,SB,39,110-49-3,Missouri,MO,0,19,0,2,1,"Rep. Burnett, Ingrid Y. [D]",0,1,0,0,1,1,0,0,0,-1.284,2022,4057,1126,,5183,0.5655026,-0.043436907,33.4,37.2,27.3,25.7,9.8,42.2,16.4,31.5,57.8,34.6,43.1,68.1,11.9,100,0,0.712273,512,240.1,0,1,1,1
2023,45056,SB,39,110-49-3,Missouri,MO,0,20,0,2,1,"Rep. McMullen, Aaron [R]",1,0,0,1,0,0,0,0,0,,2022,6395,4591,,10986,0.164209,-0.039437853,30.2,34.4,25.5,25.5,14.5,84.4,5.7,5.3,15.6,52.4,27.7,90.9,16.5,41.20795,58.79205,0.04997858,512,240.1,0,1,1,1
2023,45056,SB,39,110-49-3,Missouri,MO,0,21,0,2,1,"Rep. Sauls, Robert [D]",0,1,0,0,1,0,0,0,0,,2022,4024,3682,,7706,0.044381004,0.19105582,29.1,29.5,23.6,29.1,17.7,75.1,8.9,9.6,24.9,41.5,31.6,88.3,18,56.836086,43.163914,0.38843608,512,240.1,0,1,1,1
2023,45056,SB,39,110-49-3,Missouri,MO,0,22,0,2,1,"Rep. Young, Yolanda [D]",0,1,0,0,1,1,1,0,0,,2022,6700,,,6700,1,-0.33338675,31.9,33.8,25.2,26.9,14.3,24.8,60.9,11.2,75.2,27.3,44.3,83.7,11,36.720467,63.279533,0.40430388,512,240.1,0,1,1,1
2023,45056,SB,39,110-49-3,Missouri,MO,0,23,0,2,1,"Rep. Johnson, Michael L. [D]",0,1,0,0,1,0,1,0,0,,2022,4527,,,4527,1,-0.7760554,32.4,36.9,27,24.9,11.3,17.3,52.9,25.8,82.7,23.5,49.1,72.3,9.8,99.11246,0.88754195,0.33885542,512,240.1,0,1,1,1
2023,45056,SB,39,110-49-3,Missouri,MO,0,24,0,2,1,"Rep. Weber, Emily [D]",0,1,0,0,1,1,0,0,1,,2022,10861,,,10861,1,-0.6984254,60.8,23.2,47.7,20.3,8.7,67.1,14.3,11,32.9,25.3,58.8,92,55.6,76.44426,23.555738,1.3634626,512,240.1,0,1,1,1
2023,45056,SB,39,110-49-3,Missouri,MO,0,25,0,2,1,"Rep. Lewis, Patty [D]",0,1,0,0,1,1,0,0,0,,2022,15182,,,15182,1,-0.37742612,40,22.5,35.5,26.9,14.9,83.8,6.3,4.6,16.2,46.5,36.3,97.4,66.4,95.20922,4.7907786,1.2466702,512,240.1,0,1,1,1
2023,45056,SB,39,110-49-3,Missouri,MO,0,27,0,2,1,"Rep. Brown, Richard [D]",0,1,0,0,1,0,1,0,0,-1.035,2022,8149,,,8149,1,-0.3036164,34.2,34.7,27.4,24.9,13.2,28.1,60.8,6.4,71.9,31.5,45.4,90.1,18.4,97.76882,2.2311745,0.48996887,512,240.1,0,1,1,1
2023,45056,SB,39,110-49-3,Missouri,MO,0,28,0,2,1,"Rep. Barnes, Jerome [D]",0,1,0,0,1,0,1,0,0,-1.314,2022,6901,3668,,10569,0.30589458,-0.16782424,32.5,31.6,26.1,27.2,15.1,55.1,32.6,8.1,44.9,40.1,37.8,92,21.1,68.19847,31.801529,0.41477385,512,240.1,0,1,1,1
2023,45056,SB,39,110-49-3,Missouri,MO,0,30,0,2,1,"Rep. Patterson, Jonathan \Jon\"" [R]""",1,0,0,1,0,0,0,0,1,,2022,8590,7234,,15824,0.08569262,0.13496347,28.6,28.7,24.3,27.7,19.3,83.3,7.6,4.6,16.7,58.7,21.7,96.1,42.1,76.29812,23.70188,0.19895719,512,240.1,0,1,1,1
2023,45056,SB,39,110-49-3,Missouri,MO,0,31,0,2,1,"Rep. Stacy, Dan [R]",1,0,0,1,0,0,0,0,0,1.562,2022,7568,5766,,13334,0.13514325,0.053722326,32.9,35.5,27.9,23,13.6,80.5,7.7,5,19.5,52.1,26.7,93.5,31.8,100,0,0.63685155,512,240.1,0,1,1,1
2023,45056,SB,39,110-49-3,Missouri,MO,0,32,0,2,1,"Sen. Coleman, Jeff [R]",1,0,0,1,0,0,0,0,0,,2022,9030,3988,,13018,0.38730988,0.29750404,32.1,35.4,27.6,24.9,12.1,86.5,3.8,4.6,13.5,58.1,24.4,95.7,31.6,98.21438,1.7856243,0,512,240.1,0,1,1,1
2023,45056,SB,39,110-49-3,Missouri,MO,0,33,0,2,1,"Rep. Sander, Chris [R]",0,1,1,1,0,0,0,0,0,,2022,10444,,,10444,1,0.28052458,29.2,34.2,24.2,26.8,14.8,91.6,2.1,3,8.4,55.8,24.9,91.7,25,100,0,0.46062407,512,240.1,0,1,1,1
2023,45056,SB,39,110-49-3,Missouri,MO,0,34,0,2,1,"Rep. Strickler, Kemp [D]",0,1,0,0,1,0,0,0,0,,2022,6645,6600,,13245,0.003397508,0.1362022,30,35.3,26.3,28.4,9.9,84.4,6,5.2,15.6,63.7,23.6,97,45.6,95.02373,4.976271,0.060141332,512,240.1,0,1,1,1
2023,45056,SB,39,110-49-3,Missouri,MO,0,35,0,2,1,"Rep. Ingle, Keri [D]",0,1,0,0,1,1,0,0,0,,2022,8849,6635,,15484,0.14298631,0.2287926,29.5,31,23.9,26.1,18.9,76.6,12.1,4.9,23.4,53.1,26.5,95.3,39.6,71.28562,28.714382,0.29895365,512,240.1,0,1,1,1
2023,45056,SB,39,110-49-3,Missouri,MO,0,36,0,2,1,"Rep. Ealy, Anthony [D]",0,1,0,0,1,0,1,0,0,,2022,6536,4057,,10593,0.23402247,-0.46989748,34.6,33.8,27.3,22.9,15.9,46.8,42.6,6.3,53.2,38.7,40.6,91.7,30.7,47.137318,52.862682,0.24834938,512,240.1,0,1,1,1
2023,45056,SB,39,110-49-3,Missouri,MO,0,37,0,2,1,"Rep. Sharp, Mark [D]",0,1,0,0,1,0,1,0,0,,2022,8028,,,8028,1,-0.019129634,33.7,35,27.2,23.6,14.2,58.4,26.8,7.9,41.6,46.6,32.1,92.3,32.3,100,0,0.1866272,512,240.1,0,1,1,1
2023,45056,SB,39,110-49-3,Missouri,MO,0,38,0,2,1,"Rep. Lonsdale, Chris [R]",1,0,0,1,0,0,0,0,0,,2022,10081,,,10081,1,0.2735011,30.9,35.1,25.1,26.2,13.6,88,3.6,3.4,12,56.2,27.2,93.2,33.3,97.6452,2.3547962,0.057749223,394.8,178.6,0,1,1,1
2023,45056,SB,39,110-49-3,Missouri,MO,0,39,0,2,1,"Rep. Richey, Doug [R]",1,0,0,1,0,0,0,0,0,,2022,11099,,,11099,1,0.40828177,27,30.5,21.6,28.2,19.8,94.3,1.9,1.8,5.7,55.4,23.7,87.1,15.5,100,0,0.20937711,394.8,178.6,0,1,1,1
2023,45056,SB,39,110-49-3,Missouri,MO,0,40,0,2,1,"Rep. Perkins, Chad [R]",1,0,0,1,0,0,0,0,0,,2022,10541,,,10541,1,0.23764476,29.1,29.7,23.2,27.8,19.3,91.5,4.6,1.7,8.5,53,24.7,86.6,15,100,0,0.029647198,376.2,206.25,0,1,1,1
2023,45056,SB,39,110-49-3,Missouri,MO,0,41,0,2,1,"Rep. Justus, Doyle [R]",1,0,0,1,0,0,0,0,0,-1.23,2022,9018,2697,659,12374,0.51082915,0.07658305,30.5,33.8,24.7,27.9,13.4,93.3,2,2.5,6.7,53.4,27.7,88.7,16.8,100,0,0,291,92.5,0,1,1,1
2023,45056,SB,39,110-49-3,Missouri,MO,0,42,0,2,1,"Rep. Myers, Jeff [R]",1,0,0,1,0,0,0,0,0,,2022,12015,,,12015,1,0.4225747,28.4,30.7,22.6,28.8,17.9,94,1.5,2,6,55.2,25.3,87.1,15.7,99.537834,0.46216822,0.20543724,382.05,191.95,0,1,1,1
2023,45056,SB,39,110-49-3,Missouri,MO,0,43,0,2,1,"Rep. Haden, Kent [R]",1,0,0,1,0,0,0,0,0,,2022,10595,,,10595,1,-0.023607364,30.3,30.6,24.5,27.4,17.5,88.5,4.8,3.4,11.5,50.3,26,86.2,16.9,99.4501,0.54989815,0.015364523,491.36667,264.76666,0,1,1,1
2023,45056,SB,39,110-49-3,Missouri,MO,0,44,0,2,1,"Rep. Toalson Reisch, Cheri [R]",1,0,0,1,0,1,0,0,0,1.43,2022,9004,5377,,14381,0.2522078,-0.110406704,39,33.3,30.8,22.3,13.5,80.9,10.6,3.5,19.1,48,32.2,91.3,29.1,100,0,0.48158985,370.4,188.8,0,1,1,1
2023,45056,SB,39,110-49-3,Missouri,MO,0,45,0,2,1,"Rep. Steinhoff, Kathy [D]",0,1,0,0,1,1,0,0,0,,2022,6296,,,6296,1,-0.20171785,50.3,55.4,25.9,14.1,4.6,74,12.4,2.7,26,26.7,62.7,92.2,45.8,99.93626,0.063745946,0.8217495,370.4,188.8,0,1,1,1
2023,45056,SB,39,110-49-3,Missouri,MO,0,46,0,2,1,"Rep. Smith, David Tyson [D]",0,1,0,0,1,0,1,0,0,,2022,7521,,,7521,1,-0.28277138,47.8,42,23.8,21.8,12.6,78.5,7.2,2.8,21.5,41.5,45.4,98,61.9,97.76327,2.2367356,0.4307766,370.4,188.8,0,1,1,1
2023,45056,SB,39,110-49-3,Missouri,MO,0,47,0,2,1,"Rep. Plank, Adrian [D]",0,1,0,0,1,0,0,0,0,,2022,8709,7987,,16696,0.043243892,-0.23125394,35,31.1,28.5,27.4,12.9,82.1,7.4,3.6,17.9,55.5,27.8,93.2,39.2,96.49492,3.5050843,0.39641756,370.4,188.8,0,1,1,1
2023,45056,SB,39,110-49-3,Missouri,MO,0,48,0,2,1,"Rep. Taylor, Tim [R]",1,0,0,1,0,0,0,0,0,,2022,11752,,,11752,0.47625935,0.34437364,31.3,31.3,24.2,26.3,18.1,89.5,5.2,1.8,10.5,48.9,30.3,87.8,19.1,98.11599,1.8840115,0.17861304,505.225,234.35,0,1,1,1
2023,45056,SB,39,110-49-3,Missouri,MO,0,49,0,2,1,"Rep. Schulte, Jim [R]",1,0,0,1,0,0,0,0,0,,2022,9263,3666,,12929,0.43290278,0.29892507,33.8,32.6,25.8,26.9,14.9,89.6,5.1,1.4,10.4,48.1,31,85.7,23.6,100,0,0,300.6,173.1,0,1,1,1
2023,45056,SB,39,110-49-3,Missouri,MO,0,50,0,2,1,"Rep. Mann, Douglas \Doug\"" [D]""",0,1,0,0,1,0,0,0,0,,2022,7294,5937,,13231,0.10256217,0.0322206,33.3,35.2,25.1,24.6,15,83.9,4.6,4.5,16.1,56.5,29,92.7,44.4,99.17249,0.8275075,0.37299514,370.4,188.8,0,1,1,1
2023,45056,SB,39,110-49-3,Missouri,MO,0,51,0,2,1,"Rep. Gregory, Kurtis [R]",1,0,0,1,0,0,0,0,0,,2022,9430,1884,,11314,0.6669613,-0.10107427,33.5,35.1,25.6,22.8,16.4,79.6,4.4,10.8,20.4,50.2,29.1,87.2,25.6,99.790924,0.20907247,0.20646937,523.35,329.85,0,1,1,1
2023,45056,SB,39,110-49-3,Missouri,MO,0,52,0,2,1,"Rep. Pollitt, Bradley \Brad\"" [R]""",1,0,0,1,0,0,0,0,0,,2022,7805,2583,,10388,0.50269544,0.100272216,37.1,37.8,26.8,22,13.5,81.4,5.1,9.4,18.6,48.4,30.5,86.7,19.9,96.348045,3.651955,0.056140352,525.9,334.7,0,1,1,1
2023,45056,SB,39,110-49-3,Missouri,MO,0,53,0,2,1,"Rep. Thompson, Terry [R]",1,0,0,1,0,0,0,0,0,,2022,10919,,,10919,1,0.19627059,27.1,30.1,21.8,29.4,18.7,92,1.8,3,8,54.6,23.8,90.6,20.4,87.06143,12.938568,0.07942812,474.3,324.8,0,1,1,1
2023,45056,SB,39,110-49-3,Missouri,MO,0,54,0,2,1,"Rep. Houx, Dan [R]",1,0,0,1,0,0,0,0,0,1.66,2022,9456,,,9456,1,0.20058607,36.4,41.9,20.9,24.5,12.8,90.6,2.9,2.1,9.4,48,36.7,89.6,24.2,90.528946,9.471057,0.119563594,292.6,201.5,0,1,1,1
2023,45056,SB,39,110-49-3,Missouri,MO,0,55,0,2,1,"Rep. Haffner, Mike [R]",1,0,0,1,0,0,0,0,0,,2022,12080,,,12080,1,-0.10394083,27.9,30.7,23.1,30.2,16,88.6,4.6,2.9,11.4,63.7,19.4,94.9,31.9,94.22343,5.77657,0.06897979,304.3,202.6,0,1,1,1
2023,45056,SB,39,110-49-3,Missouri,MO,0,56,0,2,1,"Rep. Davis, Michael [R]",1,0,0,1,0,0,0,0,0,,2022,6759,5049,,11808,0.14481707,0.32336792,29.8,31.9,24.1,27.4,16.6,85.9,3.4,6.8,14.1,55.6,23.8,90.9,21.8,79.10165,20.898355,0.25259817,304.3,202.6,0,1,1,1
2023,45056,SB,39,110-49-3,Missouri,MO,0,57,0,2,1,"Rep. Reedy, Rodger L. [R]",1,0,0,1,0,0,0,0,0,,2022,10706,2101,,12807,0.6718982,0.055553254,26.6,28.8,21.7,28.5,21.2,94.5,1.1,2.1,5.5,55.6,20.4,88,14.8,100,0,0.17223562,428.43332,300.93332,0,1,1,1
2023,45056,SB,39,110-49-3,Missouri,MO,0,58,0,2,1,"Rep. Haley, Willard [R]",1,0,0,1,0,0,0,0,0,,2022,10514,,,10514,1,0.4690176,27.2,30.1,22.1,27.6,20.2,93.7,1.6,1.9,6.3,52.5,24.6,80.3,13.1,100,0,0.2509124,479.03333,296.16666,0,1,1,1
2023,45056,SB,39,110-49-3,Missouri,MO,0,59,0,2,1,"Rep. Veit, Rudy L. [R]",1,0,0,1,0,0,0,0,0,,2022,13595,,,13595,1,-0.0628024,32.5,29.7,26.7,29.2,14.6,90.3,5.4,1.8,9.7,55.1,26.9,90.9,29.3,100,0,0,612.2,278.9,0,1,1,1
2023,45056,SB,39,110-49-3,Missouri,MO,0,60,0,2,1,"Rep. Griffith, Dave [R]",1,0,0,1,0,0,0,0,0,,2022,7570,4595,,12165,0.24455404,0.09912481,33.4,33.3,26.3,24.4,16.1,71.7,18.4,3.8,28.3,43.5,33.4,93.2,35.8,100,0,0.45789877,612.2,278.9,0,1,1,1
2023,45056,SB,39,110-49-3,Missouri,MO,0,61,0,2,1,"Rep. Sassmann, Bruce [R]",1,0,0,1,0,0,0,0,0,,2022,12849,,,12849,1,-0.10917573,27.4,29.6,21.5,29.8,19.1,94.9,0.2,1,5.1,60.4,22.9,90.8,24.3,99.98505,0.014953271,0.02097902,512.925,215.875,0,1,1,1
2023,45056,SB,39,110-49-3,Missouri,MO,0,62,0,2,1,"Rep. Gallick, Sherri [R]",1,0,0,1,0,1,0,0,0,,2022,11023,4054,,15077,0.46222723,0.15285054,27.8,30.6,22.6,28.7,18,96.6,0.3,1.3,3.4,57.4,23.4,87.1,16.7,50.431202,49.568798,0.021976411,371.75,263.3,0,1,1,1
2023,45056,SB,39,110-49-3,Missouri,MO,0,63,0,2,1,"Rep. Byrnes, Tricia K. [R]",1,0,0,1,0,1,0,0,0,,2022,7607,3878,,11485,0.32468438,0.18486367,31.5,34.9,27.6,23.9,13.6,89.1,3.8,4.2,10.9,62.4,23.8,92,32.8,100,0,0.51692307,496.5,145,0,1,1,1
2023,45056,SB,39,110-49-3,Missouri,MO,0,64,0,2,1,"Rep. Lovasco, Tony [R]",1,0,0,1,0,0,0,0,0,,2022,10220,,,10220,1,0.0737288,32.9,32.2,27,27.7,13.1,90.3,3.5,2.5,9.7,55.6,26.9,91.5,24.7,100,0,0.19439603,496.5,145,0,1,1,1
2023,45056,SB,39,110-49-3,Missouri,MO,0,65,0,2,1,"Rep. Hausman, Wendy [R]",1,0,0,1,0,1,0,0,0,,2022,8258,5418,,13676,0.20766306,0.03170814,38.3,36.3,24.2,23.5,16,88.3,4.1,3.4,11.7,42.5,38.7,91.2,31.1,100,0,0.39270687,496.5,145,0,1,1,1
2023,45056,SB,39,110-49-3,Missouri,MO,0,66,0,2,1,"Rep. Terry, Marlene [D]",0,1,0,0,1,1,1,0,0,,2022,6026,,,6026,1,-0.5144394,32.8,38.8,23.9,24.1,13.3,16.6,80.1,0.9,83.4,28.3,47.3,86.6,13.5,100,0,0,507.4,130.5,0,1,1,1
2023,45056,SB,39,110-49-3,Missouri,MO,0,67,0,2,1,"Rep. Nickson-Clark, Chantelle N. [D]",0,1,0,0,1,1,1,0,0,,2022,11495,,,11495,1,-0.5909665,28.6,30.2,22,28.7,18.9,24.3,69.4,1.4,75.7,44.7,34.4,93,31.9,100,0,0.15678449,507.4,130.5,0,1,1,1
2023,45056,SB,39,110-49-3,Missouri,MO,0,69,0,2,1,"Rep. Schnelting, Adam [R]",1,0,0,1,0,0,0,0,0,,2022,9344,6298,,15642,0.19473213,-0.35243288,31.2,35.1,25.9,25.4,13.5,57.2,32.9,2.2,42.8,44.2,34.4,92.6,29.5,99.97941,0.02059308,0.4046498,496.5,145,0,1,1,1
2023,45056,SB,39,110-49-3,Missouri,MO,0,70,0,2,1,"Rep. Bangert, Gretchen [D]",0,1,0,0,1,1,0,0,0,-0.77,2022,7210,2480,,9690,0.4881321,-0.0953362,31.6,27.6,25.7,28.2,18.6,73.7,12.5,4.3,26.3,50.3,30.9,94.5,46.6,100,0,0.14003734,507.4,130.5,0,1,1,1
2023,45056,SB,39,110-49-3,Missouri,MO,0,71,0,2,1,"Rep. Appelbaum, Ladonna [D]",0,1,0,0,1,1,0,0,0,,2022,10179,5723,,15902,0.28021634,-0.078975104,35.9,27.1,28.9,25.8,18.2,66.5,14.9,7.1,33.5,46.9,33.1,94.2,46.9,100,0,0.55579305,507.4,130.5,0,1,1,1
2023,45056,SB,39,110-49-3,Missouri,MO,0,72,0,2,1,"Rep. Clemens, Doug [D]",0,1,0,0,1,0,0,0,0,,2022,7102,,,7102,1,-0.17406961,35.3,30.6,28.6,25.4,15.5,62.6,20.8,6.6,37.4,42.5,36.7,89.1,26.8,100,0,0.22131312,507.4,130.5,0,1,1,1
2023,45056,SB,39,110-49-3,Missouri,MO,0,73,0,2,1,"Rep. Proudie, Raychel [D]",0,1,0,0,1,1,1,0,0,,2022,6725,,,6725,1,-0.44337568,37.1,36.8,28.5,24,10.7,26.8,64.5,3.3,73.2,29.5,45.3,87.7,14.9,100,0,0.44408008,507.4,130.5,0,1,1,1
2023,45056,SB,39,110-49-3,Missouri,MO,0,74,0,2,1,"Rep. Windham Jr., Kevin L. [D]",0,1,0,0,1,0,1,0,0,,2022,7434,,,7434,1,-0.35567686,33.1,36.5,24.9,27.1,11.4,24.4,69,2.5,75.6,32.3,46.5,86.2,18,94.6566,5.343403,0.5220034,507.4,130.5,0,1,1,1
2023,45056,SB,39,110-49-3,Missouri,MO,0,75,0,2,1,"Rep. Gray, Alan [D]",0,1,0,0,1,0,1,0,0,-0.766,2022,8274,,,8274,1,-0.55266476,31,33.4,25.1,25.7,15.8,8.4,89.1,0.3,91.6,27.3,48.4,87.7,14.7,100,0,0,507.4,130.5,0,1,1,1
2023,45056,SB,39,110-49-3,Missouri,MO,0,76,0,2,1,"Rep. Anderson, Marlon [D]",0,1,0,0,1,0,1,0,0,,2022,7992,,,7992,1,-0.8248016,30,32.6,22.3,27.6,17.5,2,96.1,0.6,98,19.7,53,77.4,11.9,100,0,0.10975095,797.9,209.4,0,1,1,1
2023,45056,SB,39,110-49-3,Missouri,MO,0,77,0,2,1,"Rep. Collins, Kimberly-Ann [D]",0,1,0,0,1,1,1,0,0,,2022,9136,,,9136,1,-0.6550949,41.9,31,30.7,23.3,15,28.8,59.9,2.9,71.2,20,58.7,86.1,39.8,100,0,0.69996214,797.9,209.4,0,1,1,1
2023,45056,SB,39,110-49-3,Missouri,MO,0,79,0,2,1,"Rep. Bosley, Lakeysha [D]",0,1,0,0,1,1,1,0,0,,2022,7655,,,7655,1,-0.32137623,42,33.6,32.5,24.3,9.7,35.1,57,3,64.9,25.4,55.6,89.1,39.4,99.93324,0.06675973,0.8530415,797.9,209.4,0,1,1,1
2023,45056,SB,39,110-49-3,Missouri,MO,0,80,0,2,1,"Rep. Merideth, Peter [D]",0,1,0,0,1,0,0,0,0,-1.144,2022,8777,1516,327,10620,0.68371,-0.64500237,46.3,24.1,41.7,23.4,10.8,61.5,21.4,5.4,38.5,37.3,44.4,88.8,45.9,100,0,1.558842,797.9,209.4,0,1,1,1
2023,45056,SB,39,110-49-3,Missouri,MO,0,81,0,2,1,"Rep. Butz, Stephen \Steve\"" [D]""",0,1,0,0,1,0,0,0,0,,2022,7553,2176,,9729,0.5526776,-0.29605046,36.6,32.2,30.8,25.6,11.6,47.6,36.6,9.2,52.4,33.7,42.4,83.7,22.6,100,0,0.7411161,797.9,209.4,0,1,1,1
2023,45056,SB,39,110-49-3,Missouri,MO,0,82,0,2,1,"Rep. Baringer, Donna Mc [D]",0,1,0,0,1,1,0,0,0,-0.617,2022,12882,4310,,17192,0.498604,-0.43425006,37.7,21.3,33.5,30.4,14.8,83.7,8.6,4,16.3,43.8,34.7,92.3,44,100,0,0.46155578,797.9,209.4,0,1,1,1
2023,45056,SB,39,110-49-3,Missouri,MO,0,83,0,2,1,"Rep. Unsicker, Sarah [D]",0,1,0,0,1,1,0,0,0,-1.301,2022,11044,3514,,14558,0.51724136,-0.14673692,42.5,26.5,36.4,25.3,11.6,76.6,14.6,2.8,23.4,42,40.7,94.4,53.1,100,0,0.5470775,507.4,130.5,0,1,1,1
2023,45056,SB,39,110-49-3,Missouri,MO,0,84,0,2,1,"Rep. Taylor, Del [D]",0,1,0,0,1,0,1,0,0,,2022,2622,1947,,4569,0.14773473,-0.66686606,40.4,26.4,32.4,25.6,15.5,33.6,57.2,2.6,66.4,28.3,48.6,89.1,40.3,99.54048,0.4595186,0.53346884,797.9,209.4,0,1,1,1
2023,45056,SB,39,110-49-3,Missouri,MO,0,85,0,2,1,"Rep. Fountain Henderson, Yolonda [D]",0,1,0,0,1,1,1,0,0,,2022,7013,,,7013,1,-0.3088153,31.7,33,24.3,25.6,17.3,30.8,61.6,3.4,69.2,32.1,43.7,86.5,21,100,0,0.31779662,507.4,130.5,0,1,1,1
2023,45056,SB,39,110-49-3,Missouri,MO,0,86,0,2,1,"Rep. Adams, Joe [D]",0,1,0,0,1,0,1,0,0,,2022,11514,,,11514,1,-0.7101409,40.4,30.9,30.7,23.4,14.9,34.8,56.6,3.2,65.2,38.3,41.1,90.9,41.2,99.407776,0.5922278,0.31972292,507.4,130.5,0,1,1,1
2023,45056,SB,39,110-49-3,Missouri,MO,0,87,0,2,1,"Rep. Brown, Paula [D]",0,1,0,0,1,1,0,0,0,,2022,8687,,,8687,1,-0.21633473,34.4,36.8,23.5,23,16.7,79.1,5.2,2.8,20.9,46.5,41.2,98,78.3,100,0,0.13703099,507.4,130.5,0,1,1,1
2023,45056,SB,39,110-49-3,Missouri,MO,0,88,0,2,1,"Rep. Jones, Holly [R]",1,0,0,1,0,1,0,0,0,,2022,9713,6147,,15860,0.22484237,-0.43131632,26,30.1,20.9,27.8,21.3,72.1,10.6,3.2,27.9,58.5,25.2,97.3,70.3,100,0,0.24558909,507.4,130.5,0,1,1,1
2023,45056,SB,39,110-49-3,Missouri,MO,0,89,0,2,1,"Plocher, Dean",1,0,0,1,0,0,0,0,0,1.81,2022,10544,6990,,17534,0.20269191,0.29542994,19.8,27.3,16.2,31.8,24.7,86.3,2,1.9,13.7,68.3,18.8,98.6,71.7,75.53967,24.460325,0.38712308,507.4,130.5,0,1,1,1
2023,45056,SB,39,110-49-3,Missouri,MO,0,90,0,2,1,"Rep. Phifer, Barbara [D]",0,1,0,0,1,1,0,0,0,,2022,11343,6786,,18129,0.2513652,0.07137839,27.9,29.3,24.9,25.8,19.9,88.8,4.8,2.9,11.2,58.9,23,97.2,64.9,96.02145,3.9785516,0.15801948,507.4,130.5,0,1,1,1
2023,45056,SB,39,110-49-3,Missouri,MO,0,91,0,2,1,"Rep. Doll, Jo [D]",0,1,0,0,1,1,0,0,0,,2022,13212,,,13212,1,-0.25124708,29.1,28.6,24.6,26,20.9,90.3,2,3.5,9.7,57.1,25.3,96.4,59.8,100,0,0.606869,507.4,130.5,0,1,1,1
2023,45056,SB,39,110-49-3,Missouri,MO,0,92,0,2,1,"Rep. Burton, Michael [D]",0,1,0,0,1,0,0,0,0,,2022,7222,6897,,14119,0.023018626,-0.044763558,34.1,28.3,26.6,27.2,17.9,89.6,2.8,2.3,10.4,45.4,31.9,92,35.7,100,0,0.073800735,507.4,130.5,0,1,1,1
2023,45056,SB,39,110-49-3,Missouri,MO,0,93,0,2,1,"Rep. Walsh Moore, Bridget [D]",0,1,0,0,1,1,0,0,0,,2022,5117,4249,,9366,0.092675634,0.07244694,33.3,27.8,27.2,28.2,16.9,86.2,4.9,2.3,13.8,39.3,34,85.7,21.9,100,0,1.1376352,507.4,130.5,0,1,1,1
2023,45056,SB,39,110-49-3,Missouri,MO,0,94,0,2,1,"Rep. Murphy, Jim [R]",1,0,0,1,0,0,0,0,0,0.944,2022,7885,5919,,13804,0.14242248,-0.04909572,35,26.7,26.7,27.3,19.2,90.1,4.3,1.7,9.9,48.3,32.8,93,31.7,100,0,0.1716633,507.4,130.5,0,1,1,1
2023,45056,SB,39,110-49-3,Missouri,MO,0,95,0,2,1,"Rep. O'Donnell, Michael A. [R]",1,0,0,1,0,0,0,0,0,,2022,9805,6910,,16715,0.17319773,0.28364843,27.6,29.1,21.1,31.3,18.5,94.9,1.2,1.7,5.1,60.3,25.8,95.8,40.5,100,0,0.07159221,507.4,130.5,0,1,1,1
2023,45056,SB,39,110-49-3,Missouri,MO,0,96,0,2,1,"Rep. Christ, Brad [R]",1,0,0,1,0,0,0,0,0,,2022,9584,8012,,17596,0.08933849,-0.28772953,23,24.8,18.8,29,27.4,94.9,0.9,0.9,5.1,57.6,21.2,95.1,44.3,100,0,0.17446369,507.4,130.5,0,1,1,1
2023,45056,SB,39,110-49-3,Missouri,MO,0,97,0,2,1,"Rep. Casteel, David [R]",1,0,0,1,0,0,0,0,0,,2022,9307,,,9307,1,-0.068306595,33.9,31,28.2,26.2,14.6,92.1,1.4,3.4,7.9,49.2,27.2,90.4,24.2,100,0,0.24494366,351.6,169.8,0,1,1,1
2023,45056,SB,39,110-49-3,Missouri,MO,0,98,0,2,1,"Rep. Lavender, Deb [D]",0,1,0,0,1,1,0,0,0,-1.109,2022,8194,7718,,15912,0.02991453,-0.23236611,25.7,31,21.7,32,15.2,91.1,0.6,1.2,8.9,63.8,22.5,96.9,53.5,43.66267,56.33733,0.32758245,507.4,130.5,0,1,1,1
2023,45056,SB,39,110-49-3,Missouri,MO,0,99,0,2,1,"Rep. Mackey, Ian [D]",0,1,1,0,1,0,0,0,0,,2022,9724,5141,,14865,0.3083081,-0.20231518,33,29.9,26.8,28,15.5,83.6,3.6,3.6,16.4,54.3,26.8,94.7,50.9,31.258158,68.741844,0.22776079,507.4,130.5,0,1,1,1
2023,45056,SB,39,110-49-3,Missouri,MO,0,100,0,2,1,"Rep. Oehlerking, Philip [R]",1,0,0,1,0,0,0,0,0,,2022,8308,8129,,16437,0.010890065,0.19434857,24.6,29,20.2,28.9,21.6,86.5,2.7,2.6,13.5,61.7,20.1,96,58.5,99.268524,0.7314754,0.122908846,507.4,130.5,0,1,1,1
2023,45056,SB,39,110-49-3,Missouri,MO,0,101,0,2,1,"Rep. Keathley, Ben [R]",1,0,0,1,0,0,0,0,0,,2022,9311,8153,204,17668,0.06554222,0.4689924,25.2,31.5,20.2,32.7,15.7,82.5,2.2,3.7,17.5,65,23.2,97.9,65.7,99.21462,0.7853767,0.092395164,507.4,130.5,0,1,1,1
2023,45056,SB,39,110-49-3,Missouri,MO,0,102,0,2,1,"Rep. West, Richard W. [R]",1,0,0,1,0,0,0,0,0,,2022,11989,,,11989,1,0.047112502,28.9,33.1,23.8,29.8,13.4,86.7,4.1,2.6,13.3,63.3,24.1,97.1,48.5,79.589134,20.410864,0.1907049,496.5,145,0,1,1,1
2023,45056,SB,39,110-49-3,Missouri,MO,0,103,0,2,1,"Rep. Hinman, David \Dave\"" M. [R]""",1,0,0,1,0,0,0,0,0,,2022,9035,,,9035,1,0.33838993,30.5,33,25.2,29.1,12.8,88.4,3,2.6,11.6,59.6,25.8,95.9,42.1,74.326065,25.673933,0.077590466,496.5,145,0,1,1,1
2023,45056,SB,39,110-49-3,Missouri,MO,0,104,0,2,1,"Rep. Christofanelli, Phil [R]",1,0,1,1,0,0,0,0,0,1.367,2022,7963,6331,,14294,0.11417378,0.071392044,32.7,32.3,28.1,27.8,11.9,87.7,4.8,2.9,12.3,58.2,26.1,95.6,38.7,36.47898,63.52102,0.07389344,496.5,145,0,1,1,1
2023,45056,SB,39,110-49-3,Missouri,MO,0,105,0,2,1,"Rep. Schwadron, Adam [R]",1,0,0,1,0,0,0,0,0,,2022,5404,5305,242,10951,0.00904027,0.14662677,31.2,27.8,26.1,30.6,15.5,87.8,3.7,2.8,12.2,58.2,24.8,95.7,40,45.887386,54.112614,0.17405275,496.5,145,0,1,1,1
2023,45056,SB,39,110-49-3,Missouri,MO,0,106,0,2,1,"Rep. Wilson, Travis [R]",1,0,0,1,0,0,0,0,0,,2022,7595,6327,,13922,0.09107887,0.29721332,36.6,27.8,29.1,25.7,17.2,77.4,8.5,5.7,22.6,45,32.7,93.9,34.5,60.20139,39.79861,0.040591475,496.5,145,0,1,1,1
2023,45056,SB,39,110-49-3,Missouri,MO,0,107,0,2,1,"Rep. Matthiesen, Mark [R]",1,0,0,1,0,0,0,0,0,0.995,2022,8134,5427,,13561,0.19961655,0.3504789,33.2,31.5,27.2,26.4,14.8,89.1,4.3,3.1,10.9,51.5,27.1,93.8,29.8,48.314182,51.685818,0.199768,496.5,145,0,1,1,1
2023,45056,SB,39,110-49-3,Missouri,MO,0,108,0,2,1,"Rep. Hicks, Justin [R]",1,0,0,1,0,0,1,0,0,,2022,8862,5006,,13868,0.27805018,0.32717964,31.1,36,25.8,24.5,13.7,89.2,3.7,3.1,10.8,61.4,23.8,96.3,43,100,0,0.64411145,496.5,145,0,1,1,1
2023,45056,SB,39,110-49-3,Missouri,MO,0,109,0,2,1,"Rep. Marquart, Kyle [R]",1,0,0,1,0,0,0,0,0,,2022,12956,,,12956,1,0.42391732,28.6,33,23.2,29.3,14.4,96,0.7,1.6,4,57,25.3,90.5,23.6,49.148483,50.851517,0.59130913,509.3,201.6,0,1,1,1
2023,45056,SB,39,110-49-3,Missouri,MO,0,110,0,2,1,"Rep. Sparks, Justin [R]",1,0,0,1,0,0,0,0,0,,2022,11279,6296,,17575,0.28352773,0.12364463,27.2,31.3,22.9,30.8,14.8,89.2,2.2,2.7,10.8,59.1,24.4,94.8,47.5,17.11998,82.88002,0.30940595,507.4,130.5,0,1,1,1
2023,45056,SB,39,110-49-3,Missouri,MO,0,111,0,2,1,"Rep. Bonacker, Gary [R]",1,0,0,1,0,0,0,0,0,,2022,11056,,,11056,1,0.4443658,29.5,30.1,24,32.3,13.7,96,0.1,1.5,4,57.8,25.1,87.2,20,26.634382,73.365616,0.54576296,351.6,169.8,0,1,1,1
2023,45056,SB,39,110-49-3,Missouri,MO,0,112,0,2,1,"Rep. Reuter, Renee [R]",1,0,0,1,0,1,0,0,0,,2022,10625,,,10625,1,0.33904833,32.2,32.1,26.5,30.5,11,94.9,0.1,1.2,5.1,59.7,23.6,91,24.6,6.9813905,93.01861,0.21516173,351.6,169.8,0,1,1,1
2023,45056,SB,39,110-49-3,Missouri,MO,0,113,0,2,1,"Rep. Amato, Phil [R]",1,0,0,1,0,0,0,0,0,,2022,10160,,,10160,1,-0.10884129,33.2,33.1,27.7,25.5,13.6,93.8,0.8,2.3,6.2,51.3,29.2,89,22,66.31398,33.686016,0.2977055,351.6,169.8,0,1,1,1
2023,45056,SB,39,110-49-3,Missouri,MO,0,114,0,2,1,"Rep. Waller, Ken [R]",1,0,0,1,0,0,0,0,0,,2022,8540,4132,,12672,0.34785354,0.15017794,33.3,31.1,26.5,27.7,14.7,94.4,2.6,1.1,5.6,52.2,28.1,89.6,18.8,85.04894,14.951055,0.17564814,351.6,169.8,0,1,1,1
2023,45056,SB,39,110-49-3,Missouri,MO,0,115,0,2,1,"Rep. Buchheit-Courtway, Cyndi [R]",1,0,0,1,0,1,0,0,0,,2022,9583,3699,,13282,0.44300556,0.30592975,29.7,29.1,24.2,30,16.7,93.7,3.4,1.2,6.3,55.9,25.4,85.4,13,11.027978,88.97202,0,351.6,169.8,0,1,1,1
2023,45056,SB,39,110-49-3,Missouri,MO,0,116,0,2,1,"Rep. Wright, Dale L. [R]",1,0,0,1,0,0,0,0,0,,2022,8946,,,8946,1,0.33064273,29,28.7,24.1,27.8,19.4,94.9,1.4,1.6,5.1,57.6,23,88.9,20.3,7.3275514,92.67245,0,452.1,351.5,0,1,1,1
2023,45056,SB,39,110-49-3,Missouri,MO,0,117,0,2,1,"Rep. Henderson, Mike [R]",1,0,0,1,0,0,0,0,0,1.073,2022,8716,,,8716,1,0.400145,35.1,31.5,27.9,26.6,14.1,92.8,4.1,1.3,7.2,45.2,28.8,83.4,10.9,41.83316,58.16684,0.30122694,377.8,277.6,0,1,1,1
2023,45056,SB,39,110-49-3,Missouri,MO,0,118,0,2,1,"Rep. McGirl, Michael \Mike\"" P. [R]""",1,0,0,1,0,0,0,0,0,,2022,9412,3033,,12445,0.5125753,0.32870185,30.6,32.6,25.1,27.2,15.2,93.7,2,2.1,6.3,52.1,25.9,82,11.7,70.38205,29.617952,0.111973725,425.2,185.8,0,1,1,1
2023,45056,SB,39,110-49-3,Missouri,MO,0,119,0,2,1,"Rep. Banderman, Brad [R]",1,0,0,1,0,0,0,0,0,,2022,9122,,,9122,1,0.6345731,29.8,30,24.2,28.7,17.2,95.2,0.7,2.3,4.8,53.4,22.4,83.1,12.7,7.354621,92.64538,0,509.3,201.6,0,1,1,1
2023,45056,SB,39,110-49-3,Missouri,MO,0,120,0,2,1,"Rep. Copeland, Ron [R]",1,0,0,1,0,0,0,0,0,,2022,11028,,,11028,1,0.19248389,29,30.2,23.7,27.5,18.7,93.5,0.8,2.2,6.5,53.7,23.1,80.5,17.7,33.605022,66.39497,0,365.8,286.6,0,1,1,1
2023,45056,SB,39,110-49-3,Missouri,MO,0,121,0,2,1,"Rep. Hardwick, Bill [R]",1,0,0,1,0,0,0,0,0,,2022,3671,,,3671,1,0.334642,36.3,40.4,23.1,21.9,14.7,88.3,2.5,2.4,11.7,42.5,36.4,87.3,26.4,68.58218,31.417828,0.050713614,354.5,296.3,0,1,1,1
2023,45056,SB,39,110-49-3,Missouri,MO,0,122,0,2,1,"Rep. Peters, Tara J. [R]",1,0,0,1,0,1,0,0,0,,2022,7736,3456,,11192,0.382416,0.0613234,45.7,47.7,29.8,16.5,6,62.7,14.7,13.8,37.3,43.7,44.1,93.7,30.1,44.96501,55.03499,0,391.9,290.4,0,1,1,1
2023,45056,SB,39,110-49-3,Missouri,MO,0,123,0,2,1,"Rep. Thomas, Lisa [R]",1,0,0,1,0,1,0,0,0,,2022,13875,,,13875,1,0.1377544,28.1,27.5,22.9,29.1,20.6,95.3,0.7,1.9,4.7,54.5,22.6,86.2,17.6,93.191895,6.8081045,0.02930403,405.1,312.4,0,1,1,1
2023,45056,SB,39,110-49-3,Missouri,MO,0,124,0,2,1,"Rep. Mayhew, Don [R]",1,0,0,1,0,0,0,0,0,,2022,11374,,,11374,1,-0.03466903,21.3,26.4,16.2,29.6,28,94.2,0.7,2.9,5.8,59.3,21.5,90.4,22.9,44.412716,55.587284,0.13661203,435.9,282.85,0,1,1,1
2023,45056,SB,39,110-49-3,Missouri,MO,0,125,0,2,1,"Rep. Diehl, Dane [R]",1,0,0,1,0,0,0,0,0,,2022,10594,1708,,12302,0.72232157,0.45163816,20.7,24.6,17.2,28.6,29.5,94,0.4,1.7,6,54.8,16.7,84.5,12.5,37.565186,62.434814,0.025645958,422.9,309.3,0,1,1,1
2023,45056,SB,39,110-49-3,Missouri,MO,0,126,0,2,1,"Rep. Kalberloh, Jim [R]",1,0,0,1,0,0,0,0,0,,2022,11596,,,11596,1,0.35514644,28.2,32.6,22.2,26.4,18.8,94.1,1.2,2.1,5.9,55.7,22.1,87.7,16.8,12.806209,87.193794,0.014066676,450.1,359.25,0,1,1,1
2023,45056,SB,39,110-49-3,Missouri,MO,0,127,0,2,1,"Rep. Kelley, Ann [R]",1,0,0,1,0,1,0,0,0,,2022,11542,2024,,13566,0.7016069,0.2940167,27.1,30.6,22.2,27.7,19.6,92,0.2,3.8,8,56.5,22.8,86.2,16.3,62.09228,37.90772,0.356837,525.3,399.375,0,1,1,1
2023,45056,SB,39,110-49-3,Missouri,MO,0,128,0,2,1,"Rep. Stephens, Mike [R]",1,0,0,1,0,0,0,0,0,1.19,2022,10738,2296,,13034,0.64769065,0.50168407,29.5,35.5,21.1,25.1,18.4,94.2,0.8,2.5,5.8,51.4,27,87.5,19.8,93.58876,6.41124,0.4188633,363,286.65,0,1,1,1
2023,45056,SB,39,110-49-3,Missouri,MO,0,129,0,2,1,"Sen. Black, Rusty [R]",1,0,0,1,0,0,0,0,0,1.366,2022,11187,,,11187,1,0.49327943,27.1,33,22.2,27.3,17.5,93,0.2,2.5,7,57.7,20.5,81.9,13,96.69969,3.3003106,0.16714256,464.5,401.6,0,1,1,1
2023,45056,SB,39,110-49-3,Missouri,MO,0,130,0,2,1,"Rep. Davidson, Bishop [R]",1,0,0,1,0,0,0,0,0,,2022,9403,,,9403,1,0.3924876,32.6,33.8,27.5,25.2,13.5,93.8,1,1.9,6.2,62.1,19.7,90.7,23.9,32.344788,67.65521,0.19864374,478.9,335.1,0,1,1,1
2023,45056,SB,39,110-49-3,Missouri,MO,0,131,0,2,1,"Rep. Owen, Bill [R]",1,0,0,1,0,0,0,0,0,,2022,12453,,,12453,1,0.09394615,33.9,34.6,25,24.3,16.3,88.7,4.6,3.2,11.3,46.5,30.1,86.9,20.1,4.7291656,95.270836,0.33713374,478.9,335.1,0,1,1,1
2023,45056,SB,39,110-49-3,Missouri,MO,0,132,0,2,1,"Rep. Quade, Crystal [D]",0,1,0,0,1,1,0,0,0,-1.015,2022,3931,3045,,6976,0.12700689,0.011799386,45.8,50.3,23.1,18.9,7.9,80.1,7.2,7.1,19.9,22.5,56.7,82.8,16.4,43.68859,56.31141,0.54347825,478.9,335.1,0,1,1,1
2023,45056,SB,39,110-49-3,Missouri,MO,0,133,0,2,1,"Rep. Stinnett, Melanie [R]",1,0,0,1,0,1,0,0,0,,2022,4433,4025,,8458,0.048238356,0.003297265,37.6,33.8,28.3,23.3,14.4,85.9,3.3,4.2,14.1,53.3,29,93.4,31.8,34.566486,65.43351,0.86326593,478.9,335.1,0,1,1,1
2023,45056,SB,39,110-49-3,Missouri,MO,0,134,0,2,1,"Rep. Riley, Alex [R]",1,0,0,1,0,0,0,0,0,,2022,8844,5170,,14014,0.2621664,0.1786344,41.3,34.4,27.2,21.5,16.9,83.5,4.6,4.9,16.5,46,34.2,92.2,32.4,77.805145,22.194859,0.2151288,478.9,335.1,0,1,1,1
2023,45056,SB,39,110-49-3,Missouri,MO,0,135,0,2,1,"Rep. Fogle, Betsy [D]",0,1,0,0,1,1,0,0,0,,2022,6040,4700,,10740,0.12476722,0.15912755,39.7,33.9,28.4,21.7,16,88.5,2.6,3.3,11.5,41.4,34.7,94.1,32.6,99.80447,0.19553527,0.49988237,478.9,335.1,0,1,1,1
2023,45056,SB,39,110-49-3,Missouri,MO,0,136,0,2,1,"Rep. Hein, Stephanie [D]",0,1,0,0,1,1,0,0,0,,2022,6864,6662,,13526,0.014934201,0.30854717,29.1,26,23.1,26.7,24,91.4,0.9,1.7,8.6,56.3,22.6,96.8,46.7,99.45433,0.5456678,0.283176,478.9,335.1,0,1,1,1
2023,45056,SB,39,110-49-3,Missouri,MO,0,137,0,2,1,"Rep. Chappell, Darin [R]",1,0,0,1,0,0,0,0,0,,2022,1,,,1,1,0.19497715,28.1,32.1,22.9,28.3,16.8,94,0.7,1.8,6,60.7,20.3,92.5,25.8,100,0,0.16735841,478.9,335.1,0,1,1,1
2023,45056,SB,39,110-49-3,Missouri,MO,0,138,0,2,1,"Rep. Hudson, Brad [R]",1,0,0,1,0,0,0,0,0,,2022,14317,,,14317,1,0.27294016,22,23.7,17.6,29.8,29,95.4,0.2,2.1,4.6,61,17.8,87.4,19.3,100,0,0.12264922,508.45,402.8,0,1,1,1
2023,45056,SB,39,110-49-3,Missouri,MO,0,139,0,2,1,"Rep. Titus, Bob [R]",1,0,0,1,0,0,0,0,0,,2022,12005,,,12005,1,0.31642047,31.6,33,27.3,26,13.9,92.7,0.4,3.1,7.3,59.1,22.3,92.4,29.2,55.754387,44.245613,0.22574863,684.6,609.4,0,1,1,1
2023,45056,SB,39,110-49-3,Missouri,MO,0,140,0,2,1,"Rep. Gragg, Jamie Ray [R]",1,0,0,1,0,0,0,0,0,,2022,10592,3107,,13699,0.54639024,0.28285122,33,33.7,26.4,24.2,15.7,93.9,1,2.8,6.1,58.7,21.1,91.2,27.7,78.76708,21.23292,0.027567195,684.6,609.4,0,1,1,1
2023,45056,SB,39,110-49-3,Missouri,MO,0,141,0,2,1,"Rep. Kelly, Hannah [R]",1,0,0,1,0,1,0,0,0,1.923,2022,12842,,,12842,1,0.25448468,27.1,33.9,22,26.8,17.3,95.1,0.8,1.9,4.9,55.6,22.1,81.5,12.8,46.662502,53.337498,0.08169328,495.35,434.05,0,1,1,1
2023,45056,SB,39,110-49-3,Missouri,MO,0,142,0,2,1,"Rep. Knight, Jeff [R]",1,0,0,1,0,0,0,0,0,1.725,2022,10698,,,10698,1,0.23591328,28.6,30.6,23,27.1,19.2,91.6,2.2,1.9,8.4,51.8,23.5,83.5,14,45.431873,54.568127,0.023683587,461.5,356.1,0,1,1,1
2023,45056,SB,39,110-49-3,Missouri,MO,0,143,0,2,1,"Rep. Cook, Bennie [R]",1,0,0,1,0,0,0,0,0,,2022,11857,2088,,13945,0.7005378,0.5824927,25.1,29.2,20.6,28.5,21.8,94.3,0.3,1.7,5.7,52,21.9,81.2,14.2,22.806282,77.19372,0.08483563,453.96667,352.13333,0,1,1,1
2023,45056,SB,39,110-49-3,Missouri,MO,0,144,0,2,1,"Rep. Dinkins, Chris [R]",1,0,0,1,0,1,0,0,0,1.069,2022,11903,,,11903,1,0.69417596,26,27.3,21.2,30,21.5,94.6,1,2,5.4,54.1,20.8,78.1,11,22.067835,77.93217,0.07770557,415.27142,316.2,0,1,1,1
2023,45056,SB,39,110-49-3,Missouri,MO,0,145,0,2,1,"Rep. Francis, Rick [R]",1,0,0,1,0,0,0,0,0,1.381,2022,10460,,,10460,1,0.06620257,28.5,30,23.2,28.5,18.3,95.6,0.6,1.7,4.4,58.2,22.2,83.1,13,31.00746,68.99254,0.1418919,594.7,193.85,0,1,1,1
2023,45056,SB,39,110-49-3,Missouri,MO,0,146,0,2,1,"Rep. Hovis, Barry D. [R]",1,0,0,1,0,0,0,0,0,,2022,13244,,,13244,1,0.6043895,30.4,31.5,25,26.9,16.4,93.4,1.6,2.1,6.6,57.2,23.4,90.4,27.4,39.59536,60.40464,0.41107154,584.7,332.1,0,1,1,1
2023,45056,SB,39,110-49-3,Missouri,MO,0,147,0,2,1,"Rep. Voss, John [R]",1,0,0,1,0,0,0,0,0,,2022,6971,3390,449,10810,0.33126736,0.2460935,38.6,40.3,22.5,21.8,15.5,78.7,13.5,2.5,21.3,36.6,43.3,91.1,34.2,6.1105995,93.8894,0.4536222,584.7,332.1,0,1,1,1
2023,45056,SB,39,110-49-3,Missouri,MO,0,148,0,2,1,"Rep. Burger, Jamie [R]",1,0,0,1,0,0,0,0,0,,2022,10107,,,10107,1,0.1329558,30.8,29,25.4,27,18.6,84.1,11,2.1,15.9,51.2,26.2,82.5,15.9,43.11742,56.88258,0.044267375,542.6,291,0,1,1,1
2023,45056,SB,39,110-49-3,Missouri,MO,0,149,0,2,1,"Rep. Brown, Donnie [R]",1,0,0,1,0,0,0,0,0,,2022,7858,,,7858,1,0.21738917,28.2,34.1,22.9,26.2,16.6,70.2,25.1,2.1,29.8,44.1,29.4,77.7,10.9,62.621773,37.378227,0.24896856,554,432.2,0,1,1,1
2023,45056,SB,39,110-49-3,Missouri,MO,0,150,0,2,1,"Rep. Bunting Parker, Cameron [R]",1,0,0,1,0,1,0,0,0,,2022,8015,,,8015,1,-0.06410012,28.8,33.7,23.2,25.8,17.3,78.5,12.2,6.5,21.5,44.4,27.4,75,13.3,22.445936,77.55406,0.28463674,485.53333,381.4,0,1,1,1
2023,45056,SB,39,110-49-3,Missouri,MO,0,151,0,2,1,"Rep. Morse, Herman [R]",1,0,0,1,0,0,0,0,0,1.046,2022,11225,,,11225,1,0.23849605,29.5,30.7,23.5,26.9,18.8,95.3,1.3,1.7,4.7,51.3,22.3,81.5,12.8,31.158897,68.8411,0.22696646,448.4,277.63333,0,1,1,1
2023,45056,SB,39,110-49-3,Missouri,MO,0,152,0,2,1,"Rep. Billington, Hardy [R]",1,0,0,1,0,0,0,0,0,,2022,8647,,,8647,1,0.35524854,28.6,32.8,22.5,26.1,18.7,85.1,9.4,2.2,14.9,43.2,27.9,81.8,12.8,8.315035,91.68497,0.18539646,397.3,293.4,0,1,1,1
2023,45056,SB,39,110-49-3,Missouri,MO,0,153,0,2,1,"Rep. Atchison, Darrell [R]",1,0,0,1,0,0,0,0,0,,2022,11988,,,11988,1,0.5622235,28.2,30.3,22.9,27.6,19.1,94.5,1,1.3,5.5,53,22,81.3,13.7,6.011672,93.98833,0.057000358,407.75,341.5,0,1,1,1
2023,45056,SB,39,110-49-3,Missouri,MO,0,154,0,2,1,"Rep. Evans, David [R]",1,0,0,1,0,0,0,0,0,,2022,11329,,,11329,1,0.3944921,29.5,31.8,23.3,25.7,19.1,94.2,0.5,2.2,5.8,55.2,22.4,88.1,17.1,56.991425,43.008575,0.076660395,417.4,332.3,0,1,1,1
2023,45056,SB,39,110-49-3,Missouri,MO,0,155,0,2,1,"Rep. Smith, Travis [R]",1,0,0,1,0,0,0,0,0,,2022,13758,,,13758,1,0.6538983,23.5,26.4,19,29.6,25.1,95.2,0.4,1.9,4.8,57.1,19.5,84.3,12,29.391521,70.60848,0,338.15,261.325,0,1,1,1
2023,45056,SB,39,110-49-3,Missouri,MO,0,156,0,2,1,"Rep. Seitz, Brian H. [R]",1,0,0,1,0,0,0,0,0,,2022,8730,2480,,11210,0.5575379,0.12126715,31.6,33.4,23.2,24.7,18.7,87.8,1.4,7,12.2,52,25.5,88.8,19.9,11.555908,88.44409,0.8990948,432.5,370.1,0,1,1,1
2023,45056,SB,39,110-49-3,Missouri,MO,0,157,0,2,1,"Rep. Boggs, Mitch [R]",1,0,0,1,0,0,0,0,0,,2022,10765,,,10765,1,0.33407557,27.8,33,22.6,26.6,17.7,90,0.6,6.8,10,56.4,22,83.2,15.4,43.603893,56.396107,0.26910275,527,413.6,0,1,1,1
2023,45056,SB,39,110-49-3,Missouri,MO,0,158,0,2,1,"Rep. Cupps, Scott [R]",1,0,0,1,0,0,0,0,0,,2022,10808,,,10808,1,0.62496805,26.7,30.9,21.4,28.1,19.7,85.8,0.2,9.5,14.2,56.7,21.3,82.3,14.3,99.71298,0.28701565,0.014547571,455.2,344.25,0,1,1,1
2023,45056,SB,39,110-49-3,Missouri,MO,0,159,0,2,1,"Rep. Deaton, Dirk E. [R]",1,0,0,1,0,0,0,0,0,,2022,10628,,,10628,1,0.08793076,29.6,32.7,23.9,27.4,16,80.8,1.3,9.2,19.2,56,23.7,78.7,12.4,25.871897,74.128105,0.14067996,443.8,353.05,0,1,1,1
2023,45056,SB,39,110-49-3,Missouri,MO,0,160,0,2,1,"Rep. Baker, Ben [R]",1,0,0,1,0,0,0,0,0,,2022,11034,,,11034,1,0.27868965,30.5,33.8,24.2,25.6,16.4,86.1,0.8,6,13.9,57.1,22.9,86.8,17.9,62.67893,37.32107,0.10969423,443.8,353.05,0,1,1,1
2023,45056,SB,39,110-49-3,Missouri,MO,0,161,0,2,1,"Roberts, Lane",1,0,0,1,0,0,0,0,0,-0.923,2022,6804,,,6804,1,0.06692473,35,32.8,27,24.2,16.1,85.5,3.1,3.3,14.5,46.4,29.7,90.4,25.1,48.129032,51.870968,0.66875356,496.4,349.4,0,1,1,1
2023,45056,SB,39,110-49-3,Missouri,MO,0,162,0,2,1,"Rep. Bromley, Robert \Bob\"" [R]""",1,0,0,1,0,0,0,0,0,,2022,9849,,,9849,1,0.18890198,33.1,35.7,25.1,24.7,14.6,86.7,2.2,5.1,13.3,47.1,31.2,88.5,27.1,38.789207,61.210793,0.090159714,496.4,349.4,0,1,1,1
2023,45056,SB,39,110-49-3,Missouri,MO,0,163,0,2,1,"Rep. Smith, Cody [R]",1,0,0,1,0,0,0,0,0,1.765,2022,8891,,,8891,1,0.61695087,31.6,35.5,26.3,23.3,14.9,79.1,1.3,14.6,20.9,53.6,24.8,83.8,22.4,47.595867,52.404133,0.34449187,496.4,349.4,0,1,1,1
2021,44309,HB,112,27 Y 23 N,Montana,MT,1,1,0,4,1,"Sen. Cuffe, Mike [R]",1,0,0,1,0,0,0,0,0,1.126,2018,7333,1484,,8817,0.6633776,0.5332661,,23.6,17.4,32,27,92.9,0.1,3,7.1,54.9,19.5,87.8,20.2,18.058355,81.94164,0,305.6,176.6,0,1,0,0
2021,44309,HB,112,27 Y 23 N,Montana,MT,1,2,0,4,1,"Sen. Glimm, Carl [R]",1,0,0,1,0,0,0,0,0,1.512,2020,8760,4066,,12826,0.36597535,0.17291585,,27.1,22.9,31.4,18.6,93.7,0.4,1.9,6.3,58,22.4,93.5,23.1,50.174015,49.825985,0.42022,370.2,235,0,1,0,0
2021,44309,HB,112,27 Y 23 N,Montana,MT,1,3,0,4,1,"Sen. Regier, Keith [R]",1,0,0,1,0,0,0,0,0,1.291,2020,8334,6588,,14922,0.11700845,0.3515461,,27.5,24.9,29.7,18,94.2,0.2,1.9,5.8,54.8,25.8,95.7,45.2,23.507761,76.49224,0.03441946,370.2,235,0,1,0,0
2021,44309,HB,112,27 Y 23 N,Montana,MT,1,4,0,4,1,"Sen. Blasdel, Mark W. [R]",1,0,0,1,0,0,0,0,0,1.257,2018,5626,3097,,8723,0.2899232,0.05565233,,33.9,27.9,24.7,13.5,91.5,0.3,3.7,8.5,47.1,28.4,93,24.2,95.689926,4.310071,0.17524645,370.2,235,0,1,0,0
2021,44309,HB,112,27 Y 23 N,Montana,MT,1,5,0,4,1,"Sen. Keenan, Bob [R]",1,0,0,1,0,0,0,0,0,1.309,2018,1,0,,1,1,-0.012604072,,27.6,20.4,28.4,23.4,91.2,0.4,4.3,8.8,58.6,22.7,93.5,26.7,18.668953,81.33105,0.18162005,332.75,153.6,0,1,0,0
2021,44309,HB,112,27 Y 23 N,Montana,MT,1,6,0,4,1,"Sen. Hertz, Greg [R]",1,0,0,1,0,0,0,0,0,1.05,2020,1,0,,1,1,-0.003418422,,27.6,19.3,29.1,24,86.6,0.3,2,13.4,58.3,21.2,93.7,32.7,21.50887,78.491135,0.39220494,332.75,153.6,0,1,0,0
2021,44309,HB,112,27 Y 23 N,Montana,MT,1,7,0,4,1,"Sen. Brown, Bob [R]",1,0,0,1,0,0,0,0,0,1.673,2020,9560,3187,,12747,0.49996078,0.33730116,,24.3,17.2,31.4,27.2,91.1,0.1,2.3,8.9,58.9,21,90.5,19.4,0,100,0.1814443,287.225,142.975,0,1,0,0
2021,44309,HB,112,27 Y 23 N,Montana,MT,1,8,0,4,1,"Sen. Webber, Susan A [D]",0,1,0,0,1,1,0,0,1,-1.239,2018,1,0,,1,1,0.07355679,,40.7,23.4,22.8,12.9,30.7,0.4,3.8,69.3,41.3,38.9,88.6,19.2,19.002995,80.99701,0.638089,517.55,166.275,0,1,0,0
2021,44309,HB,112,27 Y 23 N,Montana,MT,1,9,0,4,1,"Sen. Gillespie, Bruce \Butch\"" [R]""",1,0,0,1,0,0,0,0,0,,2018,6347,2318,,8665,0.46497405,0.14313659,,30.8,21.7,27.9,19.5,88.4,0.2,3.1,11.6,55,24.3,90.5,21.9,25.718832,74.281166,0.07966012,603.06,167.64,0,1,0,0
2021,44309,HB,112,27 Y 23 N,Montana,MT,1,10,0,4,1,"Sen. Fitzpatrick, Steve [R]",1,0,0,1,0,0,0,0,0,0.939,2020,1,0,,1,1,0.301262,,28.3,20.1,30.5,20.9,89.9,0.2,3.3,10.1,66.6,17,92.3,32.3,56.905277,43.094723,0,378.1,201.5,0,1,0,0
2021,44309,HB,112,27 Y 23 N,Montana,MT,1,11,0,4,1,"Sen. Jacobson, Tom [D]",0,1,0,0,1,0,0,0,0,-0.487,2018,4706,3478,,8184,0.15004888,0.002595646,,31.8,23.9,27,17.3,87,0.5,2.1,13,50.3,29,91.2,22.3,100,0,0.19880715,378.1,201.5,0,1,0,0
2021,44309,HB,112,27 Y 23 N,Montana,MT,1,12,0,4,1,"Sen. Boland, Carlie Cyndie[D]",0,1,0,0,1,1,0,0,0,-1.285,2018,3680,3472,,7152,0.029082773,0.07710717,,33.6,23.9,21.4,21.2,81.3,1.1,6.1,18.7,44.1,30,90.2,23.2,98.26999,1.7300096,0.035124693,378.1,201.5,0,1,0,0
2021,44309,HB,112,27 Y 23 N,Montana,MT,1,13,0,4,1,"Sen. Hoven, Brian [R]",0,1,0,1,0,0,0,0,0,0.666,2018,3315,2738,176,6229,0.09263124,0.11110517,,36.7,30.3,21,12,82.8,3.4,6.5,17.2,46.7,32.2,92.6,24.9,78.33695,21.663046,0.12629162,378.1,201.5,0,1,0,0
2021,44309,HB,112,27 Y 23 N,Montana,MT,1,14,0,4,1,"Sen. Tempel, Russel \Russ\"" [R]""",1,0,0,1,0,0,0,0,0,0.674,2018,4526,4394,,8920,0.014798206,0.3200584,,33.1,22.9,26,18.1,86.6,0.1,3.1,13.4,50.7,28.8,90.1,25.7,45.928337,54.071663,0.59317845,490.725,228.3,0,1,0,0
2021,44309,HB,112,27 Y 23 N,Montana,MT,1,15,0,4,1,"Sen. Osmundson, Ryan [R]",1,0,0,1,0,0,0,0,0,1.178,2020,1,0,,1,1,-0.014886858,,26.5,21.8,29.3,22.4,94.2,0.1,2.5,5.8,57.1,21.1,92.6,27.8,31.986013,68.013985,0.04804228,342.12857,152.41429,0,1,0,0
2021,44309,HB,112,27 Y 23 N,Montana,MT,1,16,0,4,1,"Sen. Fox, Mike [D]",0,1,0,0,1,0,0,0,1,,2020,1,0,,1,1,0.060632322,,42.9,24.3,22.7,10.1,28.8,0.2,3.6,71.2,39.4,42.2,86.7,17.6,30.979403,69.0206,0.08225037,374.91666,92.76667,0,1,0,0
2021,44309,HB,112,27 Y 23 N,Montana,MT,1,17,0,4,1,"Sen. Lang, Mike L. [R]",1,0,0,1,0,0,0,0,0,1.053,2020,1,0,,1,1,-0.022143029,,28.8,21.1,27.5,22.7,88.5,0.2,2.7,11.5,56,24.2,92.2,22.4,58.008602,41.991398,0,383.22858,115.62857,0,1,0,0
2021,44309,HB,112,27 Y 23 N,Montana,MT,1,18,0,4,1,"Sen. Hinebauch, Steve [R]",1,0,0,1,0,0,0,0,0,1.655,2020,8618,2378,,10996,0.5674791,0.21266711,,31.4,25.2,27.1,16.1,90.8,0.5,4.3,9.2,54.3,24.9,92.8,20,16.072283,83.92772,0,548.56665,245.56667,0,1,0,0
2021,44309,HB,112,27 Y 23 N,Montana,MT,1,19,0,4,1,"Sen. Bogner, Kenneth [R]",1,0,0,1,0,0,0,0,0,,2018,7334,1737,,9071,0.61702126,0.15063377,,29.5,22.4,27.5,20.5,93.5,0.5,2.8,6.5,56.9,23,93.1,20.1,62.60107,37.39893,0.17535655,401.5,122.21429,0,1,0,0
2021,44309,HB,112,27 Y 23 N,Montana,MT,1,20,0,4,1,"Sen. Ankney, Duane [R]",0,1,0,1,0,0,0,0,0,0.612,2018,1,0,,1,1,0.02559246,,30.1,20.5,30.4,19.2,91.6,0,4,8.4,60.1,20.2,91.4,19.2,48.33601,51.66399,0,405.68,130.46,0,1,0,0
2021,44309,HB,112,27 Y 23 N,Montana,MT,1,21,0,4,1,"Sen. Small, Jason D. [R]",1,0,0,1,0,0,0,0,1,0.533,2020,4023,2937,,6960,0.15603448,0.1023978,,41.8,22.2,24,12,31.5,0.1,5.2,68.5,48.1,35.7,88.1,18.6,22.301378,77.69862,0.08812126,398.25,109.225,0,1,0,0
2021,44309,HB,112,27 Y 23 N,Montana,MT,1,22,0,4,1,"Sen. Kary, Douglas \Doug\"" [R]""",1,0,0,1,0,0,0,0,0,1.243,2018,5120,3349,,8469,0.2091156,0.17410165,,33.8,27.4,23.2,15.7,87.6,0.2,4.7,12.4,54.9,24.8,94.3,25.4,30.572342,69.42766,0,335.6,142,0,1,0,0
2021,44309,HB,112,27 Y 23 N,Montana,MT,1,23,0,4,1,"Sen. McGillvray, Tom [R]",1,0,0,1,0,0,0,0,0,1.251,2020,1,0,,1,1,0.26283494,,29.6,25.3,25.4,19.8,88.8,0.6,4.8,11.2,61.6,20.4,95.8,42.9,27.433096,72.5669,0.16105054,335.6,142,0,1,0,0
2021,44309,HB,112,27 Y 23 N,Montana,MT,1,24,0,4,1,"Sen. McNally, Mary [D]",0,1,0,0,1,1,0,0,0,-0.861,2018,4608,3927,,8535,0.0797891,-0.14969927,,33.6,26.7,23.5,16,88,0.8,4.9,12,42.9,36.4,95.5,41.7,99.55147,0.44853106,0.23150827,335.6,142,0,1,0,0
2021,44309,HB,112,27 Y 23 N,Montana,MT,1,25,0,4,1,"Sen. Gross, Jen [D]",0,1,0,0,1,1,0,0,0,-1.36,2020,4146,3912,,8058,0.029039465,0.034428306,,30.8,31.4,25.4,12.4,82,1.5,5.9,18,39.6,35.4,91.9,25.7,100,0,0.31228313,335.6,142,0,1,0,0
2021,44309,HB,112,27 Y 23 N,Montana,MT,1,26,0,4,1,"Sen. Friedel, Chris [R]",1,0,0,1,0,0,0,0,0,,2020,4823,4355,,9178,0.0509915,-0.034104403,,33.5,28.1,24.1,14.4,77.4,0.4,8.6,22.6,40.2,33.9,88.6,19.2,100,0,0.6002945,335.6,142,0,1,0,0
2021,44309,HB,112,27 Y 23 N,Montana,MT,1,27,0,4,1,"Sen. Smith, Cary [R]",1,0,0,1,0,0,0,0,0,1.521,2018,8671,4060,,12731,0.3621868,0.15988182,,30.2,23,28.2,18.5,91,0.3,5.8,9,58.8,24.1,96,40.4,97.81371,2.1862872,0.58939093,335.6,142,0,1,0,0
2021,44309,HB,112,27 Y 23 N,Montana,MT,1,28,0,4,1,"Sen. Molnar, Bradley \Brad\"" A. [R]""",1,0,0,1,0,0,0,0,0,1.226,2020,1,0,,1,1,-0.13605343,,31.7,25.1,27.8,15.4,88.7,0.5,4.5,11.3,58.6,23.2,93.9,24.1,99.97874,0.021260763,0.3732691,335.6,142,0,1,0,0
2021,44309,HB,112,27 Y 23 N,Montana,MT,1,29,0,4,1,"Sen. Howard, David [R]",1,0,0,1,0,0,0,0,0,1.239,2018,7351,3649,,11000,0.33654547,0.28568867,,25.6,19.6,31.7,23.1,93.4,0.3,3.1,6.6,58,20.4,94.4,29,66.21396,33.78604,0.04730369,281.13333,103.333336,0,1,0,0
2021,44309,HB,112,27 Y 23 N,Montana,MT,1,30,0,4,1,"Sen. Esp, John [R]",1,0,0,1,0,0,0,0,0,1.235,2018,6254,5214,296,11764,0.0884053,0.17862177,,24.5,22.6,30.5,22.4,93.7,0.3,3,6.3,56.9,22.8,95.6,31.8,0,100,0,295.8,102.23333,0,1,0,0
2021,44309,HB,112,27 Y 23 N,Montana,MT,1,31,0,4,1,"Sen. Pope, Christopher [D]",0,1,0,0,1,0,0,0,0,-1.263,2020,11018,5596,,16614,0.32635126,0.13150665,,33.9,23.2,27.2,15.7,92.5,0.2,3.1,7.5,53.5,35.2,98.6,66.1,38.907417,61.092583,0.18703927,295.4,109.6,0,1,0,0
2021,44309,HB,112,27 Y 23 N,Montana,MT,1,32,0,4,1,"Sen. Flowers, Pat [D]",0,1,0,0,1,0,0,0,0,,2018,5979,5552,336,11867,0.035982136,0.046629325,,42.2,28.3,19.6,9.9,89.3,0.9,5,10.7,42.8,46,96.5,48.2,80.59037,19.409628,0.25057197,295.4,109.6,0,1,0,0
2021,44309,HB,112,27 Y 23 N,Montana,MT,1,33,0,4,1,"Sen. Pomnichowski, Jennifer \JP\"" [D]""",0,1,0,0,1,1,0,0,0,-1.371,2018,1,0,,1,1,-0.07007769,,39,36,16.5,8.4,90.2,0.3,3.2,9.8,37.1,47.6,97.3,52.6,100,0,0,295.4,109.6,0,1,0,0
2021,44309,HB,112,27 Y 23 N,Montana,MT,1,34,0,4,1,"Sen. Vance, Gordon [R]",1,0,0,1,0,0,0,0,0,1.418,2018,6231,3370,,9601,0.2979898,0.24080475,,34.1,33.2,22.2,10.3,94.3,0.1,3.8,5.7,58.7,27.4,95.8,36.5,52.90936,47.09064,0,295.4,109.6,0,1,0,0
2021,44309,HB,112,27 Y 23 N,Montana,MT,1,35,0,4,1,"Sen. Sales, Walt [R]",1,0,0,1,0,0,0,0,0,0.501,2020,1,0,,1,1,0.36235836,,28.2,21.3,31.3,19.2,92.5,0,3.1,7.5,61.9,19.5,94.5,32.7,24.316221,75.68378,0,262.76666,87.9,0,1,0,0
2021,44309,HB,112,27 Y 23 N,Montana,MT,1,36,0,4,1,"Sen. Welborn, Jeffrey W. [R]",0,1,0,1,0,0,0,0,0,0.833,2020,10526,2706,,13232,0.59099156,0.46320805,,26.9,19.4,29.4,24.1,91.1,0.2,4.3,8.9,57.4,25.5,95.4,31.6,15.755486,84.244514,0.1121705,355.675,89.675,0,1,0,0
2021,44309,HB,112,27 Y 23 N,Montana,MT,1,37,0,4,1,"Sen. Lynch, Ryan [D]",0,1,0,0,1,0,0,0,0,-0.843,2020,6141,3337,,9478,0.295843,-0.013399082,,35.5,21.9,27.6,15,88.1,1,5.9,11.9,37.9,37.2,90.3,22.3,83.49256,16.507437,0.19721705,437.7,58.7,0,1,0,0
2021,44309,HB,112,27 Y 23 N,Montana,MT,1,38,0,4,1,"Sen. McClafferty, Edith \Edie\"" [D]""",0,1,0,0,1,1,0,1,0,-1.025,2020,6643,6586,,13229,0.004308716,-0.020493062,,28.2,21,28.9,21.9,93.6,0,2.7,6.4,56.2,22.1,94.3,34.8,94.921875,5.078125,0.3624094,357.25,65.65,0,1,0,0
2021,44309,HB,112,27 Y 23 N,Montana,MT,1,39,0,4,1,"Sen. Sweeney, Mark A. [D]",0,1,0,0,1,0,0,0,0,,2020,4450,4306,1261,10017,0.014375562,-0.1706875,,24.1,23.1,31.5,21.3,91.2,0.5,2.7,8.8,47.8,27.8,89.9,19.6,49.55793,50.44207,0.20168915,329.275,59.85,0,1,0,0
2021,44309,HB,112,27 Y 23 N,Montana,MT,1,40,0,4,1,"Sen. Gauthier, Terry J. [R]",1,0,0,1,0,0,0,0,0,0.595,2020,8504,5560,,14064,0.20932879,0.07238469,,28.4,23.6,32.1,15.8,92.6,0.1,3.8,7.4,56.2,24.4,95.1,39.9,93.11679,6.8832083,0.034510527,326.2,110.5,0,1,0,0
2021,44309,HB,112,27 Y 23 N,Montana,MT,1,41,0,4,1,"Sen. Ellis, Janet H. [D]",0,1,0,0,1,1,0,0,0,-1.45,2018,6065,4436,,10501,0.15512808,-0.18376747,,31.8,24.9,26.1,17,90.9,0.4,2.7,9.1,50.8,30.3,95.1,39.4,87.310265,12.689739,0.15919946,348.2,114.2,0,1,0,0
2021,44309,HB,112,27 Y 23 N,Montana,MT,1,42,0,4,1,"Sen. Cohenour, Jill [D]",0,1,0,0,1,1,0,0,0,-1.208,2018,5556,4180,,9736,0.14133114,0.32450247,,30.9,25.2,25.1,18.8,92.2,0.4,2.2,7.8,45.1,29.7,94.2,36.8,6.9897647,93.01024,0.33026657,348.2,114.2,0,1,0,0
2021,44309,HB,112,27 Y 23 N,Montana,MT,1,43,0,4,1,"Sen. Ellsworth, Jason W. [R]",1,0,0,1,0,0,0,0,0,,2018,6990,4274,,11264,0.24112216,-0.0499881,,23.2,18.3,31.8,26.6,91.1,0.2,5,8.9,55,23.2,90.6,26.4,51.38133,48.61867,0,283.6,129.2,0,1,0,0
2021,44309,HB,112,27 Y 23 N,Montana,MT,1,44,0,4,1,"Sen. Manzella, Theresa [R]",1,0,0,1,0,1,0,0,1,1.517,2020,9485,4626,,14111,0.3443413,0.20009896,,29,19.9,28.9,22.1,94.9,0,2,5.1,58.7,20.3,91.3,27.7,32.712013,67.28799,0,283.6,129.2,0,1,0,0
2021,44309,HB,112,27 Y 23 N,Montana,MT,1,45,0,4,1,"Sen. Boldman, Ellie [D]",0,1,0,0,1,1,0,0,0,,2020,7045,4045,435,11525,0.26030368,-0.06494882,,41.1,23.1,23.2,12.6,85.7,0.9,3.5,14.3,45.7,41.3,96.2,54.1,0,100,0.16313213,267.7,85.7,0,1,0,0
2021,44309,HB,112,27 Y 23 N,Montana,MT,1,46,0,4,1,"Sen. O'Brien, Shannon [D]",0,1,0,0,1,1,0,0,0,,2020,8362,4296,,12658,0.32121977,-0.37594792,,30.9,25.6,26.5,17.1,91.3,0.4,2.6,8.7,46.4,38.3,95.3,44.5,46.592293,53.407707,0.6187327,267.7,85.7,0,1,0,0
2021,44309,HB,112,27 Y 23 N,Montana,MT,1,47,0,4,1,"Sen. Salomon, Daniel R. [R]",0,1,0,1,0,0,0,0,0,0.764,2020,5983,4918,581,11482,0.09275387,-0.17454617,,32.5,23.8,28.5,15.2,73.8,0.4,3.5,26.2,52,28.3,92.4,32.6,94.50205,5.4979506,1.4280438,281.5,78.95,0,1,0,0
2021,44309,HB,112,27 Y 23 N,Montana,MT,1,48,0,4,1,"Sen. Morigeau, Shane A. [D]",0,1,0,0,1,0,0,0,1,-1.294,2018,,,,0,1,-0.09036593,,34.8,32.1,19.5,13.6,89.8,0.3,4.3,10.2,37.5,39.4,93.2,34.3,99.777176,0.22282162,0.33676904,267.7,85.7,0,1,0,0
2021,44309,HB,112,27 Y 23 N,Montana,MT,1,49,0,4,1,"Sen. Sands, Diane [D]",0,1,1,0,1,1,0,0,0,-1.089,2018,5579,5236,,10815,0.03171521,-0.36011562,,31.1,26.1,25.7,17.2,92.1,0.1,3,7.9,52.9,29.5,96.4,36.4,96.69238,3.3076172,1.2239021,267.7,85.7,0,1,0,0
2021,44309,HB,112,27 Y 23 N,Montana,MT,1,50,0,4,1,"Sen. Bennett, Bryce [D]",0,1,1,0,1,0,0,0,0,-1.315,2018,8127,3130,,11257,0.44390157,0.07377955,,31.7,34.7,21.6,12,89.5,0.7,3,10.5,41.9,41.4,96.5,46.6,64.83077,35.16923,0.09669102,267.7,85.7,0,1,0,0
2021,44309,HB,112,60 Y 39 N 1 Abs,Montana,MT,0,1,0,2,1,"Rep. Gunderson, Steve [R]",1,0,0,1,0,0,0,0,0,1.121,2020,3721,1518,,5239,0.4205001,0.20896924,,21.8,16.7,30.7,30.8,93.8,0,3.2,6.2,53.9,18.5,87.8,15.5,45.266857,54.733143,0,305.6,176.6,0,1,0,1
2021,44309,HB,112,60 Y 39 N 1 Abs,Montana,MT,0,2,0,2,1,"Rep. Duram, Neil A. [R]",1,0,0,1,0,0,0,0,0,,2020,5080,1258,,6338,0.6030294,0.22320603,,25.3,17.9,33,23.9,92.1,0.1,2.8,7.9,55.7,20.3,87.9,24.2,0,100,0,305.6,176.6,0,1,0,1
2021,44309,HB,112,60 Y 39 N 1 Abs,Montana,MT,0,3,0,2,1,"Rep. Mitchell, Braxton [R]",1,0,0,1,0,0,0,0,0,,2020,3586,2393,,5979,0.19953169,0.2974589,,26.4,22.2,32.2,19,94.2,0,2.1,5.8,54.3,24.1,94.7,25.2,37.79588,62.20412,0.76301616,370.2,235,0,1,0,1
2021,44309,HB,112,60 Y 39 N 1 Abs,Montana,MT,0,4,0,2,1,"Rep. Regier, Matt [R]",1,0,0,1,0,0,0,0,0,1.496,2020,1,0,,1,1,0.09342896,,27.8,23.8,30.4,18.1,93.1,0.8,1.6,6.9,62.1,20.5,92.1,20.6,64.653,35.346996,0,370.2,235,0,1,0,1
2021,44309,HB,112,60 Y 39 N 1 Abs,Montana,MT,0,5,0,2,1,"Rep. Fern, Dave [D]",0,1,0,0,1,0,0,0,0,-0.75,2020,4482,2978,,7460,0.20160858,0.32678768,,22.9,27.3,30.1,19.9,95.9,0,2.5,4.1,50.1,27.6,95.1,47.4,20.59761,79.40239,0.06347863,370.2,235,0,1,0,1
2021,44309,HB,112,60 Y 39 N 1 Abs,Montana,MT,0,6,0,2,1,"Rep. Regier, Amy [R]",1,0,0,1,0,1,0,0,0,,2020,5187,2294,,7481,0.386713,0.2058061,,31.9,22.4,29.4,16.2,92.5,0.3,1.4,7.5,59.8,23.9,96.3,42.6,25.461353,74.53865,0,370.2,235,0,1,0,1
2021,44309,HB,112,60 Y 39 N 1 Abs,Montana,MT,0,7,0,2,1,"Rep. Garner, Frank [R]",1,0,0,1,0,0,0,0,0,0.735,2020,3089,1475,260,4824,0.3345771,0.16073725,,31.7,28.6,25.6,14.1,91.5,0.4,4.6,8.5,40,31.3,89.8,20.6,90.93743,9.06257,0,370.2,235,0,1,0,1
2021,44309,HB,112,60 Y 39 N 1 Abs,Montana,MT,0,8,0,2,1,"Rep. Fuller, John [R]",1,0,0,1,0,0,0,0,0,,2020,1,0,,1,1,0.27911976,,36,27.1,23.8,13,91.5,0.2,2.9,8.5,54.2,25.5,96,27.7,100,0,0.36264732,370.2,235,0,1,0,1
2021,44309,HB,112,60 Y 39 N 1 Abs,Montana,MT,0,9,0,2,1,"Rep. Putnam, Brian [R]",0,1,0,1,0,0,0,0,0,,2020,1,0,,1,1,0.19144864,,32.9,22.7,26.5,18,89.6,0,6.4,10.4,52.9,25.4,92.2,19.5,0.11255628,99.88744,0.39032006,332.75,153.6,0,1,0,1
2021,44309,HB,112,60 Y 39 N 1 Abs,Montana,MT,0,10,0,2,1,"Rep. Noland, Mark R. [R]",1,0,0,1,0,0,0,0,0,1.371,2020,5371,2178,,7549,0.42296994,0.2741349,,22.6,18.2,30.6,28.7,92.8,0.8,2.3,7.2,63.7,20.2,94.5,32.9,41.22207,58.77793,0,332.75,153.6,0,1,0,1
2021,44309,HB,112,60 Y 39 N 1 Abs,Montana,MT,0,11,0,2,1,"Rep. Skees, Derek [R]",1,0,0,1,0,0,0,0,0,1.438,2020,1,0,,1,1,0.27929285,,29.2,22.2,27.7,20.9,95.3,0.4,1,4.7,61.3,21.4,93.6,31.2,32.42571,67.57429,0.37353256,332.75,153.6,0,1,0,1
2021,44309,HB,112,60 Y 39 N 1 Abs,Montana,MT,0,12,0,2,1,"Rep. Reksten, Linda [R]",1,0,0,1,0,1,0,0,0,,2020,3739,2830,,6569,0.13837722,0.13325049,,26.1,16.4,30.4,27.1,77.6,0.2,3,22.4,55.3,20.9,93.9,34.3,2.4256294,97.57437,0.40807074,332.75,153.6,0,1,0,1
2021,44309,HB,112,60 Y 39 N 1 Abs,Montana,MT,0,13,0,2,1,"Rep. Fielder, Paul C. [R]",1,0,0,1,0,0,0,0,0,,2020,4792,1449,493,6734,0.496436,0.31026003,,24.6,18,32.1,25.1,93.4,0.1,2.1,6.6,66.2,18.4,91.7,18,0,100,0.14433485,287.225,142.975,0,1,0,1
2021,44309,HB,112,60 Y 39 N 1 Abs,Montana,MT,0,14,0,2,1,"Rep. Loge, Denley M. [R]",1,0,0,1,0,0,0,0,0,0.754,2020,1,0,,1,1,0.2546056,,23.8,16.4,30.8,29.1,88.6,0.1,2.5,11.4,51.4,23.7,89.2,20.8,0,100,0.2189781,287.225,142.975,0,1,0,1
2021,44309,HB,112,60 Y 39 N 1 Abs,Montana,MT,0,15,0,2,1,"Rep. Weatherwax Jr., Marvin R. [D]",0,1,0,0,1,1,0,0,1,,2020,1,0,,1,1,0.17739677,,42.7,22.4,21.5,13.5,31.8,0.4,5.4,68.2,44,36.1,88.2,21.3,3.0104394,96.98956,1.2428298,517.55,166.275,0,1,0,1
2021,44309,HB,112,60 Y 39 N 1 Abs,Montana,MT,0,16,0,2,1,"Rep. Running Wolf, Tyson T. [D]",0,1,0,0,1,1,0,0,1,,2020,1,0,,1,1,0.07950731,,38.9,24.6,24.3,12.2,29.7,0.3,2.3,70.3,38.9,41.5,88.9,17.3,37.48597,62.51403,0,517.55,166.275,0,1,0,1
2021,44309,HB,112,60 Y 39 N 1 Abs,Montana,MT,0,17,0,2,1,"Rep. Fitzgerald, Ross H. [R]",1,0,0,1,0,0,0,0,0,0.742,2020,4452,1219,,5671,0.57009345,0.39231598,,29.7,19.5,27.8,23,92.3,0.1,2.2,7.7,60.1,22.2,92,24.7,0,100,0.15777019,603.06,167.64,0,1,0,1
2021,44309,HB,112,60 Y 39 N 1 Abs,Montana,MT,0,18,0,2,1,"Rep. Jones, Llewelyn \Llew\"" E. [R]""",1,0,0,1,0,0,0,0,0,0.701,2020,1,0,,1,1,0.21991107,,31.9,23.7,27.9,16.3,84.7,0.3,4,15.3,50,26.3,89.1,19.2,56.433914,43.566086,0,603.06,167.64,0,1,0,1
2021,44309,HB,112,60 Y 39 N 1 Abs,Montana,MT,0,19,0,2,1,"Rep. McKamey, Wendy [R]",1,0,0,1,0,1,0,0,0,0.946,2020,4288,762,,5050,0.6982178,0.25741777,,26.6,20.4,30.1,23,92.4,0.4,1.3,7.6,63.6,19.3,90.6,22.5,22.004112,77.99589,0,378.1,201.5,0,1,0,1
2021,44309,HB,112,60 Y 39 N 1 Abs,Montana,MT,0,20,0,2,1,"Rep. Anderson, Fred [R]",1,0,0,1,0,0,0,0,0,0.781,2020,4357,2078,,6435,0.35415694,-0.04366977,,30,19.9,31.1,19,87.5,0,5.2,12.5,69.6,14.6,93.9,42.1,100,0,0,378.1,201.5,0,1,0,1
2021,44309,HB,112,60 Y 39 N 1 Abs,Montana,MT,0,21,0,2,1,"Rep. Buttrey, Edward [R]",1,0,0,1,0,0,0,0,0,0.741,2020,3390,1768,,5158,0.31446296,-0.06403361,,31.8,23.6,27.5,17.2,89.6,0.5,2.5,10.4,53.1,27.9,93.5,27,100,0,0.3748622,378.1,201.5,0,1,0,1
2021,44309,HB,112,60 Y 39 N 1 Abs,Montana,MT,0,22,0,2,1,"Rep. Sheldon-Galloway, Lola [R]",1,0,0,1,0,1,0,0,0,1.371,2020,2572,1840,,4412,0.16591115,-0.024190912,,31.5,24.4,26.5,17.4,84,0.5,1.6,16,47.1,30.3,88.6,17.1,100,0,0,378.1,201.5,0,1,0,1
2021,44309,HB,112,60 Y 39 N 1 Abs,Montana,MT,0,23,0,2,1,"Rep. Kerns, Scot [R]",1,0,0,1,0,0,0,0,0,,2020,2079,1972,,4051,0.02641323,0.08733614,,33.1,23.5,20.7,22.5,78.4,1.5,7.5,21.6,39.2,29.7,88.5,19.8,100,0,0,378.1,201.5,0,1,0,1
2021,44309,HB,112,60 Y 39 N 1 Abs,Montana,MT,0,24,0,2,1,"Rep. Galloway, Steven \Steve\"" E. [R]""",1,0,0,1,0,0,0,0,0,,2020,2363,2058,,4421,0.06898892,0.08457573,,34.1,24.4,22,19.6,84.6,0.6,4.5,15.4,49.7,30.3,92.1,27,96.13982,3.8601823,0.07678526,378.1,201.5,0,1,0,1
2021,44309,HB,112,60 Y 39 N 1 Abs,Montana,MT,0,25,0,2,1,"Rep. Gist, Steve [R]",1,0,0,1,0,0,0,0,0,,2020,2287,2038,,4325,0.057572253,0.110831216,,32.9,27.4,25.5,14.1,87.4,1.6,4.1,12.6,41.4,34.5,92,24,90.64904,9.350962,0,378.1,201.5,0,1,0,1
2021,44309,HB,112,60 Y 39 N 1 Abs,Montana,MT,0,26,0,2,1,"Rep. Trebas, Jeremy [R]",1,0,0,1,0,0,0,0,0,0.79,2020,1689,1506,,3195,0.057276994,0.17076312,,40.3,33.1,16.5,9.9,78.5,5.1,8.8,21.5,51.9,30,93.2,25.8,65.923416,34.076588,0.26202953,378.1,201.5,0,1,0,1
2021,44309,HB,112,60 Y 39 N 1 Abs,Montana,MT,0,27,0,2,1,"Rep. Kassmier, Joshua J. [R]",1,0,0,1,0,0,0,0,0,,2020,1,0,,1,1,0.26098663,,27.7,20,30,22.1,93.6,0,2.5,6.4,58.7,24,89.5,25.4,66.114494,33.885506,0,490.725,228.3,0,1,0,1
2021,44309,HB,112,60 Y 39 N 1 Abs,Montana,MT,0,28,0,2,1,"Rep. Hill, Ed [R]",1,0,0,1,0,0,0,0,0,,2020,2296,2133,,4429,0.03680289,0.3517616,,38.1,25.7,22,14.1,80,0.1,3.8,20,42.5,33.6,90.8,25.9,27.477177,72.52283,1.1508032,490.725,228.3,0,1,0,1
2021,44309,HB,112,60 Y 39 N 1 Abs,Montana,MT,0,29,0,2,1,"Rep. Bartel, Dan [R]",1,0,0,1,0,0,0,0,0,1.292,2020,1,0,,1,1,0.0814307,,26.4,21.9,28.8,23,94.6,0.1,2.5,5.4,54.1,21.3,93.1,28.2,30.281538,69.71846,0.09191176,342.12857,152.41429,0,1,0,1
2021,44309,HB,112,60 Y 39 N 1 Abs,Montana,MT,0,30,0,2,1,"Rep. Galt, Wylie [R]",1,0,0,1,0,0,0,0,0,,2020,4559,1163,,5722,0.59349877,0.31920946,,26.8,21.7,29.7,21.8,93.9,0.1,2.5,6.1,60.1,20.8,92.2,27.4,33.550297,66.44971,0,342.12857,152.41429,0,1,0,1
2021,44309,HB,112,60 Y 39 N 1 Abs,Montana,MT,0,31,0,2,1,"Rep. Smith, Frank J. [D]",0,1,0,0,1,0,0,0,1,-0.565,2020,1,0,,1,1,0.067511044,,43,24.1,22.3,10.5,29.3,0.2,3.4,70.7,34.4,44.4,85.9,15.9,65.78083,34.21917,0.16666667,374.91666,92.76667,0,1,0,1
2021,44309,HB,112,60 Y 39 N 1 Abs,Montana,MT,0,32,0,2,1,"Rep. Windy Boy, Jonathan [D]",0,1,0,0,1,1,0,0,1,-0.51,2020,2244,1671,,3915,0.14636016,0.13041316,,42.8,24.4,23,9.8,28.3,0.3,3.8,71.7,44.4,40.1,87.4,19.4,0.21119325,99.7888,0,374.91666,92.76667,0,1,0,1
2021,44309,HB,112,60 Y 39 N 1 Abs,Montana,MT,0,33,0,2,1,"Rep. Knudsen, Casey [R]",1,0,0,1,0,0,0,0,0,1.358,2020,1,0,,1,1,0.22240724,,29.8,20.5,26.2,23.5,88.1,0.2,2.5,11.9,49.6,28.4,90,24.2,71.02374,28.976257,0,383.22858,115.62857,0,1,0,1
2021,44309,HB,112,60 Y 39 N 1 Abs,Montana,MT,0,34,0,2,1,"Rep. Knudsen, Rhonda [R]",1,0,0,1,0,1,0,0,1,,2020,1,0,,1,1,0.21807106,,27.8,21.6,28.8,21.9,88.9,0.2,2.9,11.1,61.8,20.3,94.1,20.9,44.43557,55.56443,0,383.22858,115.62857,0,1,0,1
2021,44309,HB,112,60 Y 39 N 1 Abs,Montana,MT,0,35,0,2,1,"Rep. Ler, Brandon [R]",1,0,0,1,0,0,0,0,0,,2020,1,0,,1,1,0.19535637,,32.8,26,27,14.2,89.1,0,5.3,10.9,49.9,27.8,92.3,19,29.382975,70.61703,0,548.56665,245.56667,0,1,0,1
2021,44309,HB,112,60 Y 39 N 1 Abs,Montana,MT,0,36,0,2,1,"Rep. Phalen, Bob [R]",1,0,0,1,0,0,0,0,0,,2020,1,0,,1,1,0.24987288,,30,24.5,27.2,18.3,92.7,1.1,3.2,7.3,59.1,21.9,93.4,21,0,100,0,548.56665,245.56667,0,1,0,1
2021,44309,HB,112,60 Y 39 N 1 Abs,Montana,MT,0,37,0,2,1,"Rep. Schillinger, Jerry [R]",1,0,0,1,0,0,0,0,0,,2020,5457,603,,6060,0.8009901,0.16276516,,28.9,20.4,28.5,22.3,95.6,0.4,2,4.4,64.4,19.7,94.2,19.3,56.342377,43.657623,0,401.5,122.21429,0,1,0,1
2021,44309,HB,112,60 Y 39 N 1 Abs,Montana,MT,0,38,0,2,1,"Rep. Holmlund, Kenneth L. [R]",1,0,0,1,0,0,0,0,0,0.934,2020,1,0,,1,1,0.046493202,,30,24.6,26.5,18.8,91.4,0.7,3.5,8.6,49.2,26.3,92,20.9,69.27966,30.720339,0.36258158,401.5,122.21429,0,1,0,1
2021,44309,HB,112,60 Y 39 N 1 Abs,Montana,MT,0,39,0,2,1,"Rep. Custer, Geraldine [R]",0,1,0,1,0,1,0,0,0,0.376,2020,1,0,,1,1,0.27799055,,29.9,22.2,28.9,19.1,89.2,0,4.8,10.8,59.3,20.9,91.3,20.1,1.9305019,98.069496,0,405.68,130.46,0,1,0,1
2021,44309,HB,112,60 Y 39 N 1 Abs,Montana,MT,0,40,0,2,1,"Rep. Usher, Barry M. [R]",1,0,0,1,0,0,0,0,0,1.249,2020,4783,1120,,5903,0.6205319,0.24834584,,30.2,18.7,31.9,19.3,94.1,0,3,5.9,61,19.5,91.4,18.3,99.954796,0.04520796,0,405.68,130.46,0,1,0,1
2021,44309,HB,112,60 Y 39 N 1 Abs,Montana,MT,0,41,0,2,1,"Rep. Whiteman Pena, Rynalea [D]",0,1,0,0,1,1,0,0,1,,2020,1,0,,1,1,0.11202615,,40.3,21.5,26.5,11.8,33.2,0.1,2.5,66.8,49.8,34.5,88.3,19.7,17.45509,82.54491,0.17857143,398.25,109.225,0,1,0,1
2021,44309,HB,112,60 Y 39 N 1 Abs,Montana,MT,0,42,0,2,1,"Rep. Stewart-Peregoy, Sharon [D]",0,1,0,0,1,1,0,0,1,-0.777,2020,1,0,,1,1,0.13267851,,43.2,22.8,21.6,12.2,30,0.1,7.7,70,46.5,36.9,87.8,17.5,27.494385,72.505615,0,398.25,109.225,0,1,0,1
2021,44309,HB,112,60 Y 39 N 1 Abs,Montana,MT,0,43,0,2,1,"Rep. Seekins-Crowe, Kerri [R]",1,0,0,1,0,1,0,0,0,,2020,3553,1496,,5049,0.4074074,0.3976579,,33.3,30.2,22.2,14.3,85.3,0.2,7.5,14.7,56.8,25.2,95.5,21.5,0,100,0,335.6,142,0,1,0,1
2021,44309,HB,112,60 Y 39 N 1 Abs,Montana,MT,0,44,0,2,1,"Rep. Brewster, Larry [R]",1,0,0,1,0,0,0,0,0,,2020,3288,1825,,5113,0.28613338,0.1952613,,34.3,24.1,24.4,17.4,90.2,0.1,1.6,9.8,52.7,24.4,92.9,29.9,67.71654,32.283466,0,335.6,142,0,1,0,1
2021,44309,HB,112,60 Y 39 N 1 Abs,Montana,MT,0,45,0,2,1,"Rep. Zolnikov, Katie [R]",1,0,0,1,0,1,0,0,0,1.416,2020,1,0,,1,1,0.275903,,36.7,30.2,23,10,85.5,1.1,7.3,14.5,60.8,24.1,96.2,35.3,0.5249895,99.47501,0,335.6,142,0,1,0,1
2021,44309,HB,112,60 Y 39 N 1 Abs,Montana,MT,0,46,0,2,1,"Rep. Mercer, Bill [R]",1,0,0,1,0,0,0,0,0,0.722,2020,4265,2031,,6296,0.35482848,0.09293465,,21.7,20,27.9,30.6,92.4,0,2,7.6,62.4,16.8,95.4,49.6,52.003834,47.996166,0.3071108,335.6,142,0,1,0,1
2021,44309,HB,112,60 Y 39 N 1 Abs,Montana,MT,0,47,0,2,1,"Rep. Kelker, Katherin \Kathy\"" A. [D]""",0,1,0,0,1,1,0,0,0,-1.142,2020,2485,1992,,4477,0.11011838,0.3421022,,35.6,23.7,26.7,14,84.1,1.5,4.3,15.9,36.5,43.3,94,37.7,99.24403,0.75596505,0.24931438,335.6,142,0,1,0,1
2021,44309,HB,112,60 Y 39 N 1 Abs,Montana,MT,0,48,0,2,1,"Rep. Karjala, Jessica [D]",0,1,0,0,1,1,0,0,0,-1.208,2020,2697,2415,,5112,0.05516432,0.14975134,,31.8,29.5,20.7,18,91.6,0.2,5.4,8.4,49.3,29.5,96.8,45.1,99.82924,0.17075774,0.21607606,335.6,142,0,1,0,1
2021,44309,HB,112,60 Y 39 N 1 Abs,Montana,MT,0,49,0,2,1,"Rep. Kerr-Carpenter, Emma [D]",0,1,0,0,1,1,0,0,0,,2020,2183,1643,,3826,0.14113957,-0.049344853,,29,34.4,24.7,11.9,81.2,1.1,8.9,18.8,39.5,34.5,89.5,28.9,100,0,0.6617647,335.6,142,0,1,0,1
2021,44309,HB,112,60 Y 39 N 1 Abs,Montana,MT,0,50,0,2,1,"Rep. Stromswold, Mallerie [R]",0,1,0,1,0,1,0,0,0,,2020,2229,1992,,4221,0.056147832,0.083542794,,32.4,28.7,26,13,82.8,1.9,3.3,17.2,39.6,36.1,94.1,22.7,100,0,0,335.6,142,0,1,0,1
2021,44309,HB,112,60 Y 39 N 1 Abs,Montana,MT,0,51,0,2,1,"Rep. Fleming, Frank [R]",1,0,0,1,0,0,0,0,0,,2020,2638,2319,,4957,0.06435344,-0.027958397,,34.8,29.6,23.6,12,73.2,0.6,8.2,26.8,37.1,36.4,88.4,18.6,100,0,0.85899854,335.6,142,0,1,0,1
2021,44309,HB,112,60 Y 39 N 1 Abs,Montana,MT,0,52,0,2,1,"Rep. Patelis, James \Jimmy\"" [R]""",1,0,0,1,0,0,0,0,0,0.928,2020,2341,1838,,4179,0.12036372,-0.121175885,,31.8,26.2,24.7,17.2,82.6,0.3,9.1,17.4,44,30.9,88.9,19.8,100,0,0.295858,335.6,142,0,1,0,1
2021,44309,HB,112,60 Y 39 N 1 Abs,Montana,MT,0,53,0,2,1,"Rep. Lenz, Dennis Robert [R]",1,0,0,1,0,0,0,0,0,1.12,2020,1,0,,1,1,0.05713389,,33.5,21.9,29.9,14.8,92.2,0,5.2,7.8,68.9,18.4,96.7,46.1,100,0,0,335.6,142,0,1,0,1
2021,44309,HB,112,60 Y 39 N 1 Abs,Montana,MT,0,54,0,2,1,"Rep. Moore, Terry [R]",1,0,0,1,0,0,0,0,0,,2020,4459,2239,,6698,0.33144224,0.08092015,,26.2,24.4,26.3,23.1,89.4,0.8,6.7,10.6,47.6,30.4,95.2,33.9,95.64993,4.3500643,1.1514105,335.6,142,0,1,0,1
2021,44309,HB,112,60 Y 39 N 1 Abs,Montana,MT,0,55,0,2,1,"Rep. Ricci, Vince [R]",1,0,0,1,0,0,0,0,0,1.076,2020,1,0,,1,1,0.0652306,,31.3,24.7,27.4,16.6,92.2,0.9,4.6,7.8,61,20.5,93.4,21.5,100,0,0,335.6,142,0,1,0,1
2021,44309,HB,112,60 Y 39 N 1 Abs,Montana,MT,0,56,0,2,1,"Rep. Vinton, Sue [R]",1,0,0,1,0,1,0,0,0,0.991,2020,1,0,,1,1,0.43815595,,32.2,25.6,28.1,14.2,85.2,0,4.5,14.8,56.2,25.8,94.4,26.9,99.95605,0.043956045,0.76073617,335.6,142,0,1,0,1
2021,44309,HB,112,60 Y 39 N 1 Abs,Montana,MT,0,57,0,2,1,"Rep. Nave, Fiona [R]",1,0,0,1,0,1,0,0,0,,2020,1,0,,1,1,0.14712727,,27.7,19.2,31.1,21.8,92.2,0.3,3.8,7.8,62.9,19.5,94.7,25.6,50.586758,49.413242,0,281.13333,103.333336,0,1,0,1
2021,44309,HB,112,60 Y 39 N 1 Abs,Montana,MT,0,58,0,2,1,"Rep. Berglee, Seth [R]",1,0,0,1,0,0,0,0,0,1.309,2020,4587,2402,,6989,0.31263414,0.019923214,,23.7,19.9,32.1,24.3,94.4,0.4,2.5,5.6,53.7,21.2,94.1,32,83.92306,16.07694,0.08828073,281.13333,103.333336,0,1,0,1
2021,44309,HB,112,60 Y 39 N 1 Abs,Montana,MT,0,59,0,2,1,"Rep. Malone, Marty [R]",1,0,0,1,0,0,0,0,0,,2020,4594,2514,,7108,0.29262802,0.20852216,,22.5,17.8,33.3,26.5,94.1,0,3,5.9,61.6,20.2,95.5,34.6,0,100,0,295.8,102.23333,0,1,0,1
2021,44309,HB,112,60 Y 39 N 1 Abs,Montana,MT,0,60,0,2,1,"Rep. Bishop, Laurie [D]",0,1,0,0,1,1,0,0,0,-1.203,2020,3776,2927,,6703,0.1266597,0.3843273,,26.2,27,27.8,18.8,93.4,0.5,3,6.6,52.4,25.3,95.7,29.1,0,100,0,295.8,102.23333,0,1,0,1
2021,44309,HB,112,60 Y 39 N 1 Abs,Montana,MT,0,61,0,2,1,"Rep. Hamilton, Jim [D]",0,1,0,0,1,0,0,0,0,,2020,1,0,,1,1,0.2564054,,29.9,21.4,30.8,17.9,92.6,0.3,3.9,7.4,59.5,28.1,98.4,65.3,2.403184,97.59682,0.36270535,295.4,109.6,0,1,0,1
2021,44309,HB,112,60 Y 39 N 1 Abs,Montana,MT,0,62,0,2,1,"Rep. Stafman, Ed [D]",0,1,0,0,1,0,0,0,0,,2020,5924,2079,,8003,0.48044482,0.04165944,,37.9,25.1,23.6,13.5,92.4,0.2,2.4,7.6,47.6,42.3,98.8,67,91.20614,8.7938595,0,295.4,109.6,0,1,0,1
2021,44309,HB,112,60 Y 39 N 1 Abs,Montana,MT,0,63,0,2,1,"Rep. Buckley, Alice [D]",0,1,0,0,1,1,0,0,0,,2020,3602,2312,,5914,0.21812648,0.1626085,,53.3,26,13.3,7.2,86.2,1.5,5,13.8,29.7,60.1,98,46.1,55.58842,44.41158,0.5208333,295.4,109.6,0,1,0,1
2021,44309,HB,112,60 Y 39 N 1 Abs,Montana,MT,0,64,0,2,1,"Rep. Gillette, Jane [R]",1,0,0,1,0,1,0,0,0,,2020,4578,3611,450,8639,0.11193425,-0.12820724,,30.4,30.8,26.2,12.5,92.5,0.2,5,7.5,58.1,29.5,95.4,49.6,99.442406,0.5575912,0,295.4,109.6,0,1,0,1
2021,44309,HB,112,60 Y 39 N 1 Abs,Montana,MT,0,65,0,2,1,"Rep. Kortum, Kelly [D]",0,1,0,0,1,0,0,0,0,,2020,5906,3834,,9740,0.212731,0.17410533,,39.3,35.4,16.7,8.5,90.4,0.1,2.6,9.6,41.2,43.4,97.4,50.6,100,0,0,295.4,109.6,0,1,0,1
2021,44309,HB,112,60 Y 39 N 1 Abs,Montana,MT,0,66,0,2,1,"Rep. Hayman, Denise [D]",0,1,0,0,1,1,0,0,0,-1.589,2020,1,0,,1,1,-0.03800877,,38.6,36.8,16.4,8.3,89.9,0.4,3.9,10.1,32,52.8,97.2,55.1,100,0,0,295.4,109.6,0,1,0,1
2021,44309,HB,112,60 Y 39 N 1 Abs,Montana,MT,0,67,0,2,1,"Rep. Hinkle, Jedediah Lee [R]",1,0,0,1,0,0,0,0,0,1.426,2020,4154,2480,363,6997,0.23924538,0.1490786,,33.8,33.4,21.7,11.1,93.3,0,5.7,6.7,52.6,32.5,94.7,35,88.657555,11.342449,0,295.4,109.6,0,1,0,1
2021,44309,HB,112,60 Y 39 N 1 Abs,Montana,MT,0,68,0,2,1,"Rep. Hinkle, Caleb [R]",1,0,0,1,0,0,0,0,0,,2020,4293,2148,,6441,0.33302283,0.30246523,,34.6,32.9,22.9,9.4,95.3,0.3,1.9,4.7,65,22.2,97,38,7.141436,92.85857,0,295.4,109.6,0,1,0,1
2021,44309,HB,112,60 Y 39 N 1 Abs,Montana,MT,0,69,0,2,1,"Rep. Carlson, Jennifer [R]",1,0,0,1,0,1,0,0,0,,2020,1,0,,1,1,0.21734509,,29.4,22.1,31.3,17.2,93.9,0,2.1,6.1,63,18.9,94,34.2,36.468147,63.531853,0,262.76666,87.9,0,1,0,1
2021,44309,HB,112,60 Y 39 N 1 Abs,Montana,MT,0,70,0,2,1,"Rep. Dooling, Julie [R]",1,0,0,1,0,1,0,0,0,,2020,1,0,,1,1,0.19719243,,26.6,20.6,31.5,21.2,91.1,0,4,8.9,60.8,20.1,95,31.2,14.046687,85.953316,0,262.76666,87.9,0,1,0,1
2021,44309,HB,112,60 Y 39 N 1 Abs,Montana,MT,0,71,0,2,1,"Rep. Walsh, Kenneth M. [R]",0,1,0,1,0,0,0,0,0,,2020,5653,1945,,7598,0.48802316,0.30692756,,23,19.2,31.1,26.7,90.8,0.3,4.3,9.2,58.3,23,95.4,29.1,0,100,0.15357614,355.675,89.675,0,1,0,1
2021,44309,HB,112,60 Y 39 N 1 Abs,Montana,MT,0,72,0,2,1,"Rep. Welch, Tom [R]",1,0,0,1,0,0,0,0,0,0.671,2020,1,0,,1,1,0.3241596,,31.4,19.7,27.5,21.4,91.5,0.1,4.3,8.5,56.3,28.3,95.5,34.7,40.716858,59.283142,0.06885472,355.675,89.675,0,1,0,1
2021,44309,HB,112,60 Y 39 N 1 Abs,Montana,MT,0,73,0,2,1,"Rep. Keane, Jim [D]",0,1,0,0,1,0,0,0,0,-0.454,2020,3043,1969,,5012,0.21428572,0.10578045,,31.7,19.8,30.4,18.1,90.5,0,7.8,9.5,47.8,23.6,91.5,21.2,79.07359,20.926405,0.1611789,437.7,58.7,0,1,0,1
2021,44309,HB,112,60 Y 39 N 1 Abs,Montana,MT,0,74,0,2,1,"Rep. Harvey, Derek J. [D]",0,1,0,0,1,0,0,0,0,,2020,2861,1570,,4431,0.29135635,0.07643824,,39.2,23.7,25,12.1,85.9,1.9,4.3,14.1,29.5,48.5,89,23.4,88.17231,11.827689,0.22993311,437.7,58.7,0,1,0,1
2021,44309,HB,112,60 Y 39 N 1 Abs,Montana,MT,0,75,0,2,1,"Rep. Bertoglio, Marta L. [R]",1,0,0,1,0,1,0,0,0,,2020,4729,2187,,6916,0.3675535,0.27901512,,28.6,19.3,33.4,18.8,92.4,0,2.7,7.6,57.6,23.9,94.9,36,95.10123,4.898775,0.34750068,357.25,65.65,0,1,0,1
2021,44309,HB,112,60 Y 39 N 1 Abs,Montana,MT,0,76,0,2,1,"Rep. Hawk, Donavon [D]",0,1,0,0,1,0,0,0,1,,2020,3843,2390,,6233,0.23311406,0.1661982,,27.9,22.6,24.4,25.1,94.8,0.1,2.8,5.2,54.8,20.4,93.7,33.6,94.76051,5.239487,0.3754987,357.25,65.65,0,1,0,1
2021,44309,HB,112,60 Y 39 N 1 Abs,Montana,MT,0,77,0,2,1,"Rep. Novak, Sara [D]",0,1,0,0,1,1,0,0,0,,2020,3057,2730,,5787,0.056505963,0.15453364,,24.2,19.6,31.9,24.4,92.2,0.2,3.1,7.8,50.2,25.2,91.1,20.4,2.5405786,97.45942,0.14025246,329.275,59.85,0,1,0,1
2021,44309,HB,112,60 Y 39 N 1 Abs,Montana,MT,0,78,0,2,1,"Rep. Frazer, Gregory L. [R]",0,1,0,1,0,0,0,0,0,,2020,2231,1863,,4094,0.08988764,0.16146144,,24.1,26.6,31,18.2,90.1,0.7,2.2,9.9,45.4,30.4,88.6,18.8,94.392105,5.607896,0.2735978,329.275,59.85,0,1,0,1
2021,44309,HB,112,60 Y 39 N 1 Abs,Montana,MT,0,79,0,2,1,"Rep. Farris-Olsen, Robert \Rob\"" [D]""",0,1,0,0,1,0,0,0,0,,2020,3749,3006,,6755,0.1099926,0.1604627,,28.5,23.8,34,13.8,91.9,0,5.2,8.1,51.3,29.3,96.2,47.6,94.064285,5.935718,0,326.2,110.5,0,1,0,1
2021,44309,HB,112,60 Y 39 N 1 Abs,Montana,MT,0,80,0,2,1,"Rep. Beard, Becky [R]",1,0,0,1,0,1,0,0,0,1.33,2020,5733,1185,,6918,0.65741545,0.4173653,,28.6,23.2,30.3,17.9,93.3,0.1,2.5,6.7,61.3,19.2,94,31.9,92.334045,7.6659527,0.0734574,326.2,110.5,0,1,0,1
2021,44309,HB,112,60 Y 39 N 1 Abs,Montana,MT,0,81,0,2,1,"Rep. Caferro, Mary M. [D]",0,1,0,0,1,1,0,0,0,-0.724,2020,3478,2776,,6254,0.11224816,0.14054056,,32.2,23.9,26.6,17.3,90.6,0.3,3.8,9.4,49.8,33,96.1,42,98.155075,1.8449265,0.34956303,348.2,114.2,0,1,0,1
2021,44309,HB,112,60 Y 39 N 1 Abs,Montana,MT,0,82,0,2,1,"Rep. Funk, Moffie [D]",0,1,0,0,1,1,0,0,0,-1.28,2020,3446,2717,,6163,0.11828655,0.35443425,,31.4,25.9,25.7,16.9,91.2,0.5,1.6,8.8,51.8,27.7,94.1,37,77.012314,22.98769,0,348.2,114.2,0,1,0,1
2021,44309,HB,112,60 Y 39 N 1 Abs,Montana,MT,0,83,0,2,1,"Rep. Abbott, Kim [D]",0,1,0,0,1,1,0,0,0,-1.468,2020,3021,2536,,5557,0.08727731,0.08653449,,32.8,26.5,24.7,16,91.2,0.1,2.9,8.8,44.4,29.9,93.6,36.1,1.5614157,98.43858,0.65619874,348.2,114.2,0,1,0,1
2021,44309,HB,112,60 Y 39 N 1 Abs,Montana,MT,0,84,0,2,1,"Rep. Dunwell, Mary Ann [D]",0,1,0,0,1,1,0,0,0,-1.342,2020,3256,2819,,6075,0.071934156,0.30321398,,29,23.9,25.5,21.8,93.3,0.7,1.4,6.7,45.8,29.5,94.8,37.5,12.511028,87.48897,0,348.2,114.2,0,1,0,1
2021,44309,HB,112,60 Y 39 N 1 Abs,Montana,MT,0,85,0,2,1,"Rep. Binkley, Michele [R]",1,0,0,1,0,1,0,0,0,,2020,5303,1818,,7121,0.48939756,0.32865223,,24,14.3,36.1,25.5,93.4,0.2,2.5,6.6,57.4,22.4,91,25.8,58.87955,41.12045,0,283.6,129.2,0,1,0,1
2021,44309,HB,112,60 Y 39 N 1 Abs,Montana,MT,0,86,0,2,1,"Rep. Bedey, David [R]",1,0,0,1,0,0,0,0,0,,2020,1,0,,1,1,0.015410974,,22.5,22.4,27.5,27.7,88.8,0.2,7.5,11.2,52.5,24,90.2,27.1,47.0407,52.9593,0,283.6,129.2,0,1,0,1
2021,44309,HB,112,60 Y 39 N 1 Abs,Montana,MT,0,87,0,2,1,"Rep. Marshall, Ron L. [R]",1,0,0,1,0,0,0,0,0,0.671,2020,5029,1940,,6969,0.44324866,0.33773303,,29.4,20.5,27.1,23.1,95.1,0,2.3,4.9,59.8,20.7,87.7,25,0,100,0,283.6,129.2,0,1,0,1
2021,44309,HB,112,60 Y 39 N 1 Abs,Montana,MT,0,88,0,2,1,"Rep. Greef, Sharon [R]",1,0,0,1,0,1,0,0,0,,2020,1,0,,1,1,0.059682287,,28.6,19.4,30.8,21.2,94.8,0,1.6,5.2,57.7,19.9,94.7,30.2,66.60043,33.399563,0,283.6,129.2,0,1,0,1
2021,44309,HB,112,60 Y 39 N 1 Abs,Montana,MT,0,89,0,2,1,"Rep. Sullivan, Katie [D]",0,1,0,0,1,1,0,0,0,,2020,3374,2242,,5616,0.20156695,0.15206215,,46.2,18.4,22,13.4,84,0.9,3.7,16,45.9,45,94.4,53.8,0,100,0.41124058,267.7,85.7,0,1,0,1
2021,44309,HB,112,60 Y 39 N 1 Abs,Montana,MT,0,90,0,2,1,"Rep. Marler, Marilyn [D]",0,1,0,0,1,1,0,0,0,,2020,4018,1867,,5885,0.36550552,0.20103669,,36.4,27.4,24.2,11.8,87.2,0.9,3.3,12.8,45.5,37.8,97.6,54.3,0,100,0,267.7,85.7,0,1,0,1
2021,44309,HB,112,60 Y 39 N 1 Abs,Montana,MT,0,91,0,2,1,"Rep. Keogh, Connie [D]",0,1,0,0,1,1,0,0,0,,2020,5651,1186,,6837,0.6530642,0.03735158,,33.4,26.7,24.9,15.1,92.4,0.6,1,7.6,41,45,98.5,63.8,48.213448,51.786552,0.8476209,267.7,85.7,0,1,0,1
2021,44309,HB,112,60 Y 39 N 1 Abs,Montana,MT,0,92,0,2,1,"Rep. Hopkins, Mike [R]",0,1,0,1,0,0,0,0,0,1.071,2020,3249,2620,,5869,0.10717329,-0.13952361,,28.5,24.4,28.2,19.1,90.2,0.2,4.3,9.8,52.2,31.1,92.3,25.9,45.36211,54.63789,0.33468804,267.7,85.7,0,1,0,1
2021,44309,HB,112,60 Y 39 N 1 Abs,Montana,MT,0,94,0,2,1,"Rep. France, Thomas \Tom\"" M. [D]""",0,1,0,0,1,0,0,0,0,,2020,3332,2897,,6229,0.06983464,-0.21856031,,30.4,22.6,32.3,14.7,85.5,0.6,2.2,14.5,53.4,27.4,95.3,39.7,98.240265,1.7597373,2.0873787,281.5,78.95,0,1,0,1
2021,44309,HB,112,60 Y 39 N 1 Abs,Montana,MT,0,95,0,2,1,"Rep. Tenenbaum, Danny [D]",0,1,0,0,1,0,0,0,0,,2020,4076,1573,,5649,0.44308728,-0.02827922,,33.5,36.4,17.8,12.3,90.7,0.1,3.1,9.3,23.4,51,92.7,32.2,100,0,0.35182118,267.7,85.7,0,1,0,1
2021,44309,HB,112,60 Y 39 N 1 Abs,Montana,MT,0,96,0,2,1,"Rep. Whitman, Kathy [R]",1,0,0,1,0,0,0,0,0,,2020,3709,3519,,7228,0.026286663,0.010739753,,35.9,28.6,21,14.8,89,0.5,5.3,11,50.4,28.7,93.6,36,99.56936,0.4306437,0.32212603,267.7,85.7,0,1,0,1
2021,44309,HB,112,60 Y 39 N 1 Abs,Montana,MT,0,97,0,2,1,"Rep. Tschida, Brad [R]",1,0,0,1,0,0,0,0,0,1.434,2020,3577,2707,,6284,0.13844685,-0.15822051,,29.4,26.6,28.5,15.4,93,0.2,4.2,7,64.8,20.2,97.7,35.9,100,0,2.4390244,267.7,85.7,0,1,0,1
2021,44309,HB,112,60 Y 39 N 1 Abs,Montana,MT,0,98,0,2,1,"Rep. Curdy, Willis [D]",0,1,0,0,1,0,0,0,0,-1.035,2020,3583,2229,302,6114,0.22145894,0.12530152,,32.5,25.6,23.4,18.5,91.4,0,1.8,8.6,43.1,37.1,95.1,36.9,94.287025,5.712973,0.2192021,267.7,85.7,0,1,0,1
2021,44309,HB,112,60 Y 39 N 1 Abs,Montana,MT,0,99,0,2,1,"Rep. Thane, Mark [D]",0,1,0,0,1,0,0,0,0,,2020,4088,2265,,6353,0.28695104,-0.053631533,,31.3,32.3,22.6,14,91.9,0.9,2.7,8.1,51.5,33.3,97.2,44.6,87.15122,12.848777,0,267.7,85.7,0,1,0,1
2021,44309,HB,112,60 Y 39 N 1 Abs,Montana,MT,0,100,0,2,1,"Rep. Olsen, Andrea [D]",0,1,0,0,1,1,0,0,0,-1.527,2020,5336,1145,,6481,0.6466595,0.28848308,,32.1,37.2,20.8,10,87,0.4,3.3,13,32.5,49.4,95.7,48.6,31.972616,68.02738,0.17475729,267.7,85.7,0,1,0,1
2023,45036,HB,574,73-39-1-7,North Carolina,NC,0,1,0,2,1,"Rep. Goodwin, Edward Charles [R]",1,0,0,1,0,0,0,0,0,,2022,25737,,,25737,1,-0.20491005,27.5,26.8,22.2,28.7,22.2,55.3,38.7,3.3,44.7,48.2,28.4,82.1,16,27.98868,72.01132,0.07561064,547.38336,321.56668,0,0,0,0
2023,45036,HB,574,73-39-1-7,North Carolina,NC,0,2,0,2,1,"Rep. Jeffers, Brannon \Ray\"" Ray [D]""",0,1,0,0,1,0,1,0,0,,2022,19692,15674,718,36084,0.11135129,0.25071394,29.9,30,24,29.8,16.2,65.3,24.2,6.6,34.7,49.9,29.2,85.7,19.6,56.052074,43.947926,0.2298238,459.5,236.65,0,0,0,0
2023,45036,HB,574,73-39-1-7,North Carolina,NC,0,3,0,2,1,"Rep. Tyson, John \Steve\"" Steven [R]""",1,0,0,1,0,0,0,0,0,,2022,23739,,,23739,1,0.32531014,36.3,36.3,25.1,21.8,16.8,64.4,20.8,7.7,35.6,52.5,27.5,90.5,28.8,57.96564,42.03436,0.08441668,522.3,200,0,0,0,0
2023,45036,HB,574,73-39-1-7,North Carolina,NC,0,5,0,2,1,"Rep. Ward, William \Bill\"" Thomas [R]""",1,0,0,1,0,0,0,0,0,,2022,15784,13539,,29323,0.07656106,-0.2219192,30.5,31,23.9,27.7,17.5,49.2,43.1,3.9,50.8,45.4,33.1,84.1,17.6,13.766807,86.23319,0.24151158,482.075,302.65,0,0,0,0
2023,45036,HB,574,73-39-1-7,North Carolina,NC,0,6,0,2,1,"Rep. Pike, Joseph \Joe\"" Patrick [R]""",1,0,0,1,0,0,0,0,0,,2022,11591,7522,,19113,0.21289174,0.13798448,27.8,26.2,23.2,30.8,19.6,83.4,7.6,5.7,16.6,55.9,23.9,90.3,26,46.45588,53.54412,0.37297463,358.1,237.3,0,0,0,0
2023,45036,HB,574,73-39-1-7,North Carolina,NC,0,7,0,2,1,"Rep. Winslow, Matthew \Matt\"" Dale [R]""",1,0,0,1,0,0,0,0,0,,2022,24137,,,24137,1,-0.076703355,30.1,31.9,23.9,28.5,15.7,63.3,22.9,10.8,36.7,52.1,27.1,83.8,19.8,56.691555,43.308445,0.31672904,417.85,290.15,0,0,0,0
2023,45036,HB,574,73-39-1-7,North Carolina,NC,0,8,0,2,1,"Rep. Brown, Gloristine Williams [D]",0,1,0,0,1,1,1,0,0,,2022,13116,11366,,24482,0.07148109,-0.031527083,39.6,42.8,26.2,19.2,11.7,43,47,6,57,32.4,49.8,87.1,27.8,51.89932,48.10068,0.36593264,381,161.2,0,0,0,0
2023,45036,HB,574,73-39-1-7,North Carolina,NC,0,9,0,2,1,"Rep. Reeder, Timothy John [R]",1,0,0,1,0,0,0,0,0,,2022,15212,14858,,30070,0.011772531,-0.117206864,39.7,38,24.8,25,12.2,65.5,22.3,6.6,34.5,46,38,92.1,37.6,82.69801,17.301985,0.091083266,381,161.2,0,0,0,0
2023,45036,HB,574,73-39-1-7,North Carolina,NC,0,10,0,2,1,"Rep. Bell IV, John Richard [R]",1,0,0,1,0,0,0,0,0,0.974,2022,17796,,,17796,1,-0.10510713,32,31.1,26.2,27.2,15.6,65.1,20.7,10.8,34.9,50.1,27.1,83.5,17.9,24.388016,75.611984,0.08707821,485,252.6,0,0,0,0
2023,45036,HB,574,73-39-1-7,North Carolina,NC,0,11,0,2,1,"Rep. Dahle, Allison Anne [D]",0,1,1,0,1,1,0,0,0,,2022,20946,,,20946,1,-0.54227835,48,35.7,33.5,20.7,10,60.9,15.9,11.5,39.1,38.5,45.1,92.6,52.6,51.52295,48.47705,0.5253565,517.8,193.7,0,0,0,0
2023,45036,HB,574,73-39-1-7,North Carolina,NC,0,12,0,2,1,"Rep. Humphrey, Thomas \Chris\"" Christopher [R]""",1,0,0,1,0,0,0,0,0,,2022,17486,10983,,28469,0.2284239,-0.17629631,28.4,30.9,22.9,27.7,18.5,52,37,7,48,46.6,30.7,81.9,16.5,76.295364,23.704636,0.25700855,390.23334,227.93333,0,0,0,0
2023,45036,HB,574,73-39-1-7,North Carolina,NC,0,13,0,2,1,"Rep. Cairns, Celeste Coppage [R]",1,0,0,1,0,1,0,0,0,,2022,25850,10394,,36244,0.426443,0.2903251,26.4,24.7,21.8,30.4,23.2,83.4,8.7,4.3,16.6,53,23.3,90,26.5,66.19763,33.802364,0.34587756,441.55,174.7,0,0,0,0
2023,45036,HB,574,73-39-1-7,North Carolina,NC,0,14,0,2,1,"Rep. Cleveland, George G. [R]",1,0,0,1,0,0,0,0,0,1.263,2022,9418,4807,,14225,0.32414764,0.29560897,43.9,42.7,29.3,18.1,9.9,62.5,16.4,12.5,37.5,52.2,28.4,91.1,20.5,84.25261,15.747391,0.12080055,351.4,193.3,0,0,0,0
2023,45036,HB,574,73-39-1-7,North Carolina,NC,0,15,0,2,1,"Rep. Shepard, Phillip R. [R]",1,0,0,1,0,0,0,0,0,0.888,2022,14512,6810,,21322,0.36122316,0.2812985,51.3,52.9,27.3,12.6,7.2,67.5,12,12.8,32.5,45.5,41.9,92.3,24.6,58.35681,41.64319,0.2165133,351.4,193.3,0,0,0,0
2023,45036,HB,574,73-39-1-7,North Carolina,NC,0,16,0,2,1,"Rep. Smith Jr., Carson Henry [R]",1,0,0,1,0,0,0,0,0,,2022,23902,,,23902,1,0.068427116,28.7,29.5,23.6,28,18.8,67.7,20.8,6.6,32.3,50.1,27.5,86.6,22.9,55.226715,44.773285,0.060492408,375.4,178.6,0,0,0,0
2023,45036,HB,574,73-39-1-7,North Carolina,NC,0,17,0,2,1,"Rep. Iler Jr., Francis \Frank\"" Robertson [R]""",1,0,0,1,0,0,0,0,0,0.863,2022,28012,16960,,44972,0.24575292,0.27725717,20.3,19.9,16.4,29.9,33.7,86.2,7.3,3.8,13.8,62.7,17.1,91.3,31,62.412174,37.587826,0.29232398,407.9,164.1,0,0,0,0
2023,45036,HB,574,73-39-1-7,North Carolina,NC,0,18,0,2,1,"Rep. Butler, Deb Holladay [D]",0,1,1,0,1,1,0,0,0,-1.418,2022,19190,16806,,35996,0.06622958,-0.14410305,37.6,33.2,27.2,25.1,14.6,62.7,27.5,6.1,37.3,37.1,40.4,88.6,24.7,96.42908,3.570921,0.42918456,509.6,183.5,0,0,0,0
2023,45036,HB,574,73-39-1-7,North Carolina,NC,0,19,0,2,1,"Rep. Miller, Charles \Charlie\"" William [R]""",1,0,0,1,0,0,0,0,0,,2022,33131,,,33131,1,-0.13322435,33,28.9,26,27.5,17.4,82.7,6.3,6.7,17.3,51.5,29.1,94.4,42.3,99.165306,0.8346927,0.6083758,458.75,173.8,0,0,0,0
2023,45036,HB,574,73-39-1-7,North Carolina,NC,0,20,0,2,1,"Rep. Davis Jr., Robert \Ted\"" Theodore [R]""",1,0,0,1,0,0,0,0,0,0.752,2022,19075,18228,,37303,0.02270595,0.026791288,33.9,31.3,24.7,25.3,18.6,83.6,8.5,4.3,16.4,50.4,31.3,93.6,43.1,20.99717,79.00283,0.31703797,509.6,183.5,0,0,0,0
2023,45036,HB,574,73-39-1-7,North Carolina,NC,0,21,0,2,1,"Rep. Liu, Ya [D]",0,1,0,0,1,1,0,0,1,,2022,18857,8342,658,27857,0.37746346,-0.009508536,32.9,35.3,24.2,24.7,15.7,43.5,37.3,14.4,56.5,41.7,36.5,81.2,16.8,47.510563,52.489437,0.100269474,517.8,193.7,0,0,0,0
2023,45036,HB,574,73-39-1-7,North Carolina,NC,0,22,0,2,1,"Rep. Brisson, William D. [R]",1,0,0,1,0,0,0,0,0,0.717,2022,20633,,,20633,1,0.1308442,28.5,30.8,23.3,27.5,18.4,52.2,29.6,14.2,47.8,44,29.9,78.5,13.8,36.159138,63.840862,0.028091641,694.6,421.3,0,0,0,0
2023,45036,HB,574,73-39-1-7,North Carolina,NC,0,23,0,2,1,"Rep. Willingham, Shelly [D]",1,0,0,0,1,0,1,0,0,-1.013,2022,16488,13809,,30297,0.08842459,-0.086260915,28.1,30.4,22.1,28.1,19.4,41.1,52.6,4.3,58.9,42.1,33.8,80.8,14,40.967216,59.032784,0.17184359,418.06668,267.3,0,0,0,0
2023,45036,HB,574,73-39-1-7,North Carolina,NC,0,24,0,2,1,"Rep. Fontenot, Kenneth \Ken\"" James [R]""",1,0,0,1,0,0,1,0,0,,2022,15121,12768,,27889,0.08437018,-0.026272204,29.6,32.1,23.6,27.4,17,47.2,39.1,10.2,52.8,43.1,33.8,80.3,19.6,80.67363,19.326372,0.3828436,500.9,318.7,0,0,0,0
2023,45036,HB,574,73-39-1-7,North Carolina,NC,0,25,0,2,1,"Rep. Chesser II, Gregory \Allen\"" Allen [R]""",1,0,0,1,0,0,0,0,0,,2022,17903,15128,841,33872,0.08192608,0.20882,29.2,30.1,23,28.6,18,47.6,44.6,3.7,52.4,45.7,31.3,86.1,22.4,43.60744,56.39256,0.1621872,531.9,385.1,0,0,0,0
2023,45036,HB,574,73-39-1-7,North Carolina,NC,0,26,0,2,1,"Rep. White, Donna McDowell [R]",1,0,0,1,0,1,0,0,0,0.877,2022,19984,13783,,33767,0.18364084,-0.118187875,31.8,34.5,27.2,26.8,11.5,69.7,15.4,11.6,30.3,56.8,25.2,91.3,27.3,57.059696,42.940304,0.07607233,389.6,187.2,0,0,0,0
2023,45036,HB,574,73-39-1-7,North Carolina,NC,0,27,0,2,1,"Rep. Wray, Michael H. [D]",1,0,0,0,1,0,0,0,0,-0.451,2022,18116,11370,,29486,0.22878654,-0.1715548,27.1,28.5,21.5,29.1,20.8,38.6,53.7,2.6,61.4,40.6,35.7,78,14,20.271563,79.72844,0.07732132,489.53333,216.53334,0,0,0,0
2023,45036,HB,574,73-39-1-7,North Carolina,NC,0,28,0,2,1,"Rep. Strickland, Larry Craig [R]",1,0,0,1,0,0,0,0,0,0.903,2022,18838,7349,,26187,0.43872914,0.40572843,32.3,33.5,26,26.9,13.6,64.9,15.4,16.6,35.1,51.6,27.3,80.9,16.7,26.40193,73.59807,0.4958523,389.6,187.2,0,0,0,0
2023,45036,HB,574,73-39-1-7,North Carolina,NC,0,29,0,2,1,"Rep. Alston, Vernetta [D]",0,1,1,0,1,1,1,0,0,,2022,35220,,,35220,1,-0.72308546,43.2,36.4,31.6,20.9,10.9,41.7,35.4,12.9,58.3,36.6,47.7,88.3,53.7,99.65163,0.34837085,0.5510694,449.1,205.3,0,0,0,0
2023,45036,HB,574,73-39-1-7,North Carolina,NC,0,30,0,2,1,"Rep. Morey, Marcia [D]",0,1,1,0,1,1,0,0,0,-1.353,2022,29614,4036,640,34290,0.74593174,-0.59964055,33.9,28,29.3,26.6,16,52.7,30.2,10.8,47.3,46.9,33.8,90.7,45.8,96.49167,3.5083308,0.9363147,449.1,205.3,0,0,0,0
2023,45036,HB,574,73-39-1-7,North Carolina,NC,0,31,0,2,1,"Rep. Forde-Hawkins, Zack Anthony [D]",0,1,0,0,1,0,1,0,0,,2022,24814,4658,,29472,0.68390334,-0.3940286,40.7,32.2,34.9,23.8,9.2,28.9,46.4,18.1,71.1,38.7,43.2,84.3,38.7,93.92731,6.0726895,0.4191094,449.1,205.3,0,0,0,0
2023,45036,HB,574,73-39-1-7,North Carolina,NC,0,32,0,2,1,"Rep. Sossamon, John \Frank\"" Franklin [R]""",1,0,0,1,0,0,0,0,0,,2022,14156,13424,,27580,0.026540972,-0.14733852,28.1,30.1,21.5,28.5,19.9,40.4,50,6.1,59.6,40.2,36.3,80.7,15,39.017426,60.982574,0.3313896,522.4,358.85,0,0,0,0
2023,45036,HB,574,73-39-1-7,North Carolina,NC,0,33,0,2,1,"Rep. Gill, Rosa U. [D]",0,1,0,0,1,1,1,0,0,-1.038,2022,19471,12191,1008,32670,0.22283441,-0.314631,38.9,40.9,29.9,20.5,8.7,36.9,44.8,12.8,63.1,32.9,50.3,85.6,32.3,99.876236,0.12376563,0.35622278,517.8,193.7,0,0,0,0
2023,45036,HB,574,73-39-1-7,North Carolina,NC,0,34,0,2,1,"Rep. Longest, Tim [D]",0,1,0,0,1,0,0,0,0,,2022,24413,14853,1240,40506,0.23601441,-0.17902027,39.5,27.1,33.5,24.5,15,73.4,14.9,7.6,26.6,45.8,34.8,95.4,60.2,100,0,0.6246733,517.8,193.7,0,0,0,0
2023,45036,HB,574,73-39-1-7,North Carolina,NC,0,35,0,2,1,"Rep. Everitt, Terence Jason [D]",0,1,0,0,1,0,0,0,0,,2022,19313,17106,728,37147,0.059412602,-0.047635723,31,34.5,26.5,27.2,11.8,70.6,16,7.4,29.4,58.3,25.6,94.8,50.4,99.97558,0.024420025,0.25304747,517.8,193.7,0,0,0,0
2023,45036,HB,574,73-39-1-7,North Carolina,NC,0,36,0,2,1,"Rep. von Haefen, Julie Marie [D]",0,1,0,0,1,1,0,0,0,,2022,21966,16220,968,39154,0.14675385,-0.07996924,27.8,30.2,23.5,33.3,13.1,75.4,8.9,8.9,24.6,64,22.3,94.6,53.4,99.78234,0.21766259,0.32448825,517.8,193.7,0,0,0,0
2023,45036,HB,574,73-39-1-7,North Carolina,NC,0,37,0,2,1,"Rep. Pare, Erin Pauling [R]",1,0,0,1,0,1,0,0,0,,2022,21260,18110,862,40232,0.07829589,-0.17792968,33.5,36.2,28.8,25.2,9.9,72.8,11.4,9.4,27.2,62.9,23.9,93.6,49.7,88.305565,11.694436,0.03179834,517.8,193.7,0,0,0,0
2023,45036,HB,574,73-39-1-7,North Carolina,NC,0,38,0,2,1,"Rep. Jones, Abraham \Abe\"" Penn [D]""",0,1,0,0,1,0,1,0,0,,2022,24036,3450,,27486,0.7489631,-0.4898117,40.7,35.7,33.2,22.5,8.5,29,42.5,20.8,71,36.5,45,84,34.5,98.68892,1.311081,0.4652786,517.8,193.7,0,0,0,0
2023,45036,HB,574,73-39-1-7,North Carolina,NC,0,39,0,2,1,"Rep. Roberson, James [D]",0,1,0,0,1,0,1,0,0,,2022,18545,12273,,30818,0.20351742,-0.09385105,36.3,33.9,30.5,25.8,9.8,42.6,35.4,15.8,57.4,49.7,32.9,88.3,31.8,77.53436,22.465633,0.28967696,517.8,193.7,0,0,0,0
2023,45036,HB,574,73-39-1-7,North Carolina,NC,0,40,0,2,1,"Rep. John Sr., Joseph \Joe\"" R. [D]""",0,1,0,0,1,0,0,0,0,-0.815,2022,24630,19224,1111,44965,0.120226845,-0.10007207,27.2,28.6,23.4,31.8,16.4,83.3,7.3,4,16.7,65.3,22.6,96.9,65.7,87.899506,12.100495,0.4663435,517.8,193.7,0,0,0,0
2023,45036,HB,574,73-39-1-7,North Carolina,NC,0,41,0,2,1,"Rep. Cervania, Maria Louisa Saulog [D]",0,1,0,0,1,1,0,0,1,,2022,24096,12629,970,37695,0.3042048,-0.03145201,34.1,35.5,31.1,25.9,7.5,55,7.7,6,45,66.2,22.3,96.7,70.5,98.56989,1.4301043,0.099148974,517.8,193.7,0,0,0,0
2023,45036,HB,574,73-39-1-7,North Carolina,NC,0,43,0,2,1,"Rep. Wheatley, Diane D. [R]",1,0,0,1,0,1,0,0,0,,2022,14389,11778,,26167,0.09978217,-0.100342266,41.1,35.9,30.5,20.8,12.8,32.3,49,10.1,67.7,37.8,38.6,91,25.7,99.990364,0.009637625,0.2851163,618.2,378.4,0,0,0,0
2023,45036,HB,574,73-39-1-7,North Carolina,NC,0,44,0,2,1,"Rep. Smith, Charles Ruppe [D]",0,1,0,0,1,0,0,0,0,,2022,14903,,,14903,1,-0.02172042,35.9,35.3,28.5,22.6,13.5,47.2,33.4,10.5,52.8,41.4,34.9,89.2,25.2,100,0,0.38941303,618.2,378.4,0,0,0,0
2023,45036,HB,574,73-39-1-7,North Carolina,NC,0,45,0,2,1,"Rep. Jackson, Frances Vinell [D]",0,1,0,0,1,1,1,0,0,,2022,11148,9064,,20212,0.103107065,-0.23296134,31.2,34.5,25.5,27.5,12.4,59,23.4,9,41,54.7,26.6,89.6,24.2,71.607735,28.392262,0.2237799,618.2,378.4,0,0,0,0
2023,45036,HB,574,73-39-1-7,North Carolina,NC,0,46,0,2,1,"Rep. Jones, Brenden Harding [R]",1,0,0,1,0,0,0,0,0,,2022,19928,,,19928,1,0.08127433,31.3,33.6,24.7,26.6,15,46.8,24.2,11,53.2,42.1,33.9,76.6,10,49.70779,50.29221,0.37898365,523.4,365.15,0,0,0,0
2023,45036,HB,574,73-39-1-7,North Carolina,NC,0,47,0,2,1,"Rep. Lowery, Jarrod Marshall [R]",1,0,0,1,0,0,0,0,0,,2022,11386,7353,,18739,0.2152196,-0.12005096,32.2,36.2,24.6,25.1,14.3,18.5,24.8,5,81.5,37.5,41.3,78.1,15.5,39.02528,60.97472,0.15736204,482.6,322.9,0,0,0,0
2023,45036,HB,574,73-39-1-7,North Carolina,NC,0,48,0,2,1,"Rep. Pierce, Garland E. [D]",1,0,0,0,1,0,1,0,0,-0.759,2022,12073,10486,,22559,0.07034887,-0.28878748,35.6,34.6,29.2,23.9,12.2,41.6,35.2,9,58.4,45.5,33.5,83.5,17.2,45.389893,54.610107,0.21404248,330.25,150.35,0,0,0,0
2023,45036,HB,574,73-39-1-7,North Carolina,NC,0,49,0,2,1,"Rep. Ball, Cynthia J. [D]",0,1,0,0,1,1,0,0,0,-0.967,2022,22519,9764,946,33229,0.38385147,-0.06426372,42.8,28.9,35.4,24.8,10.8,68.8,11.9,6.1,31.2,46.8,36.3,96.5,66.3,22.15953,77.84047,0.36432493,517.8,193.7,0,0,0,0
2023,45036,HB,574,73-39-1-7,North Carolina,NC,0,50,0,2,1,"Rep. Price, Renee Ann [D]",0,1,0,0,1,1,1,0,0,,2022,22732,15503,,38235,0.1890676,-0.30027878,27.5,28.5,23,31.3,17,68,18.2,8.1,32,54.5,26.6,87.3,35.5,27.913733,72.086266,0.40902895,463.55,158.35,0,0,0,0
2023,45036,HB,574,73-39-1-7,North Carolina,NC,0,51,0,2,1,"Rep. Sauls II, John Irwin [R]",1,0,0,1,0,0,0,0,0,0.605,2022,16973,9147,,26120,0.29961714,0.32734516,33.8,35.8,28.3,23.3,12.6,58.7,19,17.3,41.3,52.8,28.2,85.9,23.3,50.843613,49.156387,0.24094857,493.85,211.6,0,0,0,0
2023,45036,HB,574,73-39-1-7,North Carolina,NC,0,52,0,2,1,"Rep. Moss, Ben Thomas [R]",1,0,0,1,0,0,0,0,0,,2022,19640,,,19640,1,0.29462248,26.9,26.5,22.9,25.6,24.9,77.8,12.3,6.1,22.2,55,22.5,91.2,39.2,54.800373,45.199627,0.20748706,594,311.75,0,0,0,0
2023,45036,HB,574,73-39-1-7,North Carolina,NC,0,53,0,2,1,"Rep. Penny Jr., Howard [R]",1,0,0,1,0,0,0,0,0,,2022,22118,10824,,32942,0.342845,0.25448212,34.4,34.1,27.4,25,13.5,62.5,21.5,11.3,37.5,47.6,31.1,85.2,18.6,44.10182,55.89818,0.13646288,373.85,212.25,0,0,0,0
2023,45036,HB,574,73-39-1-7,North Carolina,NC,0,54,0,2,1,"Rep. Reives II, Robert Tyrone [D]",0,1,0,0,1,0,1,0,0,-0.915,2022,23105,18684,,41789,0.105793394,-0.5056366,28.5,26.2,24.2,28.6,21.1,69.4,13.7,10.6,30.6,57.5,24.5,90.2,48,35.693684,64.30631,0.5840467,442.6,225.95,0,0,0,0
2023,45036,HB,574,73-39-1-7,North Carolina,NC,0,55,0,2,1,"Rep. Brody, Mark Allen [R]",1,0,0,1,0,0,0,0,0,1.084,2022,18930,,,18930,1,0.23448278,30.2,30.4,24,29.1,16.4,68.1,22.9,6.5,31.9,52,29.1,85.3,15.9,49.921375,50.078625,0.09873757,648.55,320,0,0,0,0
2023,45036,HB,574,73-39-1-7,North Carolina,NC,0,56,0,2,1,"Rep. Buansi, Allen Kwabena [D]",0,1,0,0,1,0,1,0,0,,2022,32064,,,32064,1,-0.73942554,43.1,44.4,25,20.2,10.4,68.4,10,7.4,31.6,36.9,51.1,95.2,71.9,95.44898,4.5510144,0.38399777,498.9,104.3,0,0,0,0
2023,45036,HB,574,73-39-1-7,North Carolina,NC,0,57,0,2,1,"Rep. Clemmons, Ashton Wheeler [D]",0,1,0,0,1,1,0,0,0,,2022,20186,16467,,36653,0.10146509,-0.26867107,32.2,31.9,26.9,26.7,14.5,44,40.8,7.7,56,44.2,35.1,88.3,36.3,100,0,0.2429082,518.8,241.1,0,0,0,0
2023,45036,HB,574,73-39-1-7,North Carolina,NC,0,59,0,2,1,"Rep. Hardister, Jonathan \Jon\"" Yates [R]""",1,0,0,1,0,0,0,0,0,0.853,2022,19558,15163,,34721,0.12658046,-0.11816775,29.9,29.4,24.5,29.3,16.9,69.6,22.1,4.9,30.4,56,25.8,90.7,31.2,84.72814,15.271858,0.24302094,518.8,241.1,0,0,0,0
2023,45036,HB,574,73-39-1-7,North Carolina,NC,0,60,0,2,1,"Rep. Brockman, Cecil Antonio [D]",0,1,1,0,1,0,1,0,0,-0.769,2022,14686,10232,,24918,0.17874628,-0.115045115,36.8,35.2,29,23.6,12.2,36.8,41.8,10.6,63.2,38.5,40.3,83.5,28,86.20735,13.792648,0.40469563,518.8,241.1,0,0,0,0
2023,45036,HB,574,73-39-1-7,North Carolina,NC,0,61,0,2,1,"Rep. Harrison, Mary \Pricey\"" Price [D]""",0,1,0,0,1,1,0,0,0,-1.583,2022,19862,,,19862,1,0.11078384,35.1,39.3,23,23.5,14.3,49.9,41.1,4.1,50.1,33.6,49.3,91.1,43.7,97.258965,2.741035,0.6715785,518.8,241.1,0,0,0,0
2023,45036,HB,574,73-39-1-7,North Carolina,NC,0,62,0,2,1,"Rep. Faircloth Jr., John A. [R]",1,0,0,1,0,0,0,0,0,,2022,20404,18717,,39121,0.04312262,-0.19118029,28.6,30.6,23.6,29.3,16.5,71.9,13.1,6.3,28.1,55.7,26,94.1,44.9,84.3004,15.699598,0.25138697,518.8,241.1,0,0,0,0
2023,45036,HB,574,73-39-1-7,North Carolina,NC,0,63,0,2,1,"Rep. Ross, Stephen Miles [R]",1,0,0,1,0,0,0,0,0,0.7,2022,13955,13367,,27322,0.02152112,0.08815069,28.7,30.6,24.4,27.6,17.3,63.6,19.4,13.5,36.4,49.1,28.1,86.3,25.5,90.5101,9.489899,0.36913767,442.4,212.3,0,0,0,0
2023,45036,HB,574,73-39-1-7,North Carolina,NC,0,64,0,2,1,"Rep. Riddell, Dennis Patrick [R]",1,0,0,1,0,0,0,0,0,0.924,2022,20320,12168,,32488,0.25092342,0.19516681,32.3,34.8,23.6,26,15.5,65.6,18.6,11.3,34.4,44.8,35,84.7,22.3,54.31412,45.68588,0.27724048,442.4,212.3,0,0,0,0
2023,45036,HB,574,73-39-1-7,North Carolina,NC,0,65,0,2,1,"Rep. Pyrtle, Reece [R]",1,0,0,1,0,0,0,0,0,,2022,21740,10632,,32372,0.34313604,0.06097219,28.2,28.3,22.7,29.6,19.3,71.7,18.9,6.3,28.3,49.3,26.3,82.7,15.2,49.205997,50.794003,0.27285957,485.6,268.8,0,0,0,0
2023,45036,HB,574,73-39-1-7,North Carolina,NC,0,66,0,2,1,"Rep. Crawford, Sarah Randall [D]",0,1,0,0,1,1,0,0,0,,2022,18606,7220,705,26531,0.42915833,0.44368643,29.5,30.9,23.1,27.6,18.3,61,25.6,9.2,39,47.4,30.2,80.4,14.5,42.742184,57.257816,0.11832845,517.8,193.7,0,0,0,0
2023,45036,HB,574,73-39-1-7,North Carolina,NC,0,67,0,2,1,"Rep. Sasser, Clayton \Wayne\"" Wayne [R]""",1,0,0,1,0,0,0,0,0,,2022,26654,,,26654,1,0.10795402,29.8,31.2,23.8,28.8,16.3,81.8,9.3,4.5,18.2,56.5,25.7,88,21.4,27.670961,72.32904,0.10191541,582.35,320.85,0,0,0,0
2023,45036,HB,574,73-39-1-7,North Carolina,NC,0,68,0,2,1,"Rep. Willis, David Allen [R]",1,0,0,1,0,0,0,0,0,,2022,24883,,,24883,1,0.26847956,27.3,38.7,22.6,28.8,9.8,71.9,10,10.5,28.1,61.8,25.9,92.5,49.7,80.96806,19.031935,0.18223397,525.8,229.7,0,0,0,0
2023,45036,HB,574,73-39-1-7,North Carolina,NC,0,69,0,2,1,"Rep. Arp, Larry \Dean\"" Dean [R]""",1,0,0,1,0,0,0,0,0,0.972,2022,22418,11249,,33667,0.3317492,0.4779791,32.5,37.2,25.5,25.2,11.9,69.2,12.9,13.7,30.8,55.9,28,88.5,30.3,42.09021,57.90979,0.26459694,525.8,229.7,0,0,0,0
2023,45036,HB,574,73-39-1-7,North Carolina,NC,0,70,0,2,1,"Rep. Biggs, Brian Oneal [R]",1,0,0,1,0,0,0,0,0,,2022,22160,5887,,28047,0.58020467,0.2899566,29,31,23.2,28.3,17.3,77,6.3,12,23,50.4,27,81.4,17.2,51.987423,48.012577,0.14943798,473.1,268,0,0,0,0
2023,45036,HB,574,73-39-1-7,North Carolina,NC,0,71,0,2,1,"Rep. Brown, Kanika Shevon [D]",0,1,0,0,1,1,1,0,0,,2022,18196,,,18196,1,-0.40188268,36.5,35.8,28.5,22.8,12.9,43.2,34.9,17.5,56.8,35,44.5,85.9,30,100,0,0.43998706,709,355.6,0,0,0,0
2023,45036,HB,574,73-39-1-7,North Carolina,NC,0,74,0,2,1,"Rep. Zenger, Jeffrey \Jeff\"" Alan [R]""",1,0,0,1,0,0,0,0,0,,2022,20245,18416,,38661,0.047308657,0.07299876,26.6,29,22.3,30.9,17.8,74.4,13.6,8.4,25.6,56.8,24.7,90.8,34.8,85.61682,14.383176,0.20970826,709,355.6,0,0,0,0
2023,45036,HB,574,73-39-1-7,North Carolina,NC,0,75,0,2,1,"Rep. Lambeth, Donny Carr [R]",1,0,0,1,0,0,0,0,0,0.812,2022,19925,,,19925,1,0.12874618,31,31.4,25.8,27.2,15.5,65.5,17.3,12,34.5,52.2,27.5,90.8,33.8,95.375145,4.6248555,0.24927767,709,355.6,0,0,0,0
2023,45036,HB,574,73-39-1-7,North Carolina,NC,0,76,0,2,1,"Rep. Warren, Harry [R]",1,0,0,1,0,0,0,0,0,0.917,2022,21050,,,21050,1,0.039978065,30.7,32.1,23.7,26.9,17.2,69.4,20.3,7.2,30.6,47.5,30.5,85.6,20.9,54.79025,45.20975,0.30320814,475.1,243.5,0,0,0,0
2023,45036,HB,574,73-39-1-7,North Carolina,NC,0,77,0,2,1,"Rep. Howard, Julia C. [R]",1,0,0,1,0,1,0,0,0,0.65,2022,30953,,,30953,1,0.12573193,28,29.6,22.7,29.6,18.1,81,8,8.3,19,55,24.9,85.9,19.7,67.52335,32.476643,0.08499654,535.5333,298.23334,0,0,0,0
2023,45036,HB,574,73-39-1-7,North Carolina,NC,0,78,0,2,1,"Rep. Jackson, Maze \Neal\"" O'Neal [R]""",1,0,0,1,0,0,0,0,0,,2022,27787,8510,,36297,0.53109074,0.2576042,29.7,31.6,23.8,28,16.5,80.6,7,10.1,19.4,54,24.8,81.9,15,35.49046,64.509544,0.21996334,487.3,234.75,0,0,0,0
2023,45036,HB,574,73-39-1-7,North Carolina,NC,0,79,0,2,1,"Rep. Kidwell, Keith D. [R]",1,0,0,1,0,0,0,0,0,,2022,26309,,,26309,1,-0.023802424,27.2,29,21.2,27.5,22.3,67.4,24.1,7,32.6,51.1,25.8,85.7,18.8,38.679768,61.320232,0.03924005,435.725,187.625,0,0,0,0
2023,45036,HB,574,73-39-1-7,North Carolina,NC,0,80,0,2,1,"Rep. Watford, Samuel Lee [R]",1,0,0,1,0,0,0,0,0,0.764,2022,23182,6365,,29547,0.569161,0.24556302,28.8,29.5,23.4,29.4,17.8,80.5,8.5,8,19.5,55.3,22.9,83.2,18.9,45.02133,54.97867,0.29905403,399.5,185.4,0,0,0,0
2023,45036,HB,574,73-39-1-7,North Carolina,NC,0,81,0,2,1,"Rep. Potts, Larry Wayne [R]",1,0,0,1,0,0,0,0,0,0.884,2022,21922,7612,,29534,0.4845263,0.11233638,29.2,30.6,23.5,28.5,17.4,80.5,9.5,6,19.5,52.3,25.5,83.7,18,56.128967,43.871033,0.21114478,399.5,185.4,0,0,0,0
2023,45036,HB,574,73-39-1-7,North Carolina,NC,0,82,0,2,1,"Rep. Baker, Kristin [R]",1,0,0,1,0,1,0,0,0,,2022,19935,,,19935,1,0.12131913,32.9,34.3,27.4,26.6,11.7,66.8,16.9,8.4,33.2,56.7,26.6,92.7,38.8,94.950195,5.0498075,0.06896138,539.5,288.5,0,0,0,0
2023,45036,HB,574,73-39-1-7,North Carolina,NC,0,83,0,2,1,"Rep. Crutchfield, Kevin Roger [R]",1,0,0,1,0,0,0,0,0,,2022,27201,,,27201,1,0.25653303,33.1,34,27.3,25,13.8,62.2,19.5,14.4,37.8,48,30.6,85.1,20.4,64.624405,35.3756,0.21871583,507.3,266,0,0,0,0
2023,45036,HB,574,73-39-1-7,North Carolina,NC,0,84,0,2,1,"Rep. McNeely, Jeffrey C. [R]",1,0,0,1,0,0,0,0,0,,2022,22931,,,22931,1,0.26127073,29.5,30.7,23.5,28.8,17.1,73.9,15,8,26.1,52.1,28.1,86.5,19.2,10.159586,89.840416,0.30279383,536.7,262.7,0,0,0,0
2023,45036,HB,574,73-39-1-7,North Carolina,NC,0,85,0,2,1,"Rep. Greene, Edwin \Dudley\"" Dudley [R]""",1,0,0,1,0,0,0,0,0,,2022,26613,9066,,35679,0.4918019,0.07117666,29.2,26.7,23.8,28.7,20.7,88.4,3.1,5.7,11.6,52.3,25.1,83.6,18.1,30.842285,69.157715,0.26895657,515.025,374.225,0,0,0,0
2023,45036,HB,574,73-39-1-7,North Carolina,NC,0,86,0,2,1,"Rep. Blackwell, Hugh [R]",1,0,0,1,0,0,0,0,0,0.703,2022,23945,,,23945,1,0.0357757,28,27.9,22.5,29.6,20,81.5,6.2,6.3,18.5,50.4,26.8,81.1,17.5,64.02678,35.973217,0.31445512,631.1,448.5,0,0,0,0
2023,45036,HB,574,73-39-1-7,North Carolina,NC,0,87,0,2,1,"Rep. Hall, Destin Chase [R]",1,0,0,1,0,0,0,0,0,1.058,2022,22864,7139,,30003,0.52411425,0.26652637,28.5,28.2,23,29.9,18.9,87.6,4.8,5.3,12.4,52.5,24.7,79.7,15.3,69.268295,30.731707,0.34055346,501.15,344.75,0,0,0,0
2023,45036,HB,574,73-39-1-7,North Carolina,NC,0,88,0,2,1,"Rep. Belk, Mary G. [D]",0,1,0,0,1,1,0,0,0,-1.07,2022,19020,8438,,27458,0.38538858,-0.26487356,43.5,33.6,36.4,21.6,8.4,35.9,35.2,20.5,64.1,34.6,46.7,84.2,38.9,60.507114,39.492886,0.8426442,615.8,249,0,0,0,0
2023,45036,HB,574,73-39-1-7,North Carolina,NC,0,89,0,2,1,"Rep. Setzer, Mitchell Smith [R]",1,0,0,1,0,0,0,0,0,1.017,2022,27255,,,27255,1,0.25984776,28.4,30.5,22.7,29.9,16.8,77.4,8.1,8.5,22.6,53.6,25.5,84.2,18,32.32145,67.67855,0.44644356,562.35,274.8,0,0,0,0
2023,45036,HB,574,73-39-1-7,North Carolina,NC,0,90,0,2,1,"Rep. Stevens, Sarah S. [R]",1,0,0,1,0,1,0,0,0,0.928,2022,24398,,,24398,1,-0.069366306,26.7,27.8,20.9,29.4,21.8,87.5,3.6,7.3,12.5,54.9,21.9,77.8,15.5,31.513716,68.48628,0.0989268,604.75,438.3,0,0,0,0
2023,45036,HB,574,73-39-1-7,North Carolina,NC,0,91,0,2,1,"Rep. Hall, Kyle [R]",1,0,0,1,0,0,0,0,0,1.012,2022,26304,,,26304,1,0.39301404,27.5,28.6,22,30.9,18.6,87,4.8,6.3,13,54.3,23.6,81.9,14.1,21.43465,78.565346,0.04830626,645.8,400.55,0,0,0,0
2023,45036,HB,574,73-39-1-7,North Carolina,NC,0,92,0,2,1,"Rep. Brown, Terry Martin [D]",0,1,0,0,1,0,1,0,0,,2022,17849,7851,,25700,0.38902724,-0.17125371,42.9,32.8,35.6,23.2,8.4,37.5,31.6,20.2,62.5,43.5,40,90.4,39.6,10.7456,89.2544,0.44336623,615.8,249,0,0,0,0
2023,45036,HB,574,73-39-1-7,North Carolina,NC,0,93,0,2,1,"Rep. Pickett, Phillip \Ray\"" Ray [R]""",1,0,0,1,0,0,0,0,0,,2022,21613,15396,,37009,0.16798617,-0.04079202,35,36.8,20.5,24.8,18,92.1,1.3,4,7.9,45.2,38.4,87.5,32.7,22.229633,77.77037,0.45383897,477.2,292.6,0,0,0,0
2023,45036,HB,574,73-39-1-7,North Carolina,NC,0,94,0,2,1,"Rep. Elmore, Jeffrey Carter [R]",1,0,0,1,0,0,0,0,0,0.94,2022,27924,6952,,34876,0.6013304,0.03408571,29.1,28.2,23.9,27.9,20,85.8,5.3,6.4,14.2,52.6,24.5,80.1,16.2,26.517466,73.48254,0.08831501,622.05,475,0,0,0,0
2023,45036,HB,574,73-39-1-7,North Carolina,NC,0,95,0,2,1,"Rep. Mills, Paul \Grey\"" Grey [R]""",1,0,0,1,0,0,0,0,0,0.992,2022,22524,10854,,33378,0.3496315,0.050944008,31.6,32.7,25.7,28.4,13.5,78.5,9.4,7,21.5,56.4,27.3,91.4,35.5,84.01727,15.982727,0.3372072,536.7,262.7,0,0,0,0
2023,45036,HB,574,73-39-1-7,North Carolina,NC,0,96,0,2,1,"Rep. Adams Jr., James \Jay\"" Cecil [R]""",1,0,0,1,0,0,0,0,0,0.904,2022,22016,,,22016,1,0.002574198,30.8,31.2,24.7,26.7,17.3,74.2,7.9,10.5,25.8,50.3,29.3,86.3,26,78.66779,21.332209,0.5679995,588,286.9,0,0,0,0
2023,45036,HB,574,73-39-1-7,North Carolina,NC,0,97,0,2,1,"Rep. Saine, Jason [R]",1,0,0,1,0,0,0,0,0,0.904,2022,28875,,,28875,1,0.18969193,29,29.1,23.7,30.3,16.8,85,5,7,15,56.9,23.3,85.4,21.4,46.704914,53.295086,0.20200136,512.1,265.1,0,0,0,0
2023,45036,HB,574,73-39-1-7,North Carolina,NC,0,98,0,2,1,"Rep. Bradford III, John Ray [R]",1,0,0,1,0,0,0,0,0,0.872,2022,18080,17420,,35500,0.01859155,-0.016124306,31,32.8,27,28.6,11.6,80.3,9.1,6.1,19.7,58.1,26.5,97,57.9,96.8265,3.1735015,0.6154499,615.8,249,0,0,0,0
2023,45036,HB,574,73-39-1-7,North Carolina,NC,0,100,0,2,1,"Rep. Autry, Johnnie \John\"" Newton [D]""",0,1,0,0,1,0,0,0,0,-1.1626,2022,15219,,,15219,1,-0.15247864,40.4,33.7,33.8,22,10.7,38,31.8,21.1,62,40.3,39.8,86.7,31.6,100,0,0.5036015,615.8,249,0,0,0,0
2023,45036,HB,574,73-39-1-7,North Carolina,NC,0,101,0,2,1,"Rep. Logan, Carolyn G. [D]",0,1,0,0,1,1,1,0,0,,2022,16035,5377,,21412,0.49775827,-0.55746204,39.8,33.5,32.9,24.4,9.1,32.1,51.6,8.7,67.9,37.4,44.5,85.7,32.7,99.224846,0.7751539,0.63248515,615.8,249,0,0,0,0
2023,45036,HB,574,73-39-1-7,North Carolina,NC,0,102,0,2,1,"Rep. Carney, Becky [D]",0,1,0,0,1,1,0,0,0,-0.683,2022,22795,5107,,27902,0.63393307,-0.31381527,45.1,32.3,37.4,21.2,9.2,34,39.2,19.1,66,30.6,50.4,79.4,33.3,100,0,1.0803152,615.8,249,0,0,0,0
2023,45036,HB,574,73-39-1-7,North Carolina,NC,0,103,0,2,1,"Rep. Budd, Laura Huntingdon [D]",0,1,0,0,1,1,0,0,0,,2022,20200,18294,,38494,0.04951421,0.32145306,28.3,30.6,23.6,29.3,16.4,76.2,8.2,6.6,23.8,62,23,95.6,54.8,97.671455,2.3285477,0.30676767,615.8,249,0,0,0,0
2023,45036,HB,574,73-39-1-7,North Carolina,NC,0,104,0,2,1,"Rep. Lofton, Brandon Marcus [D]",0,1,0,0,1,0,1,0,0,,2022,21084,17061,,38145,0.105465986,-0.075056985,31.7,28.7,27.8,26.4,17,84.1,6.8,4.4,15.9,56.5,27.7,96.6,72,100,0,0.23478942,615.8,249,0,0,0,0
2023,45036,HB,574,73-39-1-7,North Carolina,NC,0,105,0,2,1,"Rep. Harris, Wesley Ryan [D]",0,1,0,0,1,0,0,0,0,,2022,17545,13307,,30852,0.13736549,0.019669628,32.5,31.8,28,28.6,11.7,67.2,8.9,7.4,32.8,59.8,25.7,97,64.1,100,0,0.094978034,615.8,249,0,0,0,0
2023,45036,HB,574,73-39-1-7,North Carolina,NC,0,107,0,2,1,"Rep. Alexander Jr., Kelly M. [D]",0,1,0,0,1,0,1,0,0,-0.533,2022,18896,4187,,23083,0.6372222,-0.5445026,41.5,32.3,34.9,23.9,8.9,29.7,51.8,10.7,70.3,41.7,39.3,90.6,36.5,97.04792,2.9520824,0.3800905,615.8,249,0,0,0,0
2023,45036,HB,574,73-39-1-7,North Carolina,NC,0,108,0,2,1,"Rep. Torbett, John A. [R]",1,0,0,1,0,0,0,0,0,0.997,2022,19759,,,19759,1,0.18282047,32.4,30.1,26.4,27.5,16,70.8,16.5,7.7,29.2,46.3,30.2,84.1,20.7,91.459435,8.5405655,0.24859765,569.7,363,0,0,0,0
2023,45036,HB,574,73-39-1-7,North Carolina,NC,0,109,0,2,1,"Rep. Loftis, Donnie [R]",1,0,0,1,0,0,0,0,0,,2022,18785,12112,,30897,0.21597566,0.1388335,31.1,32.2,25.6,27.6,14.7,67.7,19.7,7.6,32.3,48.5,29.3,87,25.6,86.60777,13.392228,0.6181179,569.7,363,0,0,0,0
2023,45036,HB,574,73-39-1-7,North Carolina,NC,0,110,0,2,1,"Rep. Hastings, Kelly E. [R]",1,0,0,1,0,0,0,0,0,1.093,2022,20551,,,20551,1,0.29963243,30.3,30.4,24.1,28.3,17.1,78,15.4,4.2,22,50.2,28.2,82.5,16,42.504803,57.495197,0.28486118,587.3,402.35,0,0,0,0
2023,45036,HB,574,73-39-1-7,North Carolina,NC,0,111,0,2,1,"Rep. Moore, Timothy \Tim\"" Keith [R]""",1,0,0,1,0,0,0,0,0,1.056,2022,23333,,,23333,1,0.19872479,29.3,32.2,22,28.2,17.5,76.2,17.9,3.2,23.8,46.7,30.3,84.3,15.8,60.556633,39.443367,0.19808985,651.4,485,0,0,0,0
2023,45036,HB,574,73-39-1-7,North Carolina,NC,0,112,0,2,1,"Rep. Cotham, Patricia \Tricia\"" Ann [R]""",1,0,0,1,0,1,0,0,0,,2022,15389,10597,,25986,0.18440698,0.15539896,28.4,29.2,22.6,28.6,19.7,83.4,9.4,4.1,16.6,46.8,28.1,82.2,16.2,33.228855,66.77114,0.20318542,615.8,249,0,0,0,0
2023,45036,HB,574,73-39-1-7,North Carolina,NC,0,113,0,2,1,"Rep. Johnson, Jake [R]",1,0,0,1,0,0,0,0,0,,2022,27267,,,27267,1,-0.19156137,23.5,22.9,18.7,29.1,29.3,88.1,3.8,5.5,11.9,58.6,20.9,89.6,32.1,30.407488,69.592514,0.35566258,536.95,345.325,0,0,0,0
2023,45036,HB,574,73-39-1-7,North Carolina,NC,0,114,0,2,1,"Rep. Ager, John \Eric\"" Eric [D]""",0,1,0,0,1,0,0,0,0,-0.833,2022,28999,13177,,42176,0.37514225,-0.52366924,39.6,26.9,32.6,23.2,17.3,77.1,12.3,6.4,22.9,40.4,39.7,90.9,44.7,65.34152,34.658478,0.90245384,524.8,338.8,0,0,0,0
2023,45036,HB,574,73-39-1-7,North Carolina,NC,0,115,0,2,1,"Rep. Prather, Lindsey Anne [D]",0,1,0,0,1,1,0,0,0,,2022,21007,15481,,36488,0.15144706,-0.070390984,28.2,25,23.5,29.9,21.5,88.7,2.9,6.1,11.3,54.2,26.1,90.4,37.3,75.62655,24.373455,0.67213684,524.8,338.8,0,0,0,0
2023,45036,HB,574,73-39-1-7,North Carolina,NC,0,116,0,2,1,"Rep. Rudow, Caleb [D]",0,1,0,0,1,0,0,0,0,,2022,25161,15185,,40346,0.2472612,-0.14068194,30,28.6,24.6,28.5,18.3,85.5,2.9,7,14.5,54.3,24.7,91.6,35,84.59594,15.404059,0.3305189,524.8,338.8,0,0,0,0
2023,45036,HB,574,73-39-1-7,North Carolina,NC,0,117,0,2,1,"Rep. Capps Balkcom, Jennifer [R]",1,0,0,1,0,1,0,0,0,,2022,24144,16806,,40950,0.17919414,0.11797229,27.1,27.4,22.3,26.7,23.5,81.8,3.5,10.8,18.2,54.6,23.7,89.9,31.3,72.10354,27.89646,0.40263954,493.6,275.9,0,0,0,0
2023,45036,HB,574,73-39-1-7,North Carolina,NC,0,118,0,2,1,"Rep. Pless, Steven \Mark\"" Mark [R]""",1,0,0,1,0,0,0,0,0,,2022,22040,14522,,36562,0.20562333,0.06587494,27.6,27.2,21.8,28.8,22.2,93.1,1.1,4,6.9,55.4,22.6,86.6,22.5,37.821278,62.178722,0.21443889,556.45,412.35,0,0,0,0
2023,45036,HB,574,73-39-1-7,North Carolina,NC,0,119,0,2,1,"Rep. Clampitt, James \Mike\"" Michael [R]""",1,0,0,1,0,0,0,0,0,0.824,2022,19332,16534,,35866,0.0780126,-0.09347082,30.5,31.5,21.5,25.7,21.6,80.9,1.6,4.8,19.1,46.7,30.5,86.3,28.2,11.544452,88.45555,0.5795295,471.26666,317,0,0,0,0
2021,44301,HB,1298,29 Y 18 N,North Dakota,ND,1,1,0,4,1,"Sen. Bekkedahl, Brad [R]",1,0,0,1,0,0,0,0,0,0.764,2018,4390,1152,14,5556,0.58279335,0.2593783,,35,32.2,22.6,10.1,80.2,2.5,8,19.8,51.2,32.9,92.5,26.3,98.462906,1.5370972,0.21178523,381,98.7,0,1,1,1
2021,44301,HB,1298,29 Y 18 N,North Dakota,ND,1,2,0,4,1,"Sen. Rust, David S. [R]",1,0,0,1,0,0,0,0,0,0.65,2020,1,0,,1,1,0.30114856,,36.3,29.6,22.7,11.5,84.7,3.9,5.3,15.3,55.5,30.4,92.3,22.3,0.7593925,99.24061,0.1228364,614.45,73.375,0,1,1,1
2021,44301,HB,1298,29 Y 18 N,North Dakota,ND,1,3,0,4,1,"Sen. Larsen, Oley [R]",1,0,0,1,0,0,0,0,0,1.06,2018,3081,1392,1315,5788,0.29181063,0.03622448,,30.4,34.3,23.3,12,86,1.8,5.5,14,49,32,90,23.6,80.67381,19.326187,0.099075295,415.9,84.5,0,1,1,1
2021,44301,HB,1298,29 Y 18 N,North Dakota,ND,1,4,0,4,1,"Sen. Kannianen, Jordan L. [R]",1,0,0,1,0,0,0,0,0,1.051,2020,4960,2357,7,7324,0.35540688,0.11831818,,34.6,24.4,27.7,13.4,61.5,0.5,5.6,38.5,50.3,32,91.1,18,0,100,0.13035382,527.7167,135.06667,0,1,1,1
2021,44301,HB,1298,29 Y 18 N,North Dakota,ND,1,5,0,4,1,"Sen. Burckhard, Randall \Randy\"" A. [R]""",1,0,0,1,0,0,0,0,0,0.718,2018,3912,1724,15,5651,0.3871881,0.21006669,,35.6,22.8,22.8,18.9,86.3,5.5,2.3,13.7,47,33.7,92.2,27.2,99.89296,0.10703773,0,415.9,84.5,0,1,1,1
2021,44301,HB,1298,29 Y 18 N,North Dakota,ND,1,6,0,4,1,"Sen. Vedaa, Shawn A. [R]",1,0,0,1,0,0,0,0,0,0.792,2020,5598,2098,6,7702,0.45442742,0.045828026,,29.9,21.4,28,20.7,92.9,0.6,2.9,7.1,60.6,22.4,91.1,21.2,0,100,0,602.64,79.5,0,1,1,1
2021,44301,HB,1298,29 Y 18 N,North Dakota,ND,1,7,0,4,1,"Sen. Poolman, Nicole [R]",0,1,0,1,0,1,0,0,0,0.726,2018,1,0,,1,1,0.31620824,,35.2,31.2,22.2,11.5,91,2,2.4,9,64.2,25.4,96,32.2,20.290707,79.7093,0,605.7,139.9,0,1,1,1
2021,44301,HB,1298,29 Y 18 N,North Dakota,ND,1,8,0,4,1,"Sen. Anderson Jr., Howard C [R]",0,1,0,1,0,0,0,0,0,0.639,2020,1,0,,1,1,0.060631465,,29.1,24,28.8,18,95.2,0.4,1.8,4.8,69.2,18.4,93.4,26.7,35.37225,64.62775,0,729.3333,116.1,0,1,1,1
2021,44301,HB,1298,29 Y 18 N,North Dakota,ND,1,9,0,4,1,"Sen. Marcellais, Richard [D]",0,1,0,0,1,0,0,0,1,-0.437,2018,1,0,,1,1,-0.002061375,,43.1,22.9,23,11,18.5,0.6,0.6,81.5,37.3,44.8,86.3,20,0,100,0.17248814,757.1667,125.7,0,1,1,1
2021,44301,HB,1298,29 Y 18 N,North Dakota,ND,1,10,0,4,1,"Sen. Myrdal, Janne [R]",1,0,0,1,0,1,0,0,0,0.975,2020,5067,1744,8,6819,0.48731485,0.003719471,,26.8,19.5,29.5,24.5,92.8,0.3,2.7,7.2,63.2,20.7,89.5,20.5,0,100,0,512.3,120.6,0,1,1,1
2021,44301,HB,1298,29 Y 18 N,North Dakota,ND,1,11,0,4,1,"Sen. Mathern, Tim [D]",0,1,0,0,1,0,0,0,0,-0.627,2018,4130,2505,21,6656,0.24414062,-0.19211224,,30.1,32.5,21.5,15.8,86.2,5.1,3.5,13.8,40.3,39,92.8,29.2,100,0,0.802324,512.3,120.6,0,1,1,1
2021,44301,HB,1298,29 Y 18 N,North Dakota,ND,1,12,0,4,1,"Sen. Conley, Cole [R]",1,0,0,1,0,0,0,0,0,,2020,3258,2549,10,5817,0.12188413,0.104054615,,31.8,25.7,24.2,18.5,89.9,1.8,3.6,10.1,44.5,34.1,90.9,23.1,98.96005,1.0399472,0,507.4,92.8,0,1,1,1
2021,44301,HB,1298,29 Y 18 N,North Dakota,ND,1,13,0,4,1,"Sen. Lee, Judy E. [R]",0,1,0,1,0,1,0,0,0,0.636,2018,4151,2939,16,7106,0.17056009,-0.06590762,,31.2,27.3,28,13.7,89.1,4.4,2.2,10.9,62.7,22.3,94.9,31.6,99.68672,0.31327504,0,512.3,120.6,0,1,1,1
2021,44301,HB,1298,29 Y 18 N,North Dakota,ND,1,14,0,4,1,"Sen. Klein, Jerry [R]",1,0,0,1,0,0,0,0,0,0.857,2020,6152,1612,7,7771,0.5842234,0.18536183,,26.9,18.8,30,24.2,95.7,0.3,1.5,4.3,60.9,20.3,89,19,12.409587,87.590416,0.07554011,684.17145,125.41428,0,1,1,1
2021,44301,HB,1298,29 Y 18 N,North Dakota,ND,1,15,0,4,1,"Sen. Oehlke, Dave [R]",0,1,0,1,0,0,0,0,0,0.614,2018,4113,1955,17,6085,0.35464257,0.32990846,,31.1,21.6,27.8,19.6,84.9,0.1,2.6,15.1,55.2,26.9,91.9,24.8,55.399353,44.600647,0,610.5,87.05,0,1,1,1
2021,44301,HB,1298,29 Y 18 N,North Dakota,ND,1,16,0,4,1,"Sen. Clemens, David [R]",1,0,0,1,0,0,0,0,0,0.809,2020,5434,4969,19,10422,0.044617157,-0.016865604,,40.6,37,17,5.5,79.6,7.1,3.7,20.4,41.9,45.6,93.6,35.3,32.80778,67.192215,0.08787346,512.3,120.6,0,1,1,1
2021,44301,HB,1298,29 Y 18 N,North Dakota,ND,1,17,0,4,1,"Sen. Holmberg, Ray [R]",0,1,0,1,0,0,0,0,0,0.6,2018,5176,3584,9,8769,0.18154864,-0.04551258,,32.6,27,25.9,14.6,92.9,1.3,1.6,7.1,61.8,22.2,98.4,43.4,93.79248,6.2075214,0.15567507,480,74.2,0,1,1,1
2021,44301,HB,1298,29 Y 18 N,North Dakota,ND,1,18,0,4,1,"Sen. Meyer, Scott [R]",1,0,0,1,0,0,0,0,0,0.675,2020,2949,2527,8,5484,0.07695113,0.20061508,,37.7,31.5,21.3,9.6,83.4,4.1,6.4,16.6,43.4,41.2,93.6,28,93.56148,6.438525,0.6059613,480,74.2,0,1,1,1
2021,44301,HB,1298,29 Y 18 N,North Dakota,ND,1,19,0,4,1,"Sen. Fors, Robert [R]",1,0,0,1,0,0,0,0,0,,2018,3732,1741,15,5488,0.36279154,0.10775679,,31.1,21.8,28.5,18.6,85.7,0.3,9.7,14.3,58.1,25.8,88.4,19.4,17.003057,82.99694,0.21528526,793.93335,123.9,0,1,1,1
2021,44301,HB,1298,29 Y 18 N,North Dakota,ND,1,20,0,4,1,"Sen. Lemm, Randy D. [R]",1,0,0,1,0,0,0,0,0,,2020,4651,2106,4,6761,0.3764236,0.14746265,,34.9,24.9,25.4,14.7,89.9,2.1,3.4,10.1,64.2,21.9,93.8,28.8,0,100,0.07015082,629.26666,102.8,0,1,1,1
2021,44301,HB,1298,29 Y 18 N,North Dakota,ND,1,21,0,4,1,"Sen. Hogan, Kathy [D]",0,1,0,0,1,1,0,0,0,-0.554,2018,3482,1835,30,5347,0.30802318,0.08459671,,39,30.5,18.4,11.9,81.7,7.2,2.8,18.3,26.5,55.6,89.2,32,100,0,0.8830022,512.3,120.6,0,1,1,1
2021,44301,HB,1298,29 Y 18 N,North Dakota,ND,1,22,0,4,1,"Sen. Weber, Mark [R]",1,0,0,1,0,0,0,0,0,,2020,3258,2549,10,5817,0.12188413,0.1695174,,37.8,31.6,22.1,8.5,93.6,1.4,2,6.4,68.1,22.6,97.1,48.8,41.93233,58.06767,0,512.3,120.6,0,1,1,1
2021,44301,HB,1298,29 Y 18 N,North Dakota,ND,1,23,0,4,1,"Sen. Heckaman, Joan [D]",0,1,0,0,1,1,0,0,0,-0.383,2018,3401,2842,6,6249,0.089454316,0.020813797,,34.5,20,25.4,20,68.4,0.3,1.1,31.6,52,29.4,88.7,21.8,0,100,0,381,98.7,0,1,1,1
2021,44301,HB,1298,29 Y 18 N,North Dakota,ND,1,24,0,4,1,"Sen. Wobbema, Mike [R]",1,0,0,1,0,0,0,0,0,,2020,3572,3435,10,7017,0.019524014,0.33206767,,29.2,20.5,28.9,21.3,93.9,1.9,1.7,6.1,56.4,26.1,91.8,25.6,50.135014,49.864986,0.13908206,442.5,83.2,0,1,1,1
2021,44301,HB,1298,29 Y 18 N,North Dakota,ND,1,25,0,4,1,"Sen. Luick, Larry [R]",1,0,0,1,0,0,0,0,0,0.78,2018,3154,3133,12,6299,0.003333863,0.25181362,,37.2,22.1,26.1,14.8,91.1,0.8,2.9,8.9,52.6,33.2,91,25,59.87033,40.12967,1.0799865,740,97.15,0,1,1,1
2021,44301,HB,1298,29 Y 18 N,North Dakota,ND,1,26,0,4,1,"Sen. Heitkamp, Jason [R]",1,0,0,1,0,0,0,0,0,,2020,3683,3295,4,6982,0.05557147,0.4009042,,29.1,20.9,29.2,20.9,94,1.2,2.9,6,64.3,20.2,91.9,20.5,0,100,0.048646018,523.65,98.15,0,1,1,1
2021,44301,HB,1298,29 Y 18 N,North Dakota,ND,1,27,0,4,1,"Sen. Roers, Kristin [R]",0,1,0,1,0,1,0,0,0,,2018,5047,4014,15,9076,0.113816656,-0.053499643,,35.9,37.2,16.5,10.3,82.2,8.1,1.3,17.8,50.8,38.2,93.3,42.8,98.69756,1.3024383,1.0045259,512.3,120.6,0,1,1,1
2021,44301,HB,1298,29 Y 18 N,North Dakota,ND,1,28,0,4,1,"Sen. Erbele, Robert S. [R]",1,0,0,1,0,0,0,0,0,0.71,2020,1,0,0,1,1,0.5131512,,27,20.5,27.6,24.9,93.8,1.6,1.5,6.2,62.7,19.7,86.9,21.9,0,100,0,787.26,131.66,0,1,1,1
2021,44301,HB,1298,29 Y 18 N,North Dakota,ND,1,29,0,4,1,"Sen. Wanzek, Terry M. [R]",1,0,0,1,0,0,0,0,0,0.836,2018,4712,1952,9,6673,0.41360706,0.22966896,,29.8,19.5,30.3,20.3,96.9,0.2,0.6,3.1,61.7,22.4,89.9,24.2,14.487079,85.512924,0,653.8,108.2,0,1,1,1
2021,44301,HB,1298,29 Y 18 N,North Dakota,ND,1,30,0,4,1,"Sen. Larson, Diane [R]",1,0,0,1,0,1,0,0,0,0.609,2020,1,0,0,1,1,0.2750371,,32.1,25.7,27.3,15,87.7,2.1,3.1,12.3,43.1,36.4,93.5,31.6,87.10196,12.898038,0.31091475,605.7,139.9,0,1,1,1
2021,44301,HB,1298,29 Y 18 N,North Dakota,ND,1,31,0,4,1,"Sen. Schaible, Donald [R]",1,0,0,1,0,0,0,0,0,0.878,2018,4682,2510,18,7210,0.30124825,0.33974782,,32.9,25.2,25.3,16.6,71.4,0.2,3.3,28.6,51.9,29.5,88.5,20.1,20.721003,79.279,0.049594972,550.2,126.3,0,1,1,1
2021,44301,HB,1298,29 Y 18 N,North Dakota,ND,1,32,0,4,1,"Sen. Dever, Dick [R]",0,1,0,1,0,0,0,0,0,0.797,2020,4352,2312,20,6684,0.30520648,0.15511711,,30.8,26.8,25,17.4,84.4,1.3,4.7,15.6,40.2,37.8,89.8,28.3,99.70423,0.2957705,0,605.7,139.9,0,1,1,1
2021,44301,HB,1298,29 Y 18 N,North Dakota,ND,1,33,0,4,1,"Sen. Unruh Bell, Jessica K. [R]",0,1,0,1,0,1,0,0,0,0.939,2018,1,0,,1,1,0.21405672,,28.6,20.9,32.2,18.2,93.8,0.6,2.4,6.2,68.7,16.9,92.5,21.8,20.651709,79.34829,0,573.625,128.9,0,1,1,1
2021,44301,HB,1298,29 Y 18 N,North Dakota,ND,1,34,0,4,1,"Sen. Larsen, Doug [R]",1,0,0,1,0,0,0,0,0,,2020,6062,2224,16,8302,0.46229824,0.00735417,,32.1,29.8,24.3,13.9,86.7,0.5,3.4,13.3,55.6,27.5,92.4,29.3,98.39479,1.6052061,0.44467697,540.4,82,0,1,1,1
2021,44301,HB,1298,29 Y 18 N,North Dakota,ND,1,35,0,4,1,"Sen. Oban, Erin [D]",0,1,0,0,1,1,0,0,0,-0.324,2018,3992,3343,16,7351,0.08828731,0.22514364,,31.7,25.1,25.3,18.1,92.4,3.2,0.6,7.6,46.1,32.9,93.6,36.3,100,0,0,605.7,139.9,0,1,1,1
2021,44301,HB,1298,29 Y 18 N,North Dakota,ND,1,36,0,4,1,"Sen. Elkin, Jay [R]",1,0,0,1,0,0,0,0,0,,2020,1,0,,1,1,0.22052749,,32.6,26,25.9,15.4,90.5,0.6,4.3,9.5,60.4,24.1,91.8,19,15.691448,84.308556,0,655.1667,85.36667,0,1,1,1
2021,44301,HB,1298,29 Y 18 N,North Dakota,ND,1,37,0,4,1,"Sen. Wardner, Rich [R]",1,0,0,1,0,0,0,0,0,0.677,2018,5212,1186,19,6417,0.627396,0.32985726,,34.9,31.3,21.2,12.6,86.1,3.4,5.5,13.9,47.6,33.6,91,25.2,98.25327,1.7467248,0,635.6,67.9,0,1,1,1
2021,44301,HB,1298,29 Y 18 N,North Dakota,ND,1,38,0,4,1,"Sen. Hogue, David [R]",1,0,0,1,0,0,0,0,0,0.84,2020,1,0,,1,1,0.11009809,,40.3,29.2,21.4,9.3,81.6,4.9,8.8,18.4,58.1,29.1,95.9,31.7,69.243126,30.756876,0,415.9,84.5,0,1,1,1
2021,44301,HB,1298,29 Y 18 N,North Dakota,ND,1,39,0,4,1,"Sen. Patten, Dale [R]",1,0,0,1,0,0,0,0,0,,2018,1,0,,1,1,0.09292173,,34.4,25.3,25.6,14.8,89.5,0.9,5.6,10.5,55.3,26.8,91.6,27.1,0,100,0.14740203,562.8375,117.333336,0,1,1,1
2021,44301,HB,1298,29 Y 18 N,North Dakota,ND,1,40,0,4,1,"Sen. Krebsbach, Karen K. [R]",1,0,0,1,0,1,0,0,0,0.653,2020,1,0,,1,1,0.26452518,,45,35.2,13.5,6.4,78,4.1,7,22,47.4,40.5,95.5,34.5,94.44885,5.55115,0,415.9,84.5,0,1,1,1
2021,44301,HB,1298,29 Y 18 N,North Dakota,ND,1,41,0,4,1,"Sen. Davison, Kyle R. [R]",0,1,0,1,0,0,0,0,0,0.559,2018,3607,3384,13,7004,0.03183895,0.063760124,,37.6,26.5,23.2,12.6,80.8,8.7,4.1,19.2,50.4,34.4,95.2,42.5,100,0,0.53175324,512.3,120.6,0,1,1,1
2021,44301,HB,1298,29 Y 18 N,North Dakota,ND,1,42,0,4,1,"Sen. Kreun, Curtiss \Curt\"" [R]""",0,1,0,1,0,0,0,0,0,0.552,2020,1856,1616,5,3477,0.069025025,-0.03888558,,62.2,19,13.2,5.5,76.9,5.2,4,23.1,24.8,66.2,95.1,33.8,100,0,0.37705895,480,74.2,0,1,1,1
2021,44301,HB,1298,29 Y 18 N,North Dakota,ND,1,43,0,4,1,"Sen. Bakke, Jonell A. [D]",0,1,0,0,1,1,0,0,0,-0.48,2018,2692,2420,7,5119,0.053135376,0.07489614,,40.3,26.5,18,15.1,78.7,6.7,5.4,21.3,38.5,44.4,91.9,35,100,0,0,480,74.2,0,1,1,1
2021,44301,HB,1298,29 Y 18 N,North Dakota,ND,1,44,0,4,1,"Sen. Piepkorn, Merrill [D]",0,1,0,0,1,0,0,0,0,-0.387,2020,3800,3209,13,7022,0.08416405,0.097241364,,34.3,26.5,23.2,15.8,91.2,1.6,1.1,8.8,47.8,37.2,95.7,43.7,100,0,0.12896985,512.3,120.6,0,1,1,1
2021,44301,HB,1298,29 Y 18 N,North Dakota,ND,1,45,0,4,1,"Sen. Sorvaag, Ronald [R]",0,1,0,1,0,0,0,0,0,0.634,2018,3478,2356,9,5843,0.19202465,0.17039976,,50.6,22.4,19.2,7.8,85.7,4,3.5,14.3,41.2,50.5,96.9,42.3,85.397865,14.602133,0.25429118,512.3,120.6,0,1,1,1
2021,44301,HB,1298,29 Y 18 N,North Dakota,ND,1,46,0,4,1,"Sen. Roers, Jim [R]",1,0,0,1,0,0,0,0,0,0.757,2020,4274,3636,7,7917,0.08058608,0.265519,,34.2,24.9,26.7,14.4,90.3,3.2,2.1,9.7,51.5,33.1,96.4,46.1,99.6283,0.37169406,0.5174997,512.3,120.6,0,1,1,1
2021,44301,HB,1298,29 Y 18 N,North Dakota,ND,1,47,0,4,1,"Sen. Dwyer, Mike [R]",1,0,0,1,0,0,0,0,0,,2018,5896,2913,15,8824,0.3380553,0.104922764,,32.6,24.8,25.8,16.9,88.2,2,1.6,11.8,58.5,27.7,95.6,47.1,88.31848,11.681521,0.1702239,605.7,139.9,0,1,1,1
2021,44300,HB,1298,69 Y 25 N,North Dakota,ND,0,1,1,4,2,"Rep. Hatlestad, Patrick R. [R]",0,1,0,1,0,0,0,0,0,0.484,2018,3639,1202,,9683,0.5033564,-0.008843021,,35,32.2,22.6,10.1,80.2,2.5,8,19.8,51.2,32.9,92.5,26.3,98.462906,1.5370972,0.21178523,381,98.7,0,1,1,1
2021,44300,HB,1298,69 Y 25 N,North Dakota,ND,0,1,1,4,2,"Rep. Richter, David [R]",1,0,0,1,0,0,0,0,0,,2018,3632,1202,,9683,0.50191057,-0.008843021,,35,32.2,22.6,10.1,80.2,2.5,8,19.8,51.2,32.9,92.5,26.3,98.462906,1.5370972,0.21178523,381,98.7,0,1,1,1
2021,44300,HB,1298,69 Y 25 N,North Dakota,ND,0,2,1,4,2,"Rep. Anderson, Bert [R]",1,0,0,1,0,0,0,0,0,0.573,2020,1,0,,1,1,0.2603879,,36.3,29.6,22.7,11.5,84.7,3.9,5.3,15.3,55.5,30.4,92.3,22.3,0.7593925,99.24061,0.1228364,614.45,73.375,0,1,1,1
2021,44300,HB,1298,69 Y 25 N,North Dakota,ND,0,2,1,4,2,"Rep. Longmuir, Donald [R]",0,1,0,1,0,0,0,0,0,0.456,2020,1,0,,1,1,0.2603879,,36.3,29.6,22.7,11.5,84.7,3.9,5.3,15.3,55.5,30.4,92.3,22.3,0.7593925,99.24061,0.1228364,614.45,73.375,0,1,1,1
2021,44300,HB,1298,69 Y 25 N,North Dakota,ND,0,3,1,4,2,"Rep. Hoverson, Jeff [R]",1,0,0,1,0,0,0,0,0,,2018,3428,1809,,10076,0.32135767,-0.24358775,,30.4,34.3,23.3,12,86,1.8,5.5,14,49,32,90,23.6,80.67381,19.326187,0.099075295,415.9,84.5,0,1,1,1
2021,44300,HB,1298,69 Y 25 N,North Dakota,ND,0,3,1,4,2,"Rep. Paulson, Bob [R]",1,0,0,1,0,0,0,0,0,,2018,3189,1809,,10076,0.2739182,-0.24358775,,30.4,34.3,23.3,12,86,1.8,5.5,14,49,32,90,23.6,80.67381,19.326187,0.099075295,415.9,84.5,0,1,1,1
2021,44300,HB,1298,69 Y 25 N,North Dakota,ND,0,4,1,4,2,"Rep. Fegley, Clayton [R]",1,0,0,1,0,0,0,0,0,,2020,4325,2283,,12530,0.32593775,-0.010472154,,34.6,24.4,27.7,13.4,61.5,0.5,5.6,38.5,50.3,32,91.1,18,0,100,0.13035382,527.7167,135.06667,0,1,1,1
2021,44300,HB,1298,69 Y 25 N,North Dakota,ND,0,4,1,4,2,"Rep. Jones, Terry B. [R]",1,0,0,1,0,0,0,0,0,0.696,2020,3959,2283,,12530,0.26751795,-0.010472154,,34.6,24.4,27.7,13.4,61.5,0.5,5.6,38.5,50.3,32,91.1,18,0,100,0.13035382,502.16666,91.566666,0,1,1,1
2021,44300,HB,1298,69 Y 25 N,North Dakota,ND,0,5,1,4,2,"Rep. Fisher, Jay [R]",1,0,0,1,0,0,0,0,0,,2018,3340,1822,,8955,0.33902848,0.3503451,,35.6,22.8,22.8,18.9,86.3,5.5,2.3,13.7,47,33.7,92.2,27.2,99.89296,0.10703773,0,415.9,84.5,0,1,1,1
2021,44300,HB,1298,69 Y 25 N,North Dakota,ND,0,5,1,4,2,"Rep. Louser, Scott [R]",1,0,0,1,0,0,0,0,0,0.962,2018,3735,1822,,8955,0.42724735,0.3503451,,35.6,22.8,22.8,18.9,86.3,5.5,2.3,13.7,47,33.7,92.2,27.2,99.89296,0.10703773,0,415.9,84.5,0,1,1,1
2021,44300,HB,1298,69 Y 25 N,North Dakota,ND,0,6,1,4,2,"Rep. Anderson, Dick [R]",1,0,0,1,0,0,0,0,0,0.474,2020,5445,1621,,13780,0.5550073,-0.005670585,,29.9,21.4,28,20.7,92.9,0.6,2.9,7.1,60.6,22.4,91.1,21.2,0,100,0,602.64,79.5,0,1,1,1
2021,44300,HB,1298,69 Y 25 N,North Dakota,ND,0,6,1,4,2,"Rep. Thomas, Paul J. [R]",1,0,0,1,0,0,0,0,0,,2020,5089,1621,,13780,0.50333816,-0.005670585,,29.9,21.4,28,20.7,92.9,0.6,2.9,7.1,60.6,22.4,91.1,21.2,0,100,0,602.64,79.5,0,1,1,1
2021,44300,HB,1298,69 Y 25 N,North Dakota,ND,0,7,1,4,2,"Rep. Becker, Rick C. [R]",1,0,0,1,0,0,0,0,0,1.378,2018,6202,2771,,15450,0.4441424,0.035202105,,35.2,31.2,22.2,11.5,91,2,2.4,9,64.2,25.4,96,32.2,20.290707,79.7093,0,605.7,139.9,0,1,1,1
2021,44300,HB,1298,69 Y 25 N,North Dakota,ND,0,7,1,4,2,"Rep. Dockter, Jason [R]",1,0,0,1,0,0,0,0,0,0.736,2018,6419,2771,,15450,0.472233,0.035202105,,35.2,31.2,22.2,11.5,91,2,2.4,9,64.2,25.4,96,32.2,20.290707,79.7093,0,605.7,139.9,0,1,1,1
2021,44300,HB,1298,69 Y 25 N,North Dakota,ND,0,8,1,4,2,"Rep. Delzer, Jeff [R]",1,0,0,1,0,0,0,0,0,1.339,2020,5929,1905,,16691,0.48217604,-0.006968885,,29.1,24,28.8,18,95.2,0.4,1.8,4.8,69.2,18.4,93.4,26.7,35.37225,64.62775,0,729.3333,116.1,0,1,1,1
2021,44300,HB,1298,69 Y 25 N,North Dakota,ND,0,8,1,4,2,"Rep. Nehring, Dave [R]",1,0,0,1,0,0,0,0,0,0.692,2020,6794,1905,,16691,0.58582467,-0.006968885,,29.1,24,28.8,18,95.2,0.4,1.8,4.8,69.2,18.4,93.4,26.7,35.37225,64.62775,0,729.3333,116.1,0,1,1,1
2021,44300,HB,1298,69 Y 25 N,North Dakota,ND,0,9,1,4,2,"Rep. Boe, Tracy [D]",0,1,0,0,1,0,0,0,0,-0.033,2018,1,0,,1,1,-0.09852273,,43.1,22.9,23,11,18.5,0.6,0.6,81.5,37.3,44.8,86.3,20,0,100,0.17248814,776.1,35,0,1,1,1
2021,44300,HB,1298,69 Y 25 N,North Dakota,ND,0,9,1,4,2,"Rep. Nelson, Marvin [D]",0,1,0,0,1,0,0,0,0,-0.145,2018,1,0,,1,1,-0.09852273,,43.1,22.9,23,11,18.5,0.6,0.6,81.5,37.3,44.8,86.3,20,0,100,0.17248814,757.1667,125.7,0,1,1,1
2021,44300,HB,1298,69 Y 25 N,North Dakota,ND,0,10,1,4,2,"Rep. Damschen, Charles \Chuck\"" [R]""",1,0,0,1,0,0,0,0,0,0.722,2020,4414,1707,,12480,0.4338141,0.048097655,,26.8,19.5,29.5,24.5,92.8,0.3,2.7,7.2,63.2,20.7,89.5,20.5,0,100,0,512.3,120.6,0,1,1,1
2021,44300,HB,1298,69 Y 25 N,North Dakota,ND,0,10,1,4,2,"Rep. Monson, David [R]",1,0,0,1,0,0,0,0,0,0.663,2020,4815,1707,,12480,0.49807692,0.048097655,,26.8,19.5,29.5,24.5,92.8,0.3,2.7,7.2,63.2,20.7,89.5,20.5,0,100,0,512.3,120.6,0,1,1,1
2021,44300,HB,1298,69 Y 25 N,North Dakota,ND,0,11,1,4,2,"Rep. Dobervich, Gretchen [D]",0,1,0,0,1,1,0,0,0,-0.635,2018,3475,2633,,11415,0.14752519,-0.14506297,,30.1,32.5,21.5,15.8,86.2,5.1,3.5,13.8,40.3,39,92.8,29.2,100,0,0.802324,512.3,120.6,0,1,1,1
2021,44300,HB,1298,69 Y 25 N,North Dakota,ND,0,11,1,4,2,"Rep. Guggisberg, Ron [D]",0,1,0,0,1,0,0,0,0,-0.641,2018,3141,2633,,11415,0.089005694,-0.14506297,,30.1,32.5,21.5,15.8,86.2,5.1,3.5,13.8,40.3,39,92.8,29.2,100,0,0.802324,512.3,120.6,0,1,1,1
2021,44300,HB,1298,69 Y 25 N,North Dakota,ND,0,12,1,4,2,"Rep. Ostlie, Mitchell \Mitch\"" [R]""",1,0,0,1,0,0,0,0,0,,2020,3321,2212,,10818,0.20502865,0.16915156,,31.8,25.7,24.2,18.5,89.9,1.8,3.6,10.1,44.5,34.1,90.9,23.1,98.96005,1.0399472,0,507.4,92.8,0,1,1,1
2021,44300,HB,1298,69 Y 25 N,North Dakota,ND,0,12,1,4,2,"Rep. Satrom, Bernie [R]",1,0,0,1,0,0,0,0,0,0.528,2020,3423,2212,,10818,0.22388612,0.16915156,,31.8,25.7,24.2,18.5,89.9,1.8,3.6,10.1,44.5,34.1,90.9,23.1,98.96005,1.0399472,0,507.4,92.8,0,1,1,1
2021,44300,HB,1298,69 Y 25 N,North Dakota,ND,0,13,1,4,2,"Rep. Koppelman, Kim [R]",1,0,0,1,0,0,0,0,0,0.832,2018,3569,2543,,12430,0.16508447,-0.14659895,,31.2,27.3,28,13.7,89.1,4.4,2.2,10.9,62.7,22.3,94.9,31.6,99.68672,0.31327504,0,512.3,120.6,0,1,1,1
2021,44300,HB,1298,69 Y 25 N,North Dakota,ND,0,13,1,4,2,"Rep. Schauer, Austen [R]",1,0,0,1,0,0,0,0,0,,2018,3978,2543,,12430,0.230893,-0.14659895,,31.2,27.3,28,13.7,89.1,4.4,2.2,10.9,62.7,22.3,94.9,31.6,99.68672,0.31327504,0,512.3,120.6,0,1,1,1
2021,44300,HB,1298,69 Y 25 N,North Dakota,ND,0,14,1,4,2,"Rep. Nelson, Jon O. [R]",1,0,0,1,0,0,0,0,0,0.459,2020,5491,1718,,14206,0.531184,0.26596764,,26.9,18.8,30,24.2,95.7,0.3,1.5,4.3,60.9,20.3,89,19,12.409587,87.590416,0.07554011,684.17145,125.41428,0,1,1,1
2021,44300,HB,1298,69 Y 25 N,North Dakota,ND,0,14,1,4,2,"Rep. Weisz, Robin [R]",1,0,0,1,0,0,0,0,0,0.839,2020,5419,1718,,14206,0.5210475,0.26596764,,26.9,18.8,30,24.2,95.7,0.3,1.5,4.3,60.9,20.3,89,19,12.409587,87.590416,0.07554011,684.17145,125.41428,0,1,1,1
2021,44300,HB,1298,69 Y 25 N,North Dakota,ND,0,15,1,4,2,"Rep. Johnson, Dennis E. [R]",1,0,0,1,0,0,0,0,0,0.507,2018,3836,2381,,9466,0.30741602,0.3059888,,31.1,21.6,27.8,19.6,84.9,0.1,2.6,15.1,55.2,26.9,91.9,24.8,55.399353,44.600647,0,610.5,87.05,0,1,1,1
2021,44300,HB,1298,69 Y 25 N,North Dakota,ND,0,15,1,4,2,"Rep. Westlind, Greg [R]",0,1,0,1,0,0,0,0,0,0.51,2018,3203,2381,,9466,0.1736742,0.3059888,,31.1,21.6,27.8,19.6,84.9,0.1,2.6,15.1,55.2,26.9,91.9,24.8,55.399353,44.600647,0,610.5,87.05,0,1,1,1
2021,44300,HB,1298,69 Y 25 N,North Dakota,ND,0,16,1,4,2,"Rep. Koppelman, Ben [R]",1,0,0,1,0,0,0,0,0,1.23,2020,5434,4448,,18556,0.106272906,0.002025845,,40.6,37,17,5.5,79.6,7.1,3.7,20.4,41.9,45.6,93.6,35.3,32.80778,67.192215,0.08787346,512.3,120.6,0,1,1,1
2021,44300,HB,1298,69 Y 25 N,North Dakota,ND,0,16,1,4,2,"Rep. Marschall, Andrew [R]",1,0,0,1,0,0,0,0,0,0.992,2020,4782,4448,,18556,0.035999138,0.002025845,,40.6,37,17,5.5,79.6,7.1,3.7,20.4,41.9,45.6,93.6,35.3,32.80778,67.192215,0.08787346,512.3,120.6,0,1,1,1
2021,44300,HB,1298,69 Y 25 N,North Dakota,ND,0,17,1,4,2,"Rep. Owens, Mark S. [R]",1,0,0,1,0,0,0,0,0,0.584,2018,4101,3574,,16108,0.06543332,0.009629734,,32.6,27,25.9,14.6,92.9,1.3,1.6,7.1,61.8,22.2,98.4,43.4,93.79248,6.2075214,0.15567507,480,74.2,0,1,1,1
2021,44300,HB,1298,69 Y 25 N,North Dakota,ND,0,17,1,4,2,"Rep. Sanford, Mark [R]",0,1,0,1,0,0,0,0,0,0.417,2018,5083,3574,,16108,0.18736032,0.009629734,,32.6,27,25.9,14.6,92.9,1.3,1.6,7.1,61.8,22.2,98.4,43.4,93.79248,6.2075214,0.15567507,480,74.2,0,1,1,1
2021,44300,HB,1298,69 Y 25 N,North Dakota,ND,0,18,1,4,2,"Rep. Mock, Corey [D]",0,1,0,0,1,0,0,0,0,-0.449,2020,2432,2416,,9738,0.003286096,-0.16164885,,37.7,31.5,21.3,9.6,83.4,4.1,6.4,16.6,43.4,41.2,93.6,28,93.56148,6.438525,0.6059613,480,74.2,0,1,1,1
2021,44300,HB,1298,69 Y 25 N,North Dakota,ND,0,18,1,4,2,"Rep. Vetter, Steve [R]",1,0,0,1,0,0,0,0,0,0.9,2020,2744,2416,,9738,0.06736496,-0.16164885,,37.7,31.5,21.3,9.6,83.4,4.1,6.4,16.6,43.4,41.2,93.6,28,93.56148,6.438525,0.6059613,480,74.2,0,1,1,1
2021,44300,HB,1298,69 Y 25 N,North Dakota,ND,0,19,1,4,2,"Rep. Paur, Gary [R]",1,0,0,1,0,0,0,0,0,0.796,2018,3158,1827,,8624,0.30867347,-0.04441419,,31.1,21.8,28.5,18.6,85.7,0.3,9.7,14.3,58.1,25.8,88.4,19.4,17.003057,82.99694,0.21528526,793.93335,123.9,0,1,1,1
2021,44300,HB,1298,69 Y 25 N,North Dakota,ND,0,19,1,4,2,"Rep. Trottier, Wayne [R]",1,0,0,1,0,0,0,0,0,0.755,2018,3611,1827,,8624,0.41372913,-0.04441419,,31.1,21.8,28.5,18.6,85.7,0.3,9.7,14.3,58.1,25.8,88.4,19.4,17.003057,82.99694,0.21528526,793.93335,123.9,0,1,1,1
2021,44300,HB,1298,69 Y 25 N,North Dakota,ND,0,20,1,4,2,"Rep. Beltz, Mike [R]",0,1,0,1,0,0,0,0,0,,2020,4212,2014,,12217,0.35982648,-0.13138743,,34.9,24.9,25.4,14.7,89.9,2.1,3.4,10.1,64.2,21.9,93.8,28.8,0,100,0.07015082,629.26666,102.8,0,1,1,1
2021,44300,HB,1298,69 Y 25 N,North Dakota,ND,0,20,1,4,2,"Rep. Hagert, Jared [R]",0,1,0,1,0,0,0,0,0,,2020,4074,2014,,12217,0.337235,-0.13138743,,34.9,24.9,25.4,14.7,89.9,2.1,3.4,10.1,64.2,21.9,93.8,28.8,0,100,0.07015082,629.26666,102.8,0,1,1,1
2021,44300,HB,1298,69 Y 25 N,North Dakota,ND,0,21,1,4,2,"Rep. Hager, Lauriebeth [D]",0,1,0,0,1,1,0,0,0,,2018,2887,1650,,9362,0.2642598,-0.040927034,,39,30.5,18.4,11.9,81.7,7.2,2.8,18.3,26.5,55.6,89.2,32,100,0,0.8830022,512.3,120.6,0,1,1,1
2021,44300,HB,1298,69 Y 25 N,North Dakota,ND,0,21,1,4,2,"Rep. Schneider, Mary [D]",0,1,0,0,1,1,0,0,0,-0.567,2018,3302,1650,,9362,0.35291603,-0.040927034,,39,30.5,18.4,11.9,81.7,7.2,2.8,18.3,26.5,55.6,89.2,32,100,0,0.8830022,512.3,120.6,0,1,1,1
2021,44300,HB,1298,69 Y 25 N,North Dakota,ND,0,22,1,4,2,"Rep. Howe, Michael [R]",1,0,0,1,0,0,0,0,0,0.55,2020,6829,3420,,19931,0.34208018,0.046325948,,37.8,31.6,22.1,8.5,93.6,1.4,2,6.4,68.1,22.6,97.1,48.8,41.93233,58.06767,0,512.3,120.6,0,1,1,1
2021,44300,HB,1298,69 Y 25 N,North Dakota,ND,0,22,1,4,2,"Rep. Pyle, Brandy L. [R]",1,0,0,1,0,1,0,0,0,0.569,2020,6786,3420,,19931,0.33776528,0.046325948,,37.8,31.6,22.1,8.5,93.6,1.4,2,6.4,68.1,22.6,97.1,48.8,41.93233,58.06767,0,512.3,120.6,0,1,1,1
2021,44300,HB,1298,69 Y 25 N,North Dakota,ND,0,23,1,4,2,"Rep. Devlin, William \Bill\"" [R]""",1,0,0,1,0,0,0,0,0,0.804,2018,3233,2420,,11244,0.14461046,-0.19886392,,34.5,20,25.4,20,68.4,0.3,1.1,31.6,52,29.4,88.7,21.8,0,100,0,381,98.7,0,1,1,1
2021,44300,HB,1298,69 Y 25 N,North Dakota,ND,0,23,1,4,2,"Rep. Vigesaa, Donald \Don\"" W. [R]""",1,0,0,1,0,0,0,0,0,0.807,2018,3421,2420,,11244,0.17805052,-0.19886392,,34.5,20,25.4,20,68.4,0.3,1.1,31.6,52,29.4,88.7,21.8,0,100,0,381,98.7,0,1,1,1
2021,44300,HB,1298,69 Y 25 N,North Dakota,ND,0,24,1,4,2,"Rep. Christensen, Cole [R]",1,0,0,1,0,0,0,0,0,,2020,3605,2872,,12729,0.115170084,0.21604104,,29.2,20.5,28.9,21.3,93.9,1.9,1.7,6.1,56.4,26.1,91.8,26.5,50.135014,49.864986,0.13908206,442.5,83.2,0,1,1,1
2021,44300,HB,1298,69 Y 25 N,North Dakota,ND,0,24,1,4,2,"Rep. Kiefert, Dwight [R]",1,0,0,1,0,0,0,0,0,0.64,2020,3733,2872,,12729,0.13528164,0.21604104,,29.2,20.5,28.9,21.3,93.9,1.9,1.7,6.1,56.4,26.1,91.8,25.6,50.135014,49.864986,0.13908206,442.5,83.2,0,1,1,1
2021,44300,HB,1298,69 Y 25 N,North Dakota,ND,0,25,1,4,2,"Rep. Mitskog, Alisa [D]",0,1,0,0,1,1,0,0,0,-0.373,2018,3302,2538,,11080,0.13790613,0.06923674,,37.2,22.1,26.1,14.8,91.1,0.8,2.9,8.9,52.6,33.2,91,25,59.87033,40.12967,1.0799865,740,97.15,0,1,1,1
2021,44300,HB,1298,69 Y 25 N,North Dakota,ND,0,25,1,4,2,"Rep. Schreiber-Beck, Cynthia \Cindy\"" [R]""",0,1,0,1,0,1,0,0,0,0.526,2018,3912,2538,,11080,0.24801444,0.06923674,,37.2,22.1,26.1,14.8,91.1,0.8,2.9,8.9,52.6,33.2,91,25,59.87033,40.12967,1.0799865,740,97.15,0,1,1,1
2021,44300,HB,1298,69 Y 25 N,North Dakota,ND,0,26,1,4,2,"Rep. Ertelt, Sebastian [R]",1,0,0,1,0,0,0,0,0,1.416,2020,3465,2816,,12806,0.10135874,0.31977236,,29.1,20.9,29.2,20.9,94,1.2,2.9,6,64.3,20.2,91.9,20.5,0,100,0.048646018,523.65,98.15,0,1,1,1
2021,44300,HB,1298,69 Y 25 N,North Dakota,ND,0,26,1,4,2,"Rep. Skroch, Kathy [R]",1,0,0,1,0,1,0,0,0,1.102,2020,3944,2816,,12806,0.17616743,0.31977236,,29.1,20.9,29.2,20.9,94,1.2,2.9,6,64.3,20.2,91.9,20.5,0,100,0.048646018,523.65,98.15,0,1,1,1
2021,44300,HB,1298,69 Y 25 N,North Dakota,ND,0,27,1,4,2,"Rep. Buffalo, Ruth [D]",0,1,0,0,1,0,0,0,1,,2018,3930,3741,,15261,0.02476902,-0.12309194,,35.9,37.2,16.5,10.3,82.2,8.1,1.3,17.8,50.8,38.2,93.3,42.8,98.69756,1.3024383,1.0045259,512.3,120.6,0,1,1,1
2021,44300,HB,1298,69 Y 25 N,North Dakota,ND,0,27,1,4,2,"Rep. Stemen, Greg [R]",1,0,0,1,0,0,0,0,0,,2018,4150,3741,,15261,0.05360068,-0.12309194,,35.9,37.2,16.5,10.3,82.2,8.1,1.3,17.8,50.8,38.2,93.3,42.8,98.69756,1.3024383,1.0045259,512.3,120.6,0,1,1,1
2021,44300,HB,1298,69 Y 25 N,North Dakota,ND,0,28,1,4,2,"Rep. Brandenburg, Michael Don [R]",1,0,0,1,0,0,0,0,0,0.696,2020,5159,1684,,12338,0.5633004,0.35105157,,27,20.5,27.6,24.9,93.8,1.6,1.5,6.2,62.7,19.7,86.9,21.9,0,100,0,787.26,131.66,0,1,1,1
2021,44300,HB,1298,69 Y 25 N,North Dakota,ND,0,28,1,4,2,"Rep. Magrum, Jeffery J. [R]",1,0,0,1,0,0,0,0,0,1.281,2020,5410,1684,,12338,0.6039877,0.35105157,,27,20.5,27.6,24.9,93.8,1.6,1.5,6.2,62.7,19.7,86.9,21.9,0,100,0,787.26,131.66,0,1,1,1
2021,44300,HB,1298,69 Y 25 N,North Dakota,ND,0,29,1,4,2,"Rep. Headland, Craig [R]",1,0,0,1,0,0,0,0,0,0.94,2018,3826,2120,,12230,0.2789861,0.096094735,,29.8,19.5,30.3,20.3,96.9,0.2,0.6,3.1,61.7,22.4,89.9,24.2,14.487079,85.512924,0,653.8,108.2,0,1,1,1
2021,44300,HB,1298,69 Y 25 N,North Dakota,ND,0,29,1,4,2,"Rep. Pollert, Chet [R]",1,0,0,1,0,0,0,0,0,0.91,2018,4199,2120,,12230,0.33998364,0.096094735,,29.8,19.5,30.3,20.3,96.9,0.2,0.6,3.1,61.7,22.4,89.9,24.2,14.487079,85.512924,0,653.8,108.2,0,1,1,1
2021,44300,HB,1298,69 Y 25 N,North Dakota,ND,0,30,1,4,2,"Rep. Bosch, Glenn [R]",1,0,0,1,0,0,0,0,0,0.551,2020,1,0,,1,1,-0.015452791,,32.1,25.7,27.3,15,87.7,1.3,3.1,12.3,43.1,36.4,93.5,31.6,87.10196,12.898038,0.31091475,605.7,139.9,0,1,1,1
2021,44300,HB,1298,69 Y 25 N,North Dakota,ND,0,30,1,4,2,"Rep. Nathe, Mike [R]",1,0,0,1,0,0,0,0,0,0.724,2020,1,0,,1,1,-0.015452791,,32.1,25.7,27.3,15,87.7,1.3,3.1,12.3,43.1,36.4,93.5,31.6,87.10196,12.898038,0.31091475,605.7,139.9,0,1,1,1
2021,44300,HB,1298,69 Y 25 N,North Dakota,ND,0,31,1,4,2,"Rep. Rohr, Karen M. [R]",1,0,0,1,0,1,0,0,0,1.071,2018,4578,191,,9316,0.9418205,-0.003012513,,32.9,25.2,25.3,16.6,71.4,0.6,3.3,28.6,51.9,29.5,88.5,20.1,20.721003,79.279,0.049594972,550.2,126.3,0,1,1,1
2021,44300,HB,1298,69 Y 25 N,North Dakota,ND,0,31,1,4,2,"Rep. Schmidt, James \Jim\"" E. [R]""",1,0,0,1,0,0,0,0,0,0.929,2018,4547,191,,9316,0.9351653,-0.003012513,,32.9,25.2,25.3,16.6,71.4,0.6,3.3,28.6,51.9,29.5,88.5,20.1,20.721003,79.279,0.049594972,550.2,126.3,0,1,1,1
2021,44300,HB,1298,69 Y 25 N,North Dakota,ND,0,32,1,4,2,"Rep. Heinert, Patrick D. [R]",1,0,0,1,0,0,0,0,0,0.593,2020,4189,1945,,12067,0.37192342,0.14262512,,30.8,26.8,25,17.4,84.4,3.4,4.7,15.6,40.2,37.8,89.8,28.3,99.70423,0.2957705,0,605.7,139.9,0,1,1,1
2021,44300,HB,1298,69 Y 25 N,North Dakota,ND,0,32,1,4,2,"Rep. Meier, Lisa M. [R]",1,0,0,1,0,1,0,0,0,0.706,2020,4136,1945,,12067,0.36313915,0.14262512,,30.8,26.8,25,17.4,84.4,3.4,4.7,15.6,40.2,37.8,89.8,28.3,99.70423,0.2957705,0,605.7,139.9,0,1,1,1
2021,44300,HB,1298,69 Y 25 N,North Dakota,ND,0,33,1,4,2,"Rep. Kreidt, Gary [R]",1,0,0,1,0,0,0,0,0,0.766,2018,1,0,,1,1,-0.054353327,,28.6,20.9,32.2,18.2,93.8,4.9,2.4,6.2,68.7,16.9,92.5,21.8,20.651709,79.34829,0,573.625,128.9,0,1,1,1
2021,44300,HB,1298,69 Y 25 N,North Dakota,ND,0,33,1,4,2,"Rep. Tveit, Bill [R]",1,0,0,1,0,0,0,0,0,,2018,1,0,,1,1,-0.054353327,,28.6,20.9,32.2,18.2,93.8,4.9,2.4,6.2,68.7,16.9,92.5,21.8,20.651709,79.34829,0,573.625,128.9,0,1,1,1
2021,44300,HB,1298,69 Y 25 N,North Dakota,ND,0,34,1,4,2,"Rep. Porter, Todd [R]",1,0,0,1,0,0,0,0,0,0.717,2020,5520,2157,,15050,0.4469103,-0.045665994,,32.1,29.8,24.3,13.9,86.7,0.9,3.4,13.3,55.6,27.5,92.4,29.3,98.39479,1.6052061,0.44467697,540.4,82,0,1,1,1
2021,44300,HB,1298,69 Y 25 N,North Dakota,ND,0,34,1,4,2,"Rep. Toman, Nathan P. [R]",1,0,0,1,0,0,0,0,0,1.071,2020,5397,2157,,15050,0.4305648,-0.045665994,,32.1,29.8,24.3,13.9,86.7,0.9,3.4,13.3,55.6,27.5,92.4,29.3,98.39479,1.6052061,0.44467697,540.4,82,0,1,1,1
2021,44300,HB,1298,69 Y 25 N,North Dakota,ND,0,35,1,4,2,"Rep. Karls, Karen [R]",1,0,0,1,0,1,0,0,0,0.708,2018,3724,2859,,13118,0.13187987,0.25334117,,31.7,25.1,25.3,18.1,92.4,4.1,0.6,7.6,46.1,32.9,93.6,36.3,100,0,0,605.7,139.9,0,1,1,1
2021,44300,HB,1298,69 Y 25 N,North Dakota,ND,0,35,1,4,2,"Rep. Martinson, Bob [R]",1,0,0,1,0,0,0,0,0,0.462,2018,3813,2859,,13118,0.145449,0.25334117,,31.7,25.1,25.3,18.1,92.4,4.1,0.6,7.6,46.1,32.9,93.6,36.3,100,0,0,605.7,139.9,0,1,1,1
2021,44300,HB,1298,69 Y 25 N,North Dakota,ND,0,36,1,4,2,"Rep. Hauck, Dori [R]",1,0,0,1,0,1,0,0,0,,2020,6273,1128,,16238,0.6336987,0.16252874,,32.6,26,25.9,15.4,90.5,8.7,4.3,9.5,60.4,24.1,91.8,19,15.691448,84.308556,0,655.1667,85.36667,0,1,1,1
2021,44300,HB,1298,69 Y 25 N,North Dakota,ND,0,36,1,4,2,"Rep. Schatz, Mike [R]",1,0,0,1,0,0,0,0,0,1.149,2020,6748,1128,,16238,0.69220346,0.16252874,,32.6,26,25.9,15.4,90.5,8.7,4.3,9.5,60.4,24.1,91.8,19,15.691448,84.308556,0,655.1667,85.36667,0,1,1,1
2021,44300,HB,1298,69 Y 25 N,North Dakota,ND,0,37,1,4,2,"Rep. Lefor, Mike [R]",1,0,0,1,0,0,0,0,0,0.768,2018,4773,1273,,11754,0.59554195,0.022821294,,34.9,31.3,21.2,12.6,86.1,5.2,5.5,13.9,47.6,33.6,91,25.2,98.25327,1.7467248,0,635.6,67.9,0,1,1,1
2021,44300,HB,1298,69 Y 25 N,North Dakota,ND,0,37,1,4,2,"Rep. Steiner, Vicky [R]",1,0,0,1,0,1,0,0,0,0.765,2018,4573,1273,,11754,0.561511,0.022821294,,34.9,31.3,21.2,12.6,86.1,5.2,5.5,13.9,47.6,33.6,91,25.2,98.25327,1.7467248,0,635.6,67.9,0,1,1,1
2021,44300,HB,1298,69 Y 25 N,North Dakota,ND,0,38,1,4,2,"Rep. Bellew, Larry [R]",1,0,0,1,0,0,0,0,0,1.232,2020,1,0,,1,1,0.07982868,,40.3,29.2,21.4,9.3,81.6,6.7,8.8,18.4,58.1,29.1,95.9,31.7,69.243126,30.756876,0,415.9,84.5,0,1,1,1
2021,44300,HB,1298,69 Y 25 N,North Dakota,ND,0,38,1,4,2,"Rep. Ruby, Dan [R]",1,0,0,1,0,0,0,0,0,1.173,2020,1,0,,1,1,0.07982868,,40.3,29.2,21.4,9.3,81.6,6.7,8.8,18.4,58.1,29.1,95.9,31.7,69.243126,30.756876,0,415.9,84.5,0,1,1,1
2021,44300,HB,1298,69 Y 25 N,North Dakota,ND,0,39,1,4,2,"Rep. Kempenich, Keith [R]",1,0,0,1,0,0,0,0,0,0.821,2018,1,0,,1,1,-0.032998946,,34.4,25.3,25.6,14.8,89.5,1.6,5.6,10.5,55.3,26.8,91.6,27.1,0,100,0.14740203,562.8375,117.333336,0,1,1,1
2021,44300,HB,1298,69 Y 25 N,North Dakota,ND,0,39,1,4,2,"Rep. Zubke, Denton B. [R]",1,0,0,1,0,0,0,0,0,0.521,2018,1,0,,1,1,-0.032998946,,34.4,25.3,25.6,14.8,89.5,1.6,5.6,10.5,55.3,26.8,91.6,27.1,0,100,0.14740203,562.8375,117.333336,0,1,1,1
2021,44300,HB,1298,69 Y 25 N,North Dakota,ND,0,40,1,4,2,"Rep. Ruby, Matthew [R]",1,0,0,1,0,0,0,0,0,1.101,2020,3224,1413,,8913,0.40637273,0.09017246,,45,35.2,13.5,6.4,78,4.1,7,22,47.4,40.5,95.5,34.5,94.44885,5.55115,0,415.9,84.5,0,1,1,1
2021,44300,HB,1298,69 Y 25 N,North Dakota,ND,0,40,1,4,2,"Rep. Schobinger, Randy A. [R]",1,0,0,1,0,0,0,0,0,0.784,2020,3948,1413,,8913,0.56883204,0.09017246,,45,35.2,13.5,6.4,78,4.1,7,22,47.4,40.5,95.5,34.5,94.44885,5.55115,0,415.9,84.5,0,1,1,1
2021,44300,HB,1298,69 Y 25 N,North Dakota,ND,0,41,1,4,2,"Rep. Anderson, Pamela [D]",0,1,0,0,1,1,0,0,0,-0.51,2018,3368,2782,,12223,0.09588481,-0.17692426,,37.6,26.5,23.2,12.6,80.8,8.7,4.1,19.2,50.4,34.4,95.2,42.5,100,0,0.53175324,512.3,120.6,0,1,1,1
2021,44300,HB,1298,69 Y 25 N,North Dakota,ND,0,41,1,4,2,"Rep. Strinden, Michelle [R]",1,0,0,1,0,1,0,0,0,-0.426,2018,3363,2782,,12223,0.09506668,-0.17692426,,37.6,26.5,23.2,12.6,80.8,8.7,4.1,19.2,50.4,34.4,95.2,42.5,100,0,0.53175324,512.3,120.6,0,1,1,1
2021,44300,HB,1298,69 Y 25 N,North Dakota,ND,0,42,1,4,2,"Rep. Cory, Claire Mara [R]",1,0,0,1,0,1,0,0,0,,2020,1589,1369,,6096,0.072178476,-0.10946264,,62.2,19,13.2,5.5,76.9,5.2,4,23.1,24.8,66.2,95.1,33.8,100,0,0.37705895,480,74.2,0,1,1,1
2021,44300,HB,1298,69 Y 25 N,North Dakota,ND,0,42,1,4,2,"Rep. O'Brien, Emily [R]",0,1,0,1,0,1,0,0,0,0.284,2020,1772,1369,,6096,0.13221785,-0.10946264,,62.2,19,13.2,5.5,76.9,5.2,4,23.1,24.8,66.2,95.1,33.8,100,0,0.37705895,480,74.2,0,1,1,1
2021,44300,HB,1298,69 Y 25 N,North Dakota,ND,0,43,1,4,2,"Rep. Adams, Mary [D]",0,1,0,0,1,1,0,0,0,,2018,2590,2219,,9191,0.08073115,-0.16086558,,40.3,26.5,18,15.1,78.7,6.7,5.4,21.3,38.5,44.4,91.9,35,100,0,0,480,74.2,0,1,1,1
2021,44300,HB,1298,69 Y 25 N,North Dakota,ND,0,43,1,4,2,"Rep. Ista, Zachary \Zac\"" [D]""",0,1,0,0,1,0,0,0,0,,2018,2254,2219,,9191,0.007616146,-0.16086558,,40.3,26.5,18,15.1,78.7,6.7,5.4,21.3,38.5,44.4,91.9,35,100,0,0,480,74.2,0,1,1,1
2021,44300,HB,1298,69 Y 25 N,North Dakota,ND,0,44,1,4,2,"Rep. Boschee, Joshua A. [D]",0,1,1,0,1,0,0,0,0,-0.453,2020,3612,3191,,10699,0.07869894,-0.1377844,,34.3,26.5,23.2,15.8,91.2,1.6,1.1,8.8,47.8,37.2,95.7,43.7,100,0,0.12896985,512.3,120.6,0,1,1,1
2021,44300,HB,1298,69 Y 25 N,North Dakota,ND,0,44,1,4,2,"Rep. Hanson, Karla Rose [D]",0,1,0,0,1,1,0,0,0,-0.811,2020,3827,3191,,10699,0.118889615,-0.1377844,,34.3,26.5,23.2,15.8,91.2,1.6,1.1,8.8,47.8,37.2,95.7,43.7,100,0,0.12896985,512.3,120.6,0,1,1,1
2021,44300,HB,1298,69 Y 25 N,North Dakota,ND,0,45,1,4,2,"Rep. Johnson, Mary C. [R]",0,1,0,1,0,1,0,0,0,0.319,2018,3224,2139,,10339,0.2098849,0.059853673,,50.6,22.4,19.2,7.8,85.7,4,3.5,14.3,41.2,50.5,96.9,42.3,85.397865,14.602133,0.25429118,512.3,120.6,0,1,1,1
2021,44300,HB,1298,69 Y 25 N,North Dakota,ND,0,45,1,4,2,"Rep. Kading, Tom [R]",1,0,0,1,0,0,0,0,0,1.001,2018,2964,2139,,10339,0.1595899,0.059853673,,50.6,22.4,19.2,7.8,85.7,4,3.5,14.3,41.2,50.5,96.9,42.3,85.397865,14.602133,0.25429118,512.3,120.6,0,1,1,1
2021,44300,HB,1298,69 Y 25 N,North Dakota,ND,0,46,1,4,2,"Rep. Kasper, James \Jim\"" M. [R]""",1,0,0,1,0,0,0,0,0,0.97,2020,3646,3353,,14345,0.04085047,0.15656786,,34.2,24.9,26.7,14.4,90.3,3.2,2.1,9.7,51.5,33.1,96.4,46.1,99.6283,0.37169406,0.5174997,512.3,120.6,0,1,1,1
2021,44300,HB,1298,69 Y 25 N,North Dakota,ND,0,46,1,4,2,"Rep. Roers Jones, Shannon [R]",0,1,0,1,0,1,0,0,0,0.515,2020,3984,3353,,14345,0.087974906,0.15656786,,34.2,24.9,26.7,14.4,90.3,3.2,2.1,9.7,51.5,33.1,96.4,46.1,99.6283,0.37169406,0.5174997,512.3,120.6,0,1,1,1
2021,44300,HB,1298,69 Y 25 N,North Dakota,ND,0,47,1,4,2,"Rep. Keiser, George J. [R]",0,1,0,1,0,0,0,0,0,0.549,2018,5545,2980,,14007,0.36624545,0.09635843,,32.6,24.8,25.8,16.9,88.2,2,1.6,11.8,58.5,27.7,95.6,47.1,88.31848,11.681521,0.1702239,605.7,139.9,0,1,1,1
2021,44300,HB,1298,69 Y 25 N,North Dakota,ND,0,47,1,4,2,"Rep. Klemin, Lawrence R. [R]",1,0,0,1,0,0,0,0,0,0.534,2018,5432,2980,,14007,0.35011065,0.09635843,,32.6,24.8,25.8,16.9,88.2,2,1.6,11.8,58.5,27.7,95.6,47.1,88.31848,11.681521,0.1702239,605.7,139.9,0,1,1,1
2022,44713,HB,151,57_30,Ohio,OH,0,1,0,2,1,"Rep. Wiggam, Scott [R]",1,0,0,1,0,0,0,0,0,1.238,2020,36730,15836,,52566,0.39748126,0.23488478,,34.2,22.9,26,16.8,93.7,1.5,2,6.3,54.3,27.9,86,21.9,57.39679,42.60321,0.066843376,479.2,207.7,0,1,1,1
2022,44713,HB,151,57_30,Ohio,OH,0,2,0,2,1,"Rep. John, Marilyn S. [R]",1,0,0,1,0,1,0,0,0,,2020,41102,16440,,57542,0.42859128,0.3864723,,30.2,24,26.8,18.9,85.6,7.9,1.8,14.4,49,28.3,86.8,17.8,80.38206,19.617947,0.06458602,479.2,207.7,0,1,1,1
2022,44713,HB,151,57_30,Ohio,OH,0,3,0,2,1,"Rep. Ghanbari, Haraz N. [R]",1,0,0,1,0,0,0,0,1,,2020,37677,27094,,64771,0.16339102,0.0350901,,38.1,23.2,24.2,14.5,88.4,2.7,5.5,11.6,47.4,36.7,94.1,33.1,54.064606,45.935394,0.38657495,479.2,207.7,0,1,1,1
2022,44713,HB,151,57_30,Ohio,OH,0,4,0,2,1,"Rep. Cupp, Robert \Bob\"" R. [R]""",1,0,0,1,0,0,0,0,0,0.91,2020,38882,0,,38882,1,0.26305175,,33.3,24,26.1,16.7,81,11.8,3,19,48.1,31.2,89.6,17.8,75.79724,24.20276,0.064138934,479.2,207.7,0,1,1,1
2022,44713,HB,151,57_30,Ohio,OH,0,5,0,2,1,"Rep. Ginter, Timothy \Tim\"" E. [R]""",1,0,0,1,0,0,0,0,0,,2020,36243,12554,,48797,0.48546016,0.14145018,,28.2,23.1,29.4,19.2,94,2.2,1.7,6,51.6,26.2,87.8,14.8,67.096634,32.90337,0.20547618,479.2,207.7,0,1,1,1
2022,44713,HB,151,57_30,Ohio,OH,0,6,0,2,1,"Rep. Robinson Jr., Phil \Phil\"" M. [D]""",0,1,0,0,1,0,1,0,0,,2020,37995,35982,,73977,0.02721116,-0.04484719,,26.9,19.6,32,21.6,84.2,7.4,1.2,15.8,59.9,23.8,96.3,51.5,71.41037,28.589628,0.18237586,479.2,207.7,0,1,1,1
2022,44713,HB,151,57_30,Ohio,OH,0,7,0,2,1,"Rep. Patton, Thomas \Tom\"" F. [R]""",1,0,0,1,0,0,0,0,0,,2020,37493,26922,,64415,0.16410774,-0.033447355,,28.8,22.8,29.1,19.2,89.2,3,2.7,10.8,54.2,27.7,95.3,40.8,100,0,0.23619534,479.2,207.7,0,1,1,1
2022,44713,HB,151,57_30,Ohio,OH,0,8,0,2,1,"Rep. Smith, Kent [D]",0,1,0,0,1,0,0,0,0,-1.104,2020,41159,0,,41159,1,-0.5578028,,29.8,23.5,27.7,19.2,35.7,56.9,1.9,64.3,35.1,41.5,90,27.9,100,0,0.24418381,479.2,207.7,0,1,1,1
2022,44713,HB,151,57_30,Ohio,OH,0,9,0,2,1,"Rep. Addison, Bishara W. [D]",0,1,0,0,1,1,1,0,0,,2020,1,0,,1,1,-0.6375756,,33.3,25.8,24.3,16.6,40.5,51.1,2.2,59.5,38.5,42.8,91.8,46.4,100,0,0.5171831,479.2,207.7,0,1,1,1
2022,44713,HB,151,57_30,Ohio,OH,0,10,0,2,1,"Rep. Upchurch, Terrence [D]",0,1,0,0,1,0,1,0,0,,2020,28453,0,,28453,1,-0.6072377,,34.5,28.5,25,12.1,31.8,49.4,11.9,68.2,21.1,57.4,78.6,22,100,0,0.43874252,479.2,207.7,0,1,1,1
2022,44713,HB,151,57_30,Ohio,OH,0,11,0,2,1,"Rep. Davis, Shayla L. [D]",0,1,0,0,1,1,1,0,0,,2020,1,0,,1,1,-0.5046509,,34.8,25.2,25.9,14.2,27.2,66.4,3.9,72.8,23.9,50.9,80,12.4,100,0,0.19778396,479.2,207.7,0,1,1,1
2022,44713,HB,151,57_30,Ohio,OH,0,12,0,2,1,"Rep. Brent, Juanita O. [D]",0,1,0,0,1,1,1,0,0,,2020,43247,9342,,52589,0.64471656,-0.3882647,,29.9,23.4,26.7,19.9,32,62,2.4,68,33.5,40.4,90.4,24.5,100,0,0.23114184,317.5,143.23334,0,1,1,1
2022,44713,HB,151,57_30,Ohio,OH,0,13,0,2,1,"Rep. Skindell, Michael J. [D]",0,1,0,0,1,0,0,0,0,-1.468,2020,33647,11621,,45268,0.48656887,-0.66157675,,31.1,31.8,25.3,11.8,62.1,16.9,15.4,37.9,32,47.4,84.9,29.9,100,0,1.1380641,608.5,158.2,0,1,1,1
2022,44713,HB,151,57_30,Ohio,OH,0,14,0,2,1,"Rep. Sweeney, Bride Rose [D]",0,1,0,0,1,1,0,0,0,-0.683,2020,27618,19643,,47261,0.16874379,-0.1548715,,27.5,26,28.4,18.1,74.7,9.1,9.1,25.3,42.1,36.1,88.6,22.5,100,0,0.4447739,608.5,158.2,0,1,1,1
2022,44713,HB,151,57_30,Ohio,OH,0,15,0,2,1,"Rep. Crossman, Jeffrey A. [D]",0,1,0,0,1,0,0,0,0,,2020,24020,22018,,46038,0.043485817,-0.19859883,,28.6,26.7,28.3,16.4,80.3,5.3,10.1,19.7,43,35.9,88.7,19.7,100,0,0.5054848,608.5,158.2,0,1,1,1
2022,44713,HB,151,57_30,Ohio,OH,0,16,0,2,1,"Rep. Smith, Monique T. [D]",0,1,0,0,1,1,0,0,0,,2020,35013,34075,,69088,0.013576887,-0.049765028,,27.1,22.9,28.7,21.1,89.7,2.2,3,10.3,53,28.3,95.4,47.9,100,0,0.36905634,608.5,158.2,0,1,1,1
2022,44713,HB,151,57_30,Ohio,OH,0,18,0,2,1,"Rep. Boggs, Kristin [D]",0,1,0,0,1,1,0,0,0,-0.934,2020,45861,13007,,58868,0.55809605,-0.7103249,,43.5,34.5,15.3,6.7,77.1,10.6,4.1,22.9,21.4,67.8,92.3,59.8,99.17364,0.8263638,1.4604707,608.5,158.2,0,1,1,1
2022,44713,HB,151,57_30,Ohio,OH,0,20,0,2,1,"Rep. Brown, Richard D. [D]",0,1,0,0,1,0,0,0,0,-0.933,2020,36330,24928,,61258,0.18613079,0.14625958,,34.1,31.6,23.3,10.9,59.2,28.2,5.4,40.8,45.4,34.4,91.6,27.9,100,0,0.6267887,608.5,158.2,0,1,1,1
2022,44713,HB,151,57_30,Ohio,OH,0,21,0,2,1,"Rep. Liston, Beth [D]",0,1,0,0,1,1,0,0,0,,2020,42990,32756,,75746,0.13510944,-0.33469117,,30,32.4,25.4,12.4,75.5,4.3,4.3,24.5,58.9,27.3,97.1,63.3,100,0,0.29193458,608.5,158.2,0,1,1,1
2022,44713,HB,151,57_30,Ohio,OH,0,22,0,2,1,"Rep. Leland, David [D]",0,1,0,0,1,0,0,0,0,-0.779,2020,45754,0,,45754,1,-0.48461768,,32.5,35,21.6,10.9,52.8,27,7,47.2,40.9,39.9,90.9,39.5,99.99834,0.001665251,0.7597239,608.5,158.2,0,1,1,1
2022,44713,HB,151,57_30,Ohio,OH,0,24,0,2,1,"Rep. Russo, Allison [D]",0,1,0,0,1,1,0,0,0,,2020,42935,31202,,74137,0.15826106,-0.29738104,,28.4,29.2,27.2,15.2,86.6,3,3,13.4,55.7,28.5,96.2,56.6,100,0,0.3938661,643.3,291,0,1,1,1
2022,44713,HB,151,57_30,Ohio,OH,0,25,0,2,1,"Rep. Jarrells, Dontavius L. [D]",0,1,0,0,1,0,1,0,0,,2020,41312,8870,,50182,0.64648676,-0.5257413,,36.8,30.9,22.5,9.8,31.1,53.3,6.5,68.9,29.7,48.9,85.3,24.1,98.3681,1.6319003,0.75180626,643.3,291,0,1,1,1
2022,44713,HB,151,57_30,Ohio,OH,0,26,0,2,1,"Rep. Humphrey, Latyna M. [D]",0,1,0,0,1,1,1,0,0,,2020,45350,0,,45350,1,-0.3504017,,32.1,29.1,25,13.7,32.1,56.1,6.1,67.9,31.2,44.6,87.3,19.3,100,0,0.89981896,643.3,291,0,1,1,1
2022,44713,HB,151,57_30,Ohio,OH,0,27,0,2,1,"Rep. Brinkman Jr., Thomas \Tom\"" E. [R]""",1,0,0,1,0,0,0,0,0,0.125,2020,37723,33339,,71062,0.061692607,-0.1854091,,31.4,25.6,28.2,14.8,86.5,3.6,3,13.5,57.9,27.4,96.8,60.1,100,0,0.50678575,643.3,291,0,1,1,1
2022,44713,HB,151,57_30,Ohio,OH,0,28,0,2,1,"Rep. Miranda, Jessica E. [D]",0,1,0,0,1,1,0,0,0,,2020,35353,33039,,68392,0.033834368,-0.041191064,,29.8,25.4,27.3,17.6,66.7,19.6,5,33.3,52.1,28.9,93.1,43.3,100,0,0.28438887,643.3,291,0,1,1,1
2022,44713,HB,151,57_30,Ohio,OH,0,30,0,2,1,"Rep. Seitz, William \Bill\"" J. [R]""",1,0,0,1,0,0,0,0,0,0.905,2020,42269,16426,,58695,0.44029304,0.41019654,,31.4,25.5,26.9,16.1,87.4,7.8,2.1,12.6,50.1,32,93,31.2,94.4392,5.5607977,0.30800822,643.3,291,0,1,1,1
2022,44713,HB,151,57_30,Ohio,OH,0,32,0,2,1,"Rep. Ingram, Catherine D. [D]",0,1,0,0,1,1,1,0,0,-1.605,2020,42055,0,,42055,1,-0.4383155,,34.3,30.3,23.9,11.4,37.3,54.9,3,62.7,26.9,50.8,86.1,27,100,0,0.4116118,475.55,200.4,0,1,1,1
2022,44713,HB,151,57_30,Ohio,OH,0,33,0,2,1,"Rep. Denson, Sedrick [D]",0,1,0,0,1,0,1,0,0,,2020,41500,13901,,55401,0.4981679,-0.48870873,,33,24.2,27.1,15.6,40,52.5,3.4,60,35.2,41.2,87.8,29.1,100,0,0.34443888,481.2,177.8,0,1,1,1
2022,44713,HB,151,57_30,Ohio,OH,0,35,0,2,1,"Rep. Galonski, Tavia [D]",0,1,0,0,1,1,1,0,0,-1.443,2020,22341,17210,,39551,0.12973124,-0.31915107,,33.1,26.6,26.2,14.2,75.3,16.2,2.2,24.7,35.4,40.8,86.6,15.2,82.04944,17.950558,0.38762113,498.33334,193.13333,0,1,1,1
2022,44713,HB,151,57_30,Ohio,OH,0,36,0,2,1,"Rep. Young, Bob [R]",1,0,0,1,0,0,0,0,0,,2020,32294,29441,,61735,0.046213657,0.12349348,,28.6,25.1,27.7,18.5,92.2,3,1.3,7.8,49.3,29.7,93.6,29.2,85.459694,14.540308,0.12409472,605.9,310.6,0,1,1,1
2022,44713,HB,151,57_30,Ohio,OH,0,37,0,2,1,"Rep. Weinstein, Casey [D]",0,1,0,0,1,0,0,0,0,,2020,36789,34776,,71565,0.028128276,-0.0558168,,29.8,22.7,30,17.7,84,7.5,2.5,16,58.5,25.7,96.3,49.8,98.68469,1.3153081,0.1984127,605.9,310.6,0,1,1,1
2022,44713,HB,151,57_30,Ohio,OH,0,38,0,2,1,"Rep. Roemer, Bill [R]",1,0,0,1,0,0,0,0,0,,2020,38669,25191,,63860,0.21105543,-0.019635266,,27.7,21.9,30.5,19.9,91.8,3.6,1.2,8.2,57.9,24.8,94.2,34.5,99.99044,0.009562424,0.17007944,605.9,310.6,0,1,1,1
2022,44713,HB,151,57_30,Ohio,OH,0,39,0,2,1,"Rep. Blackshear Jr., Willis E. [D]",0,1,0,0,1,0,1,0,0,,2020,31583,8269,,39852,0.5850146,-0.48358795,,38,24.7,24.1,13.1,41.4,50.9,3.6,58.6,23.4,53.8,82.9,16.4,97.6979,2.3021028,0.25740907,605.9,310.6,0,1,1,1
2022,44713,HB,151,57_30,Ohio,OH,0,40,0,2,1,"Rep. Plummer, Phil [R]",1,0,0,1,0,0,0,0,0,,2020,38318,20543,,58861,0.30198264,-0.14276476,,31.3,24.3,27,17.3,79.8,10.9,3.4,20.2,52.1,28,89.9,23.7,97.920525,2.0794764,0.14219694,418.26666,223.56667,0,1,1,1
2022,44713,HB,151,57_30,Ohio,OH,0,42,0,2,1,"Rep. Young, Thomas \Tom\"" J. [R]""",1,0,0,1,0,0,0,0,0,,2020,48394,0,,48394,1,0.060698625,,29.5,25.5,27.3,17.7,84.6,5.9,2.7,15.4,52.6,26.2,93.1,34.5,97.32586,2.674138,0.27831894,412.1,102.8,0,1,1,1
2022,44713,HB,151,57_30,Ohio,OH,0,43,0,2,1,"Rep. Creech, Rodney [R]",1,0,0,1,0,0,0,0,0,,2020,31463,26552,,58015,0.084650524,0.05821317,,30.6,22.7,27.6,19,69.5,25.1,1.5,30.5,46.2,31,89,18.3,82.773605,17.22639,0.2896437,412.1,102.8,0,1,1,1
2022,44713,HB,151,57_30,Ohio,OH,0,45,0,2,1,"Rep. Sobecki, Lisa Ann [D]",0,1,0,0,1,1,0,0,0,,2020,27776,17282,,45058,0.23289981,-0.17243797,,31.9,27.7,26.1,14.3,74.8,11.5,9.4,25.2,40.1,36.8,89.2,17.1,100,0,0.43464828,425.1,237.1,0,1,1,1
2022,44713,HB,151,57_30,Ohio,OH,0,46,0,2,1,"Rep. Sheehy, Michael \Mike\"" P. [D]""",0,1,0,0,1,0,0,0,0,-0.766,2020,31088,22870,,53958,0.15230365,0.060120326,,30.8,25.4,27.5,16.1,74.8,11.8,8.4,25.2,45.1,32.8,90.4,27,89.241356,10.758647,0.44951522,425.1,237.1,0,1,1,1
2022,44713,HB,151,57_30,Ohio,OH,0,47,0,2,1,"Rep. Merrin, Derek [R]",1,0,0,1,0,0,0,0,0,1.445,2020,40445,28538,,68983,0.17260775,-0.042666137,,30.6,21.9,29.5,18,88.2,2.4,4.8,11.8,59.3,23.4,94.6,39.5,100,0,0.20886673,425.1,237.1,0,1,1,1
2022,44713,HB,151,57_30,Ohio,OH,0,48,0,2,1,"Rep. Oelslager, W. Scott [R]",1,0,0,1,0,0,0,0,0,0.542,2020,50815,1361,,52176,0.94783044,-0.031506296,,27.5,22.6,28.7,21.2,90.2,3.9,1.7,9.8,53.7,26.6,93.7,30.7,100,0,0.4330482,469.9,223,0,1,1,1
2022,44713,HB,151,57_30,Ohio,OH,0,49,0,2,1,"Rep. West, Thomas E. [D]",0,1,0,0,1,0,1,0,0,-0.555,2020,24305,20416,,44721,0.08696138,-0.13958783,,33.1,25.1,26,16,73.3,17.4,3.3,26.7,37.4,38,87.3,14,95.031784,4.9682193,0.48019207,469.9,223,0,1,1,1
2022,44713,HB,151,57_30,Ohio,OH,0,50,0,2,1,"Rep. Stoltzfus, Reginald \Reggie\"" [R]""",1,0,0,1,0,0,0,0,0,,2020,39192,18197,,57389,0.36583665,0.29954728,,31.1,21.6,28.6,18.7,93.7,2.2,1.2,6.3,53.6,27,92.7,24.6,68.32757,31.67243,0.19317304,469.9,223,0,1,1,1
2022,44713,HB,151,57_30,Ohio,OH,0,51,0,2,1,"Rep. Carruthers, Sara P. [R]",1,0,0,1,0,1,0,0,0,,2020,35533,2514,,38047,0.8678477,0.13216396,,33.7,25.8,25.1,15.5,78.4,10.7,6.3,21.6,44.2,31.1,88.3,21.5,98.811356,1.1886426,0.31750292,483.9,233.35,0,1,1,1
2022,44713,HB,151,57_30,Ohio,OH,0,52,0,2,1,"Rep. Gross, Jennifer L. [R]",1,0,0,1,0,1,0,0,0,,2020,44953,26019,,70972,0.26678127,0.19869217,,34.5,24.5,28.7,12.4,78.5,8.2,4.6,21.5,61.2,25.8,94.8,46.5,98.15773,1.8422692,0.12616234,452.9,153.1,0,1,1,1
2022,44713,HB,151,57_30,Ohio,OH,0,53,0,2,1,"Rep. Hall, Thomas [R]",1,0,0,1,0,0,0,0,0,,2020,36768,17106,,53874,0.3649627,0.4685613,,40,21.1,24.3,14.5,87.9,4.9,3.2,12.1,45.4,37.7,89.4,23.4,74.477196,25.522802,0.2895194,452.9,153.1,0,1,1,1
2022,44713,HB,151,57_30,Ohio,OH,0,55,0,2,1,"Rep. Manning, Gayle L. [R]",1,0,0,1,0,1,0,0,0,0.588,2020,34200,26682,56,60938,0.123371296,-0.016065411,,30,24.6,28.7,16.7,81.7,9.2,4.7,18.3,48.6,30.4,90.5,25.7,99.24076,0.7592419,0.445884,538.6,293.4,0,1,1,1
2022,44713,HB,151,57_30,Ohio,OH,0,56,0,2,1,"Rep. Miller III, Joseph \Joe\"" A. [D]""",0,1,0,0,1,0,0,0,0,,2020,32298,22157,,54455,0.18622716,-0.3652139,,32.5,22.7,26.8,18,68,10.9,18.6,32,43.7,34.9,86.3,18.1,97.4384,2.5616,0.12681504,538.6,293.4,0,1,1,1
2022,44713,HB,151,57_30,Ohio,OH,0,57,0,2,1,"Rep. Stein, Dick [R]",1,0,0,1,0,0,0,0,0,0.758,2020,42388,20754,,63142,0.34262457,0.07674849,,31.6,22.7,28.8,16.8,91,2.2,4.6,9,55.6,25.4,91.3,23.1,91.01592,8.9840765,0.2566422,475.7,84.8,0,1,1,1
2022,44713,HB,151,57_30,Ohio,OH,0,58,0,2,1,"Rep. Lepore-Hagan, Michele [D]",0,1,0,0,1,1,0,0,0,-1.041,2020,32218,15556,,47774,0.3487671,-0.26564816,,31.2,23.7,26.8,18.4,60.2,27,9.3,39.8,35.2,39.8,87,15.7,51.47824,48.52176,0.2609354,516.3,111.3,0,1,1,1
2022,44713,HB,151,57_30,Ohio,OH,0,59,0,2,1,"Rep. Cutrona, Alessandro \Al\"" [R]""",1,0,0,1,0,0,0,1,0,,2020,40993,26423,,67416,0.21612081,-0.034968313,,26.7,21.7,30,21.6,92.6,2.8,2.3,7.4,54.8,25.4,94.6,32.3,86.340744,13.659255,0.34693196,424,131.8,0,1,1,1
2022,44713,HB,151,57_30,Ohio,OH,0,60,0,2,1,"Rep. Troy, Daniel \Dan\"" P. [D]""",0,1,0,0,1,0,0,0,0,-0.274,2020,28421,27623,,56044,0.014238812,0.06367237,,28.7,25.2,28.4,17.6,85,5.9,6.1,15,46.4,31.7,90.4,23.4,98.39698,1.6030205,0.42123866,505.85,327.325,0,1,1,1
2022,44713,HB,151,57_30,Ohio,OH,0,61,0,2,1,"Rep. Callender, Jamie [R]",1,0,0,1,0,0,0,0,0,0.681,2020,41658,26378,,68036,0.22458698,0.21081613,,28.1,21.2,30.6,20.2,92,2.4,2.5,8,55.9,25.7,93.5,32.2,50.666027,49.333973,0.11201759,416.05,178.4,0,1,1,1
2022,44713,HB,151,57_30,Ohio,OH,0,62,0,2,1,"Rep. Lipps, Scott [R]",1,0,0,1,0,0,0,0,0,0.766,2020,54802,18596,,73398,0.49328318,0.21570471,,33.7,23.1,28.3,14.9,93.7,1.6,1.9,6.3,62.6,21.7,92.6,36.7,95.535835,4.4641643,0.2781737,408.2,245,0,1,1,1
2022,44713,HB,151,57_30,Ohio,OH,0,63,0,2,1,"Rep. Loychik, Mike [R]",1,0,0,1,0,0,0,0,0,,2020,29999,25379,,55378,0.08342663,0.095454924,,26.6,22,29.8,21.7,91.5,4.5,1.8,8.5,49.8,27.4,90.7,19.6,92.58055,7.419452,0.3848431,349.7,219.1,0,1,1,1
2022,44713,HB,151,57_30,Ohio,OH,0,65,0,2,1,"Rep. Schmidt, Jean [R]",1,0,0,1,0,1,0,0,0,1.028,2020,44435,23019,506,67960,0.31512654,0.09718243,,31.6,25.1,27.9,15.4,92.7,1.4,2.2,7.3,55.3,25.9,92.2,31.3,76.00671,23.993292,0.36712384,421.9,175.95,0,1,1,1
2022,44713,HB,151,57_30,Ohio,OH,0,66,0,2,1,"Rep. Bird, Adam C. [R]",1,0,0,1,0,0,0,0,0,,2020,48710,2096,,50806,0.91749007,0.0882815,,31.1,24.1,29,15.7,95.7,1.1,1.2,4.3,55,25.1,87.1,19.5,94.708336,5.291665,0.12789941,371.8,102.3,0,1,1,1
2022,44713,HB,151,57_30,Ohio,OH,0,67,0,2,1,"Rep. Jordan, Kris [R]",1,0,0,1,0,0,0,0,0,0.861,2020,44960,35866,,80826,0.1125133,0.18958643,,36,25.6,26.6,11.9,85.3,3.2,2.6,14.7,60.2,25.2,96.4,53.6,89.01371,10.986293,0.30050156,408.45,201.3,0,1,1,1
2022,44713,HB,151,57_30,Ohio,OH,0,68,0,2,1,"Rep. Stevens, Shawn [R]",1,0,0,1,0,0,0,0,0,,2020,1,0,,1,1,0.21037598,,33.3,23.3,27.6,15.7,90.9,2.4,1.9,9.1,58.5,25.7,94.1,39.9,72.40357,27.596428,0.2580194,322.1,150,0,1,1,1
2022,44713,HB,151,57_30,Ohio,OH,0,69,0,2,1,"Rep. Ray, Sharon A. [R]",1,0,0,1,0,1,0,0,0,,2020,46103,25074,,71177,0.29544657,0.18592077,,30.7,23.4,29.2,16.6,94.1,1.5,1.9,5.9,58,24.6,95.7,36.6,70.522354,29.477648,0.19086371,339.13333,144.2,0,1,1,1
2022,44713,HB,151,57_30,Ohio,OH,0,70,0,2,1,"Rep. Kick, Darrell D. [R]",1,0,0,1,0,0,0,0,0,0.684,2020,42551,17661,,60212,0.41337276,0.3189373,,32.3,22.3,27.9,17.4,94.9,1.1,1.8,5.1,54.7,27.2,89.4,22.5,93.54285,6.4571548,0.14370039,401.1,215.8,0,1,1,1
2022,44713,HB,151,57_30,Ohio,OH,0,71,0,2,1,"Rep. Fraizer, Mark [R]",1,0,0,1,0,0,0,0,0,,2020,39667,23254,,62921,0.2608509,0.1303161,,33.5,23.9,26.9,15.6,88.4,5,2.1,11.6,49.7,29.6,91.1,26.4,73.59653,26.403475,0.6876978,343.93332,172.93333,0,1,1,1
2022,44713,HB,151,57_30,Ohio,OH,0,72,0,2,1,"Rep. Miller, Kevin D. [R]",1,0,0,1,0,0,0,0,0,,2020,1,0,,1,1,0.23445854,,30.9,23.1,29,16.8,96.1,0.8,1,3.9,55.4,24.4,87.7,17.8,91.145256,8.854743,0.33535993,282.9,99.3,0,1,1,1
2022,44713,HB,151,57_30,Ohio,OH,0,73,0,2,1,"Rep. Lampton, Brian E. [R]",1,0,0,1,0,0,0,0,0,,2020,36523,26969,,63492,0.15047565,0.2186875,,31.9,25.6,26.6,15.9,83.7,5.5,3.3,16.3,54.3,29.6,95,45.9,72.38711,27.61289,0.3184919,421.9,178.1,0,1,1,1
2022,44713,HB,151,57_30,Ohio,OH,0,74,0,2,1,"Rep. Dean, Bill [R]",1,0,0,1,0,0,0,0,0,1.513,2020,42294,1965,154,44413,0.90804493,0.04294042,,31.4,23.8,27.7,17.2,87.8,7.3,1.6,12.2,48.4,30.9,89.2,20.3,47.534904,52.465096,0.23180233,338.9,168.3,0,1,1,1
2022,44713,HB,151,57_30,Ohio,OH,0,75,0,2,1,"Rep. Pavliga, Gail K. [R]",1,0,0,1,0,1,0,0,0,,2020,28330,27151,,55481,0.021250518,0.0937584,,37.2,22.7,25.8,14.3,88.3,4.9,1.9,11.7,43.6,37.8,92.4,27.7,30.726421,69.273575,0.28115183,500.275,130.825,0,1,1,1
2022,44713,HB,151,57_30,Ohio,OH,0,76,0,2,1,"Rep. Grendell, Diane V. [R]",1,0,0,1,0,1,0,0,0,1.017,2020,40904,25141,,66045,0.2386706,-0.17269176,,31.3,18.7,30.9,19.3,95.3,1.5,1.3,4.7,58.6,25.9,90.8,37.8,59.342285,40.657715,0.09385373,418.8,220.9,0,1,1,1
2022,44713,HB,151,57_30,Ohio,OH,0,77,0,2,1,"Rep. LaRe, Jeff [R]",1,0,0,1,0,0,0,0,0,,2020,38059,25268,,63327,0.20198336,0.14235117,,32.8,24.7,27.6,14.9,84.7,8.3,2.5,15.3,53.5,26.9,92.5,28.6,42.246136,57.753864,0.32566023,462.5,281.8,0,1,1,1
2022,44713,HB,151,57_30,Ohio,OH,0,78,0,2,1,"Rep. Stewart, Brian [R]",1,0,0,1,0,0,0,0,0,,2020,42314,15878,,58192,0.45428926,0.19327495,,31.3,23.7,27.7,17.2,94.8,2.1,0.8,5.2,54.4,25.9,88.7,17,52.44441,47.55559,0.22739086,548.15,188.8,0,1,1,1
2022,44713,HB,151,57_30,Ohio,OH,0,79,0,2,1,"Rep. Koehler, Kyle [R]",1,0,0,1,0,0,0,0,0,0.872,2020,32705,19127,,51832,0.26196173,0.029002381,,32.5,22.9,26.6,18.1,82.4,9,3.7,17.6,45.7,30.7,86.4,17.9,60.970486,39.029514,0.19755289,372.95,182.9,0,1,1,1
2022,44713,HB,151,57_30,Ohio,OH,0,80,0,2,1,"Rep. Powell, Jena [R]",1,0,0,1,0,1,0,0,0,,2020,50578,15933,,66511,0.5208913,0.31350517,,30.8,23.4,28,17.7,93.2,1.8,1.5,6.8,54.4,25.8,90.5,21.3,68.74205,31.257952,0.24020542,409.85,189.35,0,1,1,1
2022,44713,HB,151,57_30,Ohio,OH,0,81,0,2,1,"Rep. Hoops, James M. [R]",1,0,0,1,0,0,0,0,0,1.011,2020,49880,1249,,51129,0.9511432,0.5525694,,31.8,23.1,27.9,17.3,92.2,0.7,5.5,7.8,56.6,25.1,92.1,17.6,58.827274,41.172726,0.19941063,642.825,375.025,0,1,1,1
2022,44713,HB,151,57_30,Ohio,OH,0,82,0,2,1,"Rep. Riedel, Craig S. [R]",1,0,0,1,0,0,0,0,0,0.917,2020,45059,1462,,46521,0.93714666,0.21939157,,32.2,23.3,26.8,17.7,91.3,1.2,5.6,8.7,55.5,25.3,91.2,15.7,73.77931,26.220686,0.11120946,577.025,241.25,0,1,1,1
2022,44713,HB,151,57_30,Ohio,OH,0,84,0,2,1,"Rep. Manchester, Susan [R]",1,0,0,1,0,1,0,0,0,,2020,54172,9573,,63745,0.699647,0.5516257,,32.6,22,27.5,17.8,96.2,0.7,1.6,3.8,59.2,23.2,92,17.9,48.349976,51.650024,0.1653184,585.3,165.43333,0,1,1,1
2022,44713,HB,151,57_30,Ohio,OH,0,86,0,2,1,"Rep. Richardson, Tracy M. [R]",1,0,0,1,0,1,0,0,0,,2020,39510,16635,,56145,0.4074272,-0.03769915,,30.9,27.3,27.4,14.4,88.8,4.6,2.2,11.2,50.2,28.2,89.6,22.4,35.778294,64.22171,0.3164175,308,104.3,0,1,1,1
2022,44713,HB,151,57_30,Ohio,OH,0,87,0,2,1,"Rep. McClain, Riordan T. [R]",1,0,0,1,0,0,0,0,0,0.935,2020,41440,12977,,54417,0.52305347,0.28906906,,30.6,22.5,28.6,18.4,95.4,0.8,1.9,4.6,54.2,24.6,89.5,14.5,27.018309,72.98169,0.2743359,418.8,181,0,1,1,1
2022,44713,HB,151,57_30,Ohio,OH,0,88,0,2,1,"Rep. Click, Gary N. [R]",1,0,0,1,0,0,0,0,0,,2020,32823,19359,,52182,0.25802,-0.06046239,,32,23,27.6,17.3,87,3,7.6,13,48.3,30.8,90.6,15.8,30.808968,69.19103,0.2013085,434,80.75,0,1,1,1
2022,44713,HB,151,57_30,Ohio,OH,0,89,0,2,1,"Rep. Swearingen Jr., Douglas \D. J.\"" J. [R]""",1,0,0,1,0,0,0,0,0,,2020,35675,26580,,62255,0.14609268,0.02167746,,27.6,21,29.6,21.8,86.5,6.2,4.6,13.5,52.2,25.9,92,22.6,47.84825,52.15175,0.25718483,489.83334,103.433334,0,1,1,1
2022,44713,HB,151,57_30,Ohio,OH,0,90,0,2,1,"Rep. Baldridge, Brian [R]",1,0,0,1,0,0,0,0,0,,2020,39779,0,,39779,1,0.17491864,,30.9,24.5,27.1,17.6,93.9,2.4,1.3,6.1,46.6,28.4,83.8,14.6,35.083958,64.91604,0.25532645,274,187.76666,0,1,1,1
2022,44713,HB,151,57_30,Ohio,OH,0,91,0,2,1,"Rep. Wilkin, Shane [R]",1,0,0,1,0,0,0,0,0,0.873,2020,41143,12455,,53598,0.53524387,0.27782968,,32.1,23.1,27.9,16.7,94.6,1.7,1.2,5.4,51.5,25.9,84.8,14.9,36.987434,63.012566,0.07686231,372.225,274.8,0,1,1,1
2022,44713,HB,151,57_30,Ohio,OH,0,92,0,2,1,"Rep. Johnson, Mark [R]",1,0,0,1,0,0,0,0,0,,2020,34884,17165,,52049,0.34042922,0.07101065,,29.6,26.5,28.1,15.7,89.7,4.9,1.6,10.3,49.3,28.5,86.6,16.8,38.343464,61.656536,0.3246607,282.425,168.95,0,1,1,1
2022,44713,HB,151,57_30,Ohio,OH,0,93,0,2,1,"Rep. Stephens, Jason [R]",1,0,0,1,0,0,0,0,0,,2020,43937,838,,44775,0.9625684,0.31527102,,31.1,24.1,27.6,17.2,95.3,1.4,0.9,4.7,51.5,24.9,84.3,14.4,35.099216,64.90079,0.017543474,288.63333,174.13333,0,1,1,1
2022,44713,HB,151,57_30,Ohio,OH,0,94,0,2,1,"Rep. Edwards, Jay [R]",1,0,0,1,0,0,0,0,0,,2020,31584,20719,,52303,0.20773187,-0.056838706,,37.4,22.5,24.8,15.4,92.2,2.3,1.5,7.8,41.4,40.4,88,23.1,51.112164,48.887836,0.2896484,270.125,151.45,0,1,1,1
2022,44713,HB,151,57_30,Ohio,OH,0,95,0,2,1,"Rep. Jones, Don [R]",1,0,0,1,0,0,0,0,0,,2020,48224,0,,48224,1,0.3693936,,27.1,22.7,29.3,20.8,94.4,2.5,1,5.6,52.9,25.9,89.3,15.9,61.108826,38.891174,0.29649478,320.92,131.56,0,1,1,1
2022,44713,HB,151,57_30,Ohio,OH,0,96,0,2,1,"Rep. Ferguson, Ron [R]",1,0,0,1,0,0,0,0,0,,2020,37347,17104,1818,56269,0.35975403,0.2720386,,27.9,22.1,29.3,20.8,92.4,4.2,1.2,7.6,48.2,28.9,89.9,14.2,48.1777,51.8223,0.18547523,409.86667,172.43333,0,1,1,1
2022,44713,HB,151,57_30,Ohio,OH,0,97,0,2,1,"Rep. Holmes, Adam [R]",1,0,0,1,0,0,0,0,0,,2020,36924,16079,,53003,0.3932796,0.0990272,,31.4,23.2,27.7,17.6,92.3,2.6,1.2,7.7,48.4,28,87.1,15.5,48.714954,51.285046,0.15340364,359.3,167.65,0,1,1,1
2022,44713,HB,151,57_30,Ohio,OH,0,98,0,2,1,"Rep. Hudson Hillyer, Brett [R]",0,1,0,1,0,0,0,0,0,,2020,37378,12332,,49710,0.5038423,0.1889007,,34.3,23.4,25.4,17,95.6,0.6,2.2,4.4,55.8,26.1,78,13.9,51.37421,48.62579,0.13362136,530.26666,399.3,0,1,1,1
2022,44713,HB,151,57_30,Ohio,OH,0,99,0,2,1,"Rep. Fowler Arthur, Sarah [R]",1,0,0,1,0,0,0,0,0,,2020,28918,20356,150,49424,0.17323567,-0.27087295,,30.4,22.3,29.2,17.9,89.9,3.7,4.1,10.1,48.7,28.9,87.5,16.2,53.51553,46.48447,0.24386746,550.1,226.5,0,1,1,1
2022,44909,HB,151,24_7,Ohio,OH,1,1,0,4,1,Rob McColley (R),1,0,0,1,0,0,0,0,0,0.83,2022,102711,,,102711,1,0.36066002,29.9,32.6,23.4,27,17,91.6,1,5,8.4,54.8,26.2,91.6,18.9,46.316395,53.683605,0.19268537,516.44,241.6,0,1,1,1
2022,44909,HB,151,24_7,Ohio,OH,1,2,0,4,1,Theresa Gavarone (R),1,0,0,1,0,1,0,0,0,0.804,2020,122084,74240,,196324,0.2436992,0.052022222,29.7,32.4,22,27.6,17.9,87.7,3.6,5,12.3,52.7,29,93.5,31.6,76.0408,23.959198,0.2875779,500.275,130.825,0,1,1,1
2022,44909,HB,151,24_7,Ohio,OH,1,3,0,4,1,Tina Maharath (D),0,1,0,0,1,1,0,0,1,,2018,66438,65733,,132171,0.005333999,0.013041203,36.4,32.4,30.9,24.7,12,68.9,18.2,5.4,31.1,46.2,33.9,89.8,33.5,98.88536,1.11464,0.44915712,479.2,207.7,0,1,1,1
2022,44909,HB,151,24_7,Ohio,OH,1,4,0,4,1,George F. Lang (R),1,0,0,1,0,0,0,0,0,1.268,2020,106021,68000,,174021,0.21848513,0.34093094,32.4,36.2,23.7,26.1,14.1,81.7,7.7,4.6,18.3,50.3,31.6,90.9,30.9,90.94238,9.057616,0.24559873,425.1,237.1,0,1,1,1
2022,44909,HB,151,24_7,Ohio,OH,1,5,0,4,1,Stephen A. Huffman (R),1,0,0,1,0,0,0,0,0,0.892,2022,99741,,,99741,1,-0.08947131,30.9,33,23.6,26.6,16.8,69.2,24.7,2.1,30.8,41.9,36.3,87.8,18.9,85.318596,14.681406,0.2627824,414.9,209.88,0,1,1,1
2022,44909,HB,151,24_7,Ohio,OH,1,6,0,4,1,Niraj Antani (R),1,0,0,1,0,0,0,0,1,1.016,2020,99096,87280,,186376,0.06339872,0.17182028,30.7,29.8,25.2,26.8,18.1,83.8,7.1,2.8,16.2,51.6,27.5,92.4,32.2,95.04743,4.9525695,0.2610521,605.9,310.6,0,1,1,1
2022,44909,HB,151,24_7,Ohio,OH,1,7,0,4,1,Steve Wilson (R),1,0,0,1,0,0,0,0,0,1.079,2022,93629,58073,,151702,0.23438056,0.2594366,30.5,32.7,25.3,28.2,13.9,86.2,3.8,2.9,13.8,57.1,26.5,93.8,46.5,90.15166,9.848346,0.37366128,590.95,292.2,0,1,1,1
2022,44909,HB,151,24_7,Ohio,OH,1,8,0,4,1,"Louis W. Blessing, III (R)",1,0,0,1,0,0,0,0,0,0.766,2020,112313,74565,,186878,0.20199275,0.33354616,30.4,31.1,25.1,27.4,16.4,77.3,13.8,3.2,22.7,50.4,30.9,91.9,33,95.9794,4.0206003,0.30237705,643.3,291,0,1,1,1
2022,44909,HB,151,24_7,Ohio,OH,1,9,0,4,1,Cecil Thomas (D),0,1,0,0,1,0,1,0,0,-1.327,2022,1,,,1,1,-0.28968552,37.5,34.4,28.6,23.8,13.1,46.8,44.6,3.3,53.2,30.1,49,88.1,33.4,99.97335,0.026648732,0.42601186,643.3,291,0,1,1,1
2022,44909,HB,151,24_7,Ohio,OH,1,10,0,4,1,Bob D. Hackett (R),1,0,0,1,0,0,0,0,0,0.867,2020,109456,58126,,167582,0.3062978,0.16635394,31.3,31.9,24.1,26.9,17,84.6,7.1,2.9,15.4,49.5,30.4,90.2,28,78.51565,21.48435,0.24964732,343.93332,172.93333,0,1,1,1
2022,44909,HB,151,24_7,Ohio,OH,1,11,0,4,1,Paula Hicks-Hudson (D),0,1,0,0,1,1,1,0,0,,2022,62038,50151,,112189,0.10595513,-0.17839622,34,33.3,26.5,25.7,14.6,63.9,22.6,8.1,36.1,37.7,39.4,87.4,20.9,98.348656,1.6513455,0.49526063,412.1,102.8,0,1,1,1
2022,44909,HB,151,24_7,Ohio,OH,1,12,0,4,1,Matt Huffman (R),1,0,0,1,0,0,0,0,0,1.01,2020,129218,33800,,163018,0.58532184,0.31990883,29,32.5,22.9,27.3,17.1,90.1,4.8,2.1,9.9,53.9,26.4,90.7,17.2,56.05127,43.94873,0.13824636,521.1286,197.24286,0,1,1,1
2022,44909,HB,151,24_7,Ohio,OH,1,13,0,4,1,Nathan H. Manning (R),1,0,0,1,0,0,0,0,0,0.544,2022,72909,53163,,126072,0.15662478,-0.061563537,29.5,31.4,23.4,28.1,17.2,80.4,6.7,9.2,19.6,49.3,30.2,89.4,22.4,80.81748,19.18252,0.27669317,464.66666,136.73334,0,1,1,1
2022,44909,HB,151,24_7,Ohio,OH,1,14,0,4,1,Terry Johnson (R),1,0,0,1,0,0,0,0,0,0.742,2020,127588,47843,,175431,0.45456618,0.27317104,30.4,31.2,24.6,28,16.2,94.1,1.6,1.6,5.9,52.4,26.5,87.8,22,58.708282,41.291718,0.25208536,307.55,202.075,0,1,1,1
2022,44909,HB,151,24_7,Ohio,OH,1,15,0,4,1,Hearcel F. Craig (D),0,1,0,0,1,0,1,0,0,-0.806,2022,69229,,,69229,1,-0.43077177,42.8,37.4,31.4,21.1,10.1,45.9,40.3,5.6,54.1,27.3,54,88,32.5,99.44669,0.5533075,1.0306884,479.2,207.7,0,1,1,1
2022,44909,HB,151,24_7,Ohio,OH,1,16,0,4,1,Stephanie Kunze (R),1,0,0,1,0,1,0,0,0,0.728,2020,106053,105937,,211990,5.47E-04,-0.103263445,35.2,30.7,30.7,26,12.4,80.2,5.2,4.7,19.8,55.2,28.9,94.8,50.8,98.16577,1.8342264,0.46441957,317.5,143.23334,0,1,1,1
2022,44909,HB,151,24_7,Ohio,OH,1,17,0,4,1,Bob Peterson (R),1,0,0,1,0,0,0,0,0,1.07,2022,27158,,,27158,1,0.15009001,30.4,30.9,24.6,27.9,16.5,93.2,2.6,1.2,6.8,50.7,26.5,85.2,15.4,36.527702,63.472298,0.13743494,299.11,191.74,0,1,1,1
2022,44909,HB,151,24_7,Ohio,OH,1,18,0,4,1,Jerry C. Cirino (R),1,0,0,1,0,0,0,0,0,,2020,115754,75535,,191289,0.21025255,0.07381952,29.2,32.2,20.9,29,17.9,91.9,2.9,1.9,8.1,52.5,29.9,92.3,32.7,80.45703,19.542969,0.16260639,542.1,121.5,0,1,1,1
2022,44909,HB,151,24_7,Ohio,OH,1,19,0,4,1,Andrew O. Brenner (R),1,0,0,1,0,0,0,0,0,1.034,2022,86332,50315,,136647,0.26357695,0.21968332,34.5,34,28.1,25.1,12.9,76,10.9,3.9,24,53,30.4,93.8,44.3,63.713,36.287,0.46129325,505.85,327.325,0,1,1,1
2022,44909,HB,151,24_7,Ohio,OH,1,20,0,4,1,Tim Schaffer (R),1,0,0,1,0,0,0,0,0,1.069,2020,121844,53477,,175321,0.3899533,0.18110977,30,31.8,23.9,27.7,16.7,90.6,4.2,1.5,9.4,52.1,26.9,89.4,20.3,41.43563,58.56437,0.23415469,339.13333,144.2,0,1,1,1
2022,44909,HB,151,24_7,Ohio,OH,1,21,0,4,1,Dale B. Martin (D),0,1,0,0,1,0,1,0,0,,,,,,,1,-0.5393447,34.7,34.2,26.5,25,14.3,33.2,55,6,66.8,27.8,50.4,83.6,27.3,100,0,0.38639238,608.5,158.2,0,1,1,1
2022,44909,HB,151,24_7,Ohio,OH,1,22,0,4,1,Mark Romanchuk (R),1,0,0,1,0,0,0,0,0,0.875,2020,130273,58924,,189197,0.37711486,0.17190549,29.3,31.1,23.3,28.1,17.6,91.6,3.4,1.8,8.4,53.9,26.7,90.7,25.7,58.15517,41.84483,0.13270976,418.8,220.9,0,1,1,1
2022,44909,HB,151,24_7,Ohio,OH,1,23,0,4,1,Nickie J. Antonio (D),0,1,1,0,1,1,0,0,0,-1,2022,62605,27899,,90504,0.38347477,-0.05510447,34.9,29.1,28.2,27.3,15.5,72.3,10,11.6,27.7,39.1,39.8,87.4,24,100,0,0.7039428,608.5,158.2,0,1,1,1
2022,44909,HB,151,24_7,Ohio,OH,1,24,0,4,1,Matt Dolan (R),1,0,0,1,0,0,0,0,0,0.838,2020,112609,94633,,207242,0.086739175,-0.044087417,26.8,27.6,21.8,30,20.7,87.7,4.1,2.3,12.3,55.7,26.6,95.7,46.8,98.61888,1.3811226,0.2633567,608.5,158.2,0,1,1,1
2022,44909,HB,151,24_7,Ohio,OH,1,25,0,4,1,Kenny Yuko (D),0,1,0,0,1,0,0,0,0,-0.854,2018,97503,32506,,130009,0.4999423,-0.37846687,30.5,29.4,24,27.7,18.9,50.9,41.3,3.5,49.1,38.4,37.8,90.3,25.3,100,0,0.29715016,479.2,207.7,0,1,1,1
2022,44909,HB,151,24_7,Ohio,OH,1,26,0,4,1,Bill Reineke (R),1,0,0,1,0,0,0,0,0,0.621,2020,114776,47050,,161826,0.41851124,0.0929601,30.3,31.2,24.3,27.8,16.7,90.4,2.7,3.9,9.6,50.9,27.9,89.9,17.6,58.72163,41.27837,0.26308233,407.3143,141.4,0,1,1,1
2022,44909,HB,151,24_7,Ohio,OH,1,27,0,4,1,Kristina D. Roegner (R),1,0,0,1,0,1,0,0,0,0.887,2022,72487,69156,,141643,0.02351687,-0.007724825,28.1,30.6,22.5,28.8,18,89.8,4.2,1.9,10.2,56.9,26.1,92.3,35.8,95.899796,4.100203,0.14672971,475.55,200.4,0,1,1,1
2022,44909,HB,151,24_7,Ohio,OH,1,30,0,4,1,Frank Hoagland (R),1,0,0,1,0,0,0,0,0,1.812,2020,110243,54694,,164937,0.3367892,0.20032857,30.4,30.8,22.4,27.7,19,93,3,1.2,7,47.4,31.8,89.1,17.5,55.333233,44.666767,0.25550964,319.79,148.02,0,1,1,1
2022,44909,HB,151,24_7,Ohio,OH,1,31,0,4,1,Jay Hottinger (R),1,0,0,1,0,0,0,0,0,0.844,2018,86019,42578,,128597,0.33780727,0.2187417,29.6,32.9,23.5,27.1,16.5,93.4,2,1.8,6.6,53.6,26.7,85.6,19.4,59.130325,40.869675,0.38706756,429.78,216.76,0,1,1,1
2022,44909,HB,151,24_7,Ohio,OH,1,32,0,4,1,Sandra O'Brien (R),1,0,0,1,0,1,0,0,0,,2020,77404,74367,,151771,0.02001041,0.01337056,28.2,29.4,22.3,28.7,19.4,88.4,6.3,2.5,11.6,48.4,28.9,88.2,17.5,69.244774,30.755226,0.27828118,524.9,218.06667,0,1,1,1
2022,44909,HB,151,24_7,Ohio,OH,1,33,0,4,1,Michael A. Rulli (R),1,0,0,1,0,0,0,0,0,,2022,85750,43935,,129685,0.32243514,0.02297138,29,28.7,22.9,28.7,19.8,81.7,10.7,4.6,18.3,47,30.7,89.9,21.2,77.693115,22.306887,0.27375522,420.73334,159.03334,0,1,1,1
2022,44305,SB,2,73_19_9,Oklahoma,OK,0,1,0,2,1,"Rep. Dempsey, Eddy [R]",1,0,0,1,0,0,0,0,0,,2020,1,0,,1,1,0.26474082,,32.9,23.6,25.1,18.5,61.7,7.5,5.9,38.3,51.4,24.8,83.3,15.1,29.591175,70.40883,0.28181228,589.75,477.35,0,1,1,1
2022,44305,SB,2,73_19_9,Oklahoma,OK,0,2,0,2,1,"Rep. Olsen, Jim [R]",1,0,0,1,0,0,0,0,0,,2020,1,0,,1,1,0.53466403,,32.8,23.8,26.1,17.2,61.3,2.2,4.7,38.7,49.1,25.1,82,13.6,38.417374,61.582626,0.2248707,445.3,344,0,1,1,1
2022,44305,SB,2,73_19_9,Oklahoma,OK,0,3,0,2,1,"Rep. West, Rick [R]",1,0,0,1,0,0,0,0,0,1.382,2020,9501,4219,,13720,0.38498542,0.35065573,,33.4,24.4,25,17.2,71.7,1.9,8.7,28.3,49.1,24.8,84.1,15.5,36.290653,63.709347,0.22335903,620.7,550.9,0,1,1,1
2022,44305,SB,2,73_19_9,Oklahoma,OK,0,4,0,2,1,"Rep. Culver, Bob Ed [R]",1,0,0,1,0,0,0,0,0,0.111,2020,7499,6095,,13594,0.10328086,-0.004408427,,38.5,23.4,22.1,16,45.4,1.3,8,54.6,43.6,35.5,87.8,28.5,45.390812,54.609188,0.16001219,313.85,224.55,0,1,1,1
2022,44305,SB,2,73_19_9,Oklahoma,OK,0,5,0,2,1,"Rep. West, Josh [R]",1,0,0,1,0,0,0,0,0,1.13,2020,1,0,,1,1,0.75191975,,26.9,20.6,27.7,24.9,64.2,0.5,3.3,35.8,54.8,20.8,85.3,17.6,16.8014,83.1986,0.033566058,507.7,430.75,0,1,1,1
2022,44305,SB,2,73_19_9,Oklahoma,OK,0,6,0,2,1,"Rep. Cornwell, Rusty [R]",1,0,0,1,0,0,0,0,0,,2020,1,0,,1,1,0.27294752,,31.7,24.3,27.1,16.9,66.6,1.3,3.5,33.4,53.6,24.9,89,16.3,16.763523,83.23648,0.181977,537.95,450.1,0,1,1,1
2022,44305,SB,2,73_19_9,Oklahoma,OK,0,7,0,2,1,"Rep. Bashore, Steve [R]",1,0,0,1,0,0,0,0,0,,2020,1,0,,1,1,0.3195242,,33.3,22,24.7,19.9,65.6,0.9,5.5,34.4,47.7,26.3,86.4,15.6,46.5846,53.4154,0.16775005,575.86664,485.96667,0,1,1,1
2022,44305,SB,2,73_19_9,Oklahoma,OK,0,8,0,2,1,"Rep. Gann, Tom [R]",1,0,0,1,0,0,0,0,0,1.398,2020,1,0,,1,1,0.47810167,,32.9,24,25.9,17.3,66.6,0.4,4.3,33.4,54.7,22.8,88.4,15.8,26.292263,73.70774,0.1869806,426.3,338.7,0,1,1,1
2022,44305,SB,2,73_19_9,Oklahoma,OK,0,9,0,2,1,"Rep. Lepak, Mark Paul [R]",1,0,0,1,0,0,0,0,0,1.176,2020,1,0,,1,1,0.5363749,,32.7,24.8,25.2,17.3,67.8,1.3,5.4,32.2,54,23.6,92.6,24,62.064148,37.935852,0.20603482,540,368.9,0,1,1,1
2022,44305,SB,2,73_19_9,Oklahoma,OK,0,10,0,2,1,"Rep. Strom, Judd [R]",1,0,0,1,0,0,0,0,0,,2020,1,0,,1,1,0.24927676,,30.8,23.3,27.1,18.8,67.5,1.8,7,32.5,53,22.1,89.8,20.9,55.25698,44.74302,0.3137576,600.43335,463.06668,0,1,1,1
2022,44305,SB,2,73_19_9,Oklahoma,OK,0,11,0,2,1,"Rep. Stearman, Wendi [R]",1,0,0,1,0,1,0,0,0,,2020,12333,5866,,18199,0.35534918,0.67625856,,31.5,25,23.3,20.2,74.9,2.8,3.7,25.1,52.3,25.5,92.3,29.8,82.572464,17.427536,0.071768776,737.15,501.65,0,1,1,1
2022,44305,SB,2,73_19_9,Oklahoma,OK,0,12,0,2,1,"Rep. McDugle, Kevin [R]",1,0,0,1,0,0,0,0,0,1.178,2020,1,0,,1,1,0.3446381,,31.1,24.7,27.1,17.1,70.7,4,3.3,29.3,52.5,24.1,89.1,20.8,44.08123,55.91877,0.23788486,245.3,168.2,0,1,1,1
2022,44305,SB,2,73_19_9,Oklahoma,OK,0,13,0,2,1,"Rep. Frix, Avery Carl [R]",1,0,0,1,0,0,0,0,0,,2020,1,0,,1,1,0.038138952,,30.2,27,26,16.9,53.9,14.4,5.1,46.1,46.1,27.3,86.2,17.4,54.07087,45.92913,0.111028865,520.8,413.8,0,1,1,1
2022,44305,SB,2,73_19_9,Oklahoma,OK,0,14,0,2,1,"Rep. Sneed, Chris [R]",1,0,0,1,0,0,0,0,0,,2020,1,0,,1,1,0.081111535,,35.1,23.7,24.6,16.8,53.9,5.1,8.3,46.1,45.6,29,85.4,21.8,72.55865,27.441357,0.23280424,460.93332,350.83334,0,1,1,1
2022,44305,SB,2,73_19_9,Oklahoma,OK,0,15,0,2,1,"Rep. Randleman, Randy D. [R]",1,0,0,1,0,0,0,0,0,,2020,1,0,,1,1,0.3620336,,29.3,21.5,26.6,22.6,70.6,0.6,3.8,29.4,56.4,18.4,85.3,15.7,13.238582,86.76142,0.05521049,664.72,562.08,0,1,1,1
2022,44305,SB,2,73_19_9,Oklahoma,OK,0,16,0,2,1,"Rep. Fetgatter, Scott [R]",1,0,0,1,0,0,0,0,0,1.119,2020,1,0,,1,1,0.21567892,,33,22.9,25.1,19,64.5,8,3.8,35.5,45.9,28.9,88.5,16.5,61.03389,38.96611,0.12734082,692.0333,518,0,1,1,1
2022,44305,SB,2,73_19_9,Oklahoma,OK,0,17,0,2,1,"Rep. Grego, Jim [R]",1,0,0,1,0,0,0,0,0,,2020,1,0,,1,1,0.469007,,30.9,23,26.3,19.9,65.5,1.6,4.9,34.5,53.2,22.3,88.4,17.2,18.744003,81.256,0.13400099,773.95,661.45,0,1,1,1
2022,44305,SB,2,73_19_9,Oklahoma,OK,0,18,0,2,1,"Rep. Smith, David [R]",1,0,0,1,0,0,0,0,0,,2020,1,0,,1,1,0.47948888,,30.5,24.8,24.2,20.5,68.6,2.4,4.5,31.4,50.5,23.9,85.4,16.8,42.142735,57.857265,0.08886256,572.8,462.75,0,1,1,1
2022,44305,SB,2,73_19_9,Oklahoma,OK,0,19,0,2,1,"Rep. Humphrey, Justin Jj [R]",1,0,0,1,0,0,0,0,0,1.198,2020,1,0,,1,1,0.41699532,,29.7,23.1,25.8,21.3,66.3,5.5,4.1,33.7,52.4,23.4,83.7,14.8,14.448979,85.55102,0.014237916,644.625,577.625,0,1,1,1
2022,44305,SB,2,73_19_9,Oklahoma,OK,0,20,0,2,1,"Rep. Conley, Sherrie [R]",1,0,0,1,0,1,0,0,0,,2020,1,0,,1,1,0.3041447,,30.5,25.5,28.6,15.6,78.4,1.9,7.1,21.6,58.2,23.8,89.3,22.8,0.024686785,99.97531,0.086163566,471.3,344.05,0,1,1,1
2022,44305,SB,2,73_19_9,Oklahoma,OK,0,22,0,2,1,"Rep. McCall, Charles A. [R]",1,0,0,1,0,0,0,0,0,1.228,2020,1,0,,1,1,0.501305,,32.4,22.4,25.8,19.3,70.2,2,5.7,29.8,51,23.8,85.7,19.5,31.04818,68.95182,0.08238929,595.75,499.675,0,1,1,1
2022,44305,SB,2,73_19_9,Oklahoma,OK,0,23,0,2,1,"Rep. O'Donnell, Terry [R]",1,0,0,1,0,0,0,0,0,1.264,2020,6894,4202,,11096,0.24260995,0.3508576,,37,28.2,22.4,12.3,46.1,10.9,27.1,53.9,48.2,30.3,82.1,15.8,99.2587,0.74130523,0.2676892,441.76666,302,0,1,1,1
2022,44305,SB,2,73_19_9,Oklahoma,OK,0,24,0,2,1,"Rep. Phillips, Logan J. [R]",0,1,0,1,0,0,0,0,0,,2020,8518,4367,,12885,0.32215756,0.39617205,,32,24.9,25.8,17.4,61.9,5.7,5.5,38.1,45.9,28.9,84.1,13,24.705208,75.29479,0.09041591,592.6,447.8,0,1,1,1
2022,44305,SB,2,73_19_9,Oklahoma,OK,0,26,0,2,1,"Rep. Kerbs, Dell [R]",1,0,0,1,0,0,0,0,0,1.111,2020,9885,4439,,14324,0.38020107,0.32195622,,34.8,25,23.6,16.7,67.7,4.1,6.7,32.3,43.6,30.2,88.2,23.3,84.23863,15.761365,0.26027396,605.8,497.5,0,1,1,1
2022,44305,SB,2,73_19_9,Oklahoma,OK,0,27,0,2,1,"Rep. Sterling, Danny [R]",1,0,0,1,0,0,0,0,0,,2020,1,0,,1,1,0.27296588,,31.9,23.9,29.6,14.6,78,1.7,5.6,22,57.1,22.9,87.8,18.4,14.387188,85.612816,0,556.6,421,0,1,1,1
2022,44305,SB,2,73_19_9,Oklahoma,OK,0,28,0,2,1,"Rep. Williams, Danny [R]",1,0,0,1,0,0,0,0,0,,2020,9595,3523,,13118,0.46287543,0.32010055,,31.8,24.5,27,16.7,67.5,4.1,4.6,32.5,51.1,25,86.3,14.6,26.871649,73.12835,0.11446013,592.7,463.15,0,1,1,1
2022,44305,SB,2,73_19_9,Oklahoma,OK,0,29,0,2,1,"Rep. Hilbert, Kyle [R]",1,0,0,1,0,0,0,0,0,1.179,2020,13461,2959,,16420,0.63958585,0.48507747,,31.3,24.3,28.4,16.1,74.1,1.9,3.9,25.9,54.8,23.6,88.1,16.1,24.665392,75.33461,0.53168863,548.5,395.4,0,1,1,1
2022,44305,SB,2,73_19_9,Oklahoma,OK,0,30,0,2,1,"Rep. Lawson, Mark [R]",1,0,0,1,0,0,0,0,0,1.078,2020,12878,3815,,16693,0.5429222,0.040383805,,32.1,25,25.9,17,73.4,2.5,5.3,26.6,52.7,25.9,90.7,20.2,73.43443,26.565563,0.59784496,548.5,395.4,0,1,1,1
2022,44305,SB,2,73_19_9,Oklahoma,OK,0,31,0,2,1,"Rep. Mize, Garry [R]",1,0,0,1,0,0,0,0,0,,2020,1,0,,1,1,0.44234216,,34.4,24,25.9,15.6,79.2,5.7,7.2,20.8,57.8,24.9,91.9,37.6,49.546993,50.453007,0.3342851,535.15,337.9,0,1,1,1
2022,44305,SB,2,73_19_9,Oklahoma,OK,0,32,0,2,1,"Rep. Wallace, Kevin [R]",1,0,0,1,0,0,0,0,0,1.164,2020,1,0,,1,1,0.47412306,,33.3,22.3,26.4,17.9,79.2,4.8,3.5,20.8,51.6,26.1,88.3,14.8,7.552051,92.44795,0.09103323,419.4,304.13333,0,1,1,1
2022,44305,SB,2,73_19_9,Oklahoma,OK,0,33,0,2,1,"Rep. Talley, John [R]",1,0,0,1,0,0,0,0,0,,2020,1,0,,1,1,0.5053905,,35.4,25.7,22.5,16.4,77.9,3.6,4.7,22.1,54.1,28,90.9,31.4,34.490902,65.509094,0.14589413,381.85,250.35,0,1,1,1
2022,44305,SB,2,73_19_9,Oklahoma,OK,0,34,0,2,1,"Rep. Ranson, Trish [D]",0,1,0,0,1,1,0,0,0,,2020,6145,5551,,11696,0.050786596,0.0728588,,56.6,22,12.1,9.2,75.4,4.4,4.8,24.6,26.7,61.7,93.5,46.2,96.699875,3.3001246,0.12797198,435.3,275.9,0,1,1,1
2022,44305,SB,2,73_19_9,Oklahoma,OK,0,36,0,2,1,"Rep. Roberts, Sean [R]",1,0,0,1,0,0,0,0,0,,2020,1,0,,1,1,0.32130107,,30.9,24.8,27.4,16.9,69.7,2.8,3.5,30.3,58.8,23.1,89.7,21.5,45.03161,54.96839,0.22030981,624.65,397.75,0,1,1,1
2022,44305,SB,2,73_19_9,Oklahoma,OK,0,38,0,2,1,"Rep. Pfeiffer, John [R]",1,0,0,1,0,0,0,0,0,,2020,1,0,,1,1,0.102873944,,30.3,22.8,26.4,20.4,80.4,0.9,5.6,19.6,51.6,25.3,90,18.4,34.482986,65.51701,0.151463,646.16,396.42,0,1,1,1
2022,44305,SB,2,73_19_9,Oklahoma,OK,0,39,0,2,1,"Rep. Martinez, Ryan [R]",1,0,0,1,0,0,0,1,0,1.196,2020,1,0,,1,1,0.54125684,,33.2,25.5,26,15.4,76,7.5,5.6,24,59.1,24.1,96.7,49.7,91.8832,8.1167965,0.35264155,741.9,451,0,1,1,1
2022,44305,SB,2,73_19_9,Oklahoma,OK,0,40,0,2,1,"Rep. Caldwell, Chad [R]",1,0,0,1,0,0,0,0,0,1.199,2020,1,0,,1,1,0.16157612,,34.1,28.4,22.1,15.4,67.8,2.6,16.1,32.2,45.7,30.8,83.7,18.7,98.72256,1.2774402,0.09780634,639.4,400.7,0,1,1,1
2022,44305,SB,2,73_19_9,Oklahoma,OK,0,41,0,2,1,"Rep. Crosswhite Hader, Denise [R]",1,0,0,1,0,1,0,0,0,,2020,1,0,,1,1,0.50907826,,37.1,25.8,22.4,14.5,76.7,3.2,8.5,23.3,61.1,23.2,93.4,38.8,63.050667,36.949333,0.25828668,504.85,279.9,0,1,1,1
2022,44305,SB,2,73_19_9,Oklahoma,OK,0,42,0,2,1,"Rep. Roe, Cynthia Jo [R]",1,0,0,1,0,1,0,0,0,,2020,1,0,,1,1,0.5247048,,33,24.9,25.2,16.9,75.9,1.8,9.6,24.1,53.2,24.3,86.3,17.7,39.67388,60.32612,0.12582134,555.6667,422.86667,0,1,1,1
2022,44305,SB,2,73_19_9,Oklahoma,OK,0,43,0,2,1,"Rep. Steagall, Jay W. [R]",1,0,0,1,0,0,0,0,0,,2020,13337,5043,,18380,0.45125136,0.48249835,,34.1,31,22,12.9,76.5,2.7,9.1,23.5,49.7,32,92.4,27.9,95.94989,4.0501065,0.3970742,393.9,209.5,0,1,1,1
2022,44305,SB,2,73_19_9,Oklahoma,OK,0,44,0,2,1,"Rep. Virgin, Emily [D]",0,1,0,0,1,1,0,0,0,-0.248,2020,1,0,,1,1,-0.27859756,,51.4,23,16.9,8.8,68.8,5.8,8.3,31.2,26.5,59.2,93.7,47.5,100,0,0.53983074,507.4,344.5,0,1,1,1
2022,44305,SB,2,73_19_9,Oklahoma,OK,0,45,0,2,1,"Rep. Bell, Merleyn [D]",0,1,0,0,1,1,0,0,0,-0.193,2020,9850,9224,,19074,0.032819547,-0.057503134,,38.6,29.9,20.3,11.2,70.1,5.3,8.7,29.9,47,36.5,94.1,40.2,85.79507,14.204932,0.32732213,677.4,508.2,0,1,1,1
2022,44305,SB,2,73_19_9,Oklahoma,OK,0,46,0,2,1,"Rep. Rosecrants, Jacob [D]",0,1,0,0,1,0,0,0,0,-0.031,2020,10332,10253,,20585,0.003837746,0.076545626,,33.3,29.4,20.2,17,74.4,3.2,7.2,25.6,49.7,32.2,93.5,46.7,69.82411,30.175884,0.2816075,600.8,416.8,0,1,1,1
2022,44305,SB,2,73_19_9,Oklahoma,OK,0,47,0,2,1,"Rep. Hill, Brian [R]",1,0,0,1,0,0,0,0,0,,2020,1,0,,1,1,0.49129862,,32.8,27.9,25.1,14.2,79.3,2.1,5.4,20.7,58.5,22.7,93.4,29.5,72.79488,27.20512,0.07826396,393.9,209.5,0,1,1,1
2022,44305,SB,2,73_19_9,Oklahoma,OK,0,48,0,2,1,"Rep. Townley, Tammy [R]",1,0,0,1,0,1,0,0,0,,2020,1,0,,1,1,0.25265634,,31.8,25.6,24.3,18.3,67.2,8,8.9,32.8,45.8,26.8,85.8,19.2,61.28908,38.71092,0.05643739,680.23334,486.13333,0,1,1,1
2022,44305,SB,2,73_19_9,Oklahoma,OK,0,49,0,2,1,"Rep. Hardin, Tommy C. [R]",1,0,0,1,0,0,0,0,0,1.206,2020,1,0,,1,1,0.5217889,,32.9,23.1,25.6,18.4,69.4,2,13.3,30.6,53.2,23.1,85.2,17,8.623351,91.37665,0.34473056,701.13336,502.4,0,1,1,1
2022,44305,SB,2,73_19_9,Oklahoma,OK,0,50,0,2,1,"Rep. McEntire, Marcus [R]",1,0,0,1,0,0,0,0,0,,2020,1,0,,1,1,0.5790404,,30.7,24,25.2,20,77.6,2.3,9.8,22.4,51.4,23.9,86.3,18.2,60.60367,39.39633,0.091684885,805.55,659.6,0,1,1,1
2022,44305,SB,2,73_19_9,Oklahoma,OK,0,51,0,2,1,"Rep. Boles, Brad [R]",1,0,0,1,0,0,0,0,0,1.189,2020,1,0,,1,1,0.70527947,,30.8,23.5,28.4,17.5,84.4,0.2,4.6,15.6,60.3,19.8,91.8,20.6,23.033339,76.96666,0.028985508,547.3,423.85,0,1,1,1
2022,44305,SB,2,73_19_9,Oklahoma,OK,0,52,0,2,1,"Rep. Kendrix, Gerrid [R]",1,0,0,1,0,0,0,0,0,,2020,1,0,,1,1,0.43625543,,33.7,27.4,22.7,16.4,64.3,6.6,22.6,35.7,51.2,26.4,84.7,20.1,61.12471,38.87529,0.4437764,991.7,784.9,0,1,1,1
2022,44305,SB,2,73_19_9,Oklahoma,OK,0,53,0,2,1,"Rep. McBride, Mark [R]",1,0,0,1,0,0,0,0,0,1.219,2020,1,0,,1,1,0.10872835,,35.4,31.1,21.4,12.1,72.2,4.3,8.6,27.8,56.1,27.4,93.1,31.9,76.12062,23.879381,0.25169897,507.4,344.5,0,1,1,1
2022,44305,SB,2,73_19_9,Oklahoma,OK,0,54,0,2,1,"Rep. West, Kevin [R]",1,0,0,1,0,0,0,0,0,1.343,2020,1,0,,1,1,0.24590145,,34.5,30.1,21.8,13.5,63.5,7.8,17.2,36.5,46.4,30.9,89,21.6,96.68937,3.3106308,0.3991131,624.65,397.75,0,1,1,1
2022,44305,SB,2,73_19_9,Oklahoma,OK,0,55,0,2,1,"Rep. Russ, Todd D. [R]",1,0,0,1,0,0,0,0,0,1.217,2020,11283,2861,,14144,0.5954468,0.25360167,,32,25.3,26.5,16.2,77,3.4,12.9,23,51.5,24,86.6,17.1,44.833397,55.166603,0.030367445,626.22,472.96,0,1,1,1
2022,44305,SB,2,73_19_9,Oklahoma,OK,0,56,0,2,1,"Rep. Lowe, Dick [R]",1,0,0,1,0,0,0,0,0,,2020,8680,4270,,12950,0.34054053,-0.028072525,,32.4,24.6,25.9,17.1,66,4.8,8.4,34,48.2,27.6,87.1,17.4,32.56195,67.43805,0.47317463,526.2,388.76666,0,1,1,1
2022,44305,SB,2,73_19_9,Oklahoma,OK,0,57,0,2,1,"Rep. Moore, Anthony [R]",1,0,0,1,0,0,0,0,0,,2020,10275,4328,,14603,0.4072451,-0.026516952,,39.3,25.6,21.6,13.7,70.5,2.5,16,29.5,45.3,33.5,86.8,25.1,53.64141,46.35859,0.24287003,760.5333,581.76666,0,1,1,1
2022,44305,SB,2,73_19_9,Oklahoma,OK,0,58,0,2,1,"Rep. Newton, Carl [R]",1,0,0,1,0,0,0,0,0,1.232,2020,1,0,,1,1,0.41831943,,32.9,26.3,23.3,17.6,81.4,1.9,9.9,18.6,49.3,27.1,88.3,22.1,44.451912,55.548088,0.33177066,670.04,304.48,0,1,1,1
2022,44305,SB,2,73_19_9,Oklahoma,OK,0,59,0,2,1,"Rep. Dobrinski, Mike [R]",1,0,0,1,0,0,0,0,0,,2020,1,0,,1,1,0.5844076,,32,26.3,25.9,16,75.3,2.6,14,24.7,53.9,25.3,88.1,20.7,25.564053,74.43595,0.04008016,722.46,426.44,0,1,1,1
2022,44305,SB,2,73_19_9,Oklahoma,OK,0,60,0,2,1,"Rep. Baker, Rhonda [R]",1,0,0,1,0,1,0,0,0,1.137,2020,1,0,,1,1,0.18314137,,32.5,29,25.3,13.4,64.1,3.8,16.9,35.9,47.7,28.1,84.5,19.6,44.906734,55.093266,0.25668448,393.9,209.5,0,1,1,1
2022,44305,SB,2,73_19_9,Oklahoma,OK,0,61,0,2,1,"Rep. Patzkowsky, Kenton [R]",1,0,0,1,0,0,0,0,0,,2020,1,0,,1,1,0.05892245,,36.3,24.4,24.1,15.2,57.1,2.6,34.7,42.9,53.5,28.7,79.8,24.4,28.7783,71.2217,0.10970067,778.9,438.75,0,1,1,1
2022,44305,SB,2,73_19_9,Oklahoma,OK,0,63,0,2,1,"Rep. Caldwell, Hurchel \Trey\"" T. [R]""",1,0,0,1,0,0,0,0,0,,2020,1,0,,1,1,0.4991723,,31,27.2,26,15.8,59.4,9.9,15.9,40.6,47.1,31.7,87.4,21.4,51.272606,48.727394,0.060298044,773.825,557.8,0,1,1,1
2022,44305,SB,2,73_19_9,Oklahoma,OK,0,64,0,2,1,"Rep. Worthen, Rande [R]",1,0,0,1,0,0,0,0,0,1.267,2020,4823,4080,,8903,0.08345502,0.35575292,,33.8,28.3,24.6,13.3,54.6,13.1,13.6,45.4,36.6,35.4,86.4,20.4,97.899536,2.1004667,0.122912295,600.8,416.8,0,1,1,1
2022,44305,SB,2,73_19_9,Oklahoma,OK,0,65,0,2,1,"Rep. Hasenbeck, Toni [R]",1,0,0,1,0,1,0,0,0,,2020,9850,2598,,12448,0.58258355,0.51555526,,41.4,24.5,20.8,13.2,69.4,6.9,10.2,30.6,53.8,29.2,91.1,20.7,18.75557,81.24443,0,660.25,516.05,0,1,1,1
2022,44305,SB,2,73_19_9,Oklahoma,OK,0,66,0,2,1,"Rep. Nollan, Jadine [R]",1,0,0,1,0,1,0,0,0,1.11,2020,10010,5355,,15365,0.3029613,-0.020558517,,31.7,26.4,25,16.8,74.7,3.3,5.1,25.3,49.4,27.1,88.9,24.5,99.11604,0.8839582,0.14889623,543.3,364.35,0,1,1,1
2022,44305,SB,2,73_19_9,Oklahoma,OK,0,67,0,2,1,"Rep. Boatman, Jeff [R]",1,0,0,1,0,0,0,0,0,,2020,1,0,,1,1,-0.12515157,,30.3,24.1,28.6,17.1,75.2,4.4,5.8,24.8,60.7,23.8,97,54.7,100,0,0.39853653,640.2,398,0,1,1,1
2022,44305,SB,2,73_19_9,Oklahoma,OK,0,68,0,2,1,"Rep. Sims, Lonnie [R]",1,0,0,1,0,0,0,0,0,,2020,11194,5570,,16764,0.33548078,0.3415268,,35.9,28.1,24.7,11.3,65.5,5.1,7.9,34.5,50.6,29.6,90.8,29.2,90.86736,9.132639,0.38480636,548.5,395.4,0,1,1,1
2022,44305,SB,2,73_19_9,Oklahoma,OK,0,69,0,2,1,"Rep. Dills, Sheila [R]",1,0,0,1,0,1,0,0,0,,2020,1,0,,1,1,0.09493104,,36.6,26,22.6,14.7,70.3,4.2,6.9,29.7,54.8,29.4,93.3,48.6,95.27418,4.725824,0.3849309,640.2,398,0,1,1,1
2022,44305,SB,2,73_19_9,Oklahoma,OK,0,71,0,2,1,"Rep. Brewer, Denise [D]",0,1,0,0,1,1,0,0,0,,2020,8042,6767,,14809,0.086096294,-0.12054063,,30.2,30.8,25.2,13.8,59.1,14,8.3,40.9,39.3,33.7,89.8,38.7,100,0,0.78267825,640.2,398,0,1,1,1
2022,44305,SB,2,73_19_9,Oklahoma,OK,0,72,0,2,1,"Rep. Nichols, Monroe [D]",0,1,0,0,1,0,1,0,0,-0.227,2020,1,0,,1,1,-0.46752423,,40.9,27.2,21.7,10.1,37,23.9,24.3,63,34.4,42.8,76.9,12.4,99.028076,0.9719222,0.46878487,640.2,398,0,1,1,1
2022,44305,SB,2,73_19_9,Oklahoma,OK,0,74,0,2,1,"Rep. Vancuren, Mark [R]",1,0,0,1,0,0,0,0,0,,2020,1,0,,1,1,0.68167627,,35.6,26.7,25.2,12.7,75.8,3.8,5,24.2,58.1,24.7,95.4,34.7,91.99789,8.002114,0.27823448,540,368.9,0,1,1,1
2022,44305,SB,2,73_19_9,Oklahoma,OK,0,75,0,2,1,"Rep. Marti, Thomas \T J\"" [R]""",1,0,0,1,0,0,0,0,0,,2020,1,0,,1,1,-0.034927197,,39.4,29.4,21.4,9.8,46.6,9.6,30.4,53.4,48,32.4,86.6,27,99.52532,0.474675,0.13214196,640.2,398,0,1,1,1
2022,44305,SB,2,73_19_9,Oklahoma,OK,0,76,0,2,1,"Rep. Ford, Ross [R]",1,0,0,1,0,0,0,0,0,,2020,1,0,,1,1,0.2069929,,34.4,26.2,24.2,15.3,67.4,6.5,9.7,32.6,57,26.9,95.1,32.5,98.9174,1.0826042,0.12736945,640.2,398,0,1,1,1
2022,44305,SB,2,73_19_9,Oklahoma,OK,0,77,0,2,1,"Rep. Waldron, John [D]",0,1,0,0,1,0,0,0,0,,2020,1,0,,1,1,0.0979371,,36.2,28.2,22.7,12.9,46.1,9.3,29.5,53.9,38.8,36.2,79.9,13.5,97.05157,2.9484348,0.61054444,640.2,398,0,1,1,1
2022,44305,SB,2,73_19_9,Oklahoma,OK,0,78,0,2,1,"Rep. Blancett, Meloyde [D]",0,1,0,0,1,1,0,0,0,-0.276,2020,9315,6461,,15776,0.18090771,0.16839032,,30.4,30.9,22.9,15.9,62.9,9.7,15.3,37.1,40.5,34.4,89.4,30.7,100,0,0.48921907,640.2,398,0,1,1,1
2022,44305,SB,2,73_19_9,Oklahoma,OK,0,79,0,2,1,"Rep. Provenzano, Melissa [D]",0,1,0,0,1,1,0,0,0,,2020,8301,7721,,16022,0.036200225,0.245674,,31.1,28.6,21.8,18.5,58.8,14.2,12.3,41.2,39.8,35.6,93.6,36.9,100,0,0.6155912,640.2,398,0,1,1,1
2022,44305,SB,2,73_19_9,Oklahoma,OK,0,80,0,2,1,"Rep. May, Stan [R]",1,0,0,1,0,0,0,0,0,,2020,1,0,,1,1,0.52524024,,33.4,26.8,25.2,14.5,76.1,2.9,7.1,23.9,59.8,23.1,95,35.3,81.831276,18.168726,0.04054328,640.2,398,0,1,1,1
2022,44305,SB,2,73_19_9,Oklahoma,OK,0,81,0,2,1,"Rep. Osburn, Mike [R]",1,0,0,1,0,0,0,0,0,1.129,2020,10705,6461,,17166,0.2472329,0.49047273,,40.2,24.7,20.6,14.5,75.2,4.6,8.3,24.8,47,37.4,97.1,50.8,99.981285,0.018718412,0.32839623,741.9,451,0,1,1,1
2022,44305,SB,2,73_19_9,Oklahoma,OK,0,82,0,2,1,"Rep. Miller, Nicole [R]",1,0,0,1,0,1,0,0,0,,2020,1,0,,1,1,-0.068704545,,34.6,31.4,21.7,12.3,67.7,10.2,6,32.3,62.5,23,97.8,60,98.5468,1.453202,0,741.9,451,0,1,1,1
2022,44305,SB,2,73_19_9,Oklahoma,OK,0,83,0,2,1,"Rep. Roberts, Eric Van [R]",1,0,0,1,0,0,0,0,0,,2020,10655,9886,,20541,0.03743732,0.19543569,,32.4,33.4,21.5,12.8,60,17.7,7.2,40,44.5,34.3,95.8,49.6,100,0,0.38869455,741.9,451,0,1,1,1
2022,44305,SB,2,73_19_9,Oklahoma,OK,0,84,0,2,1,"Rep. West, Tammy [R]",1,0,0,1,0,1,0,0,0,1.097,2020,1,0,,1,1,0.19344981,,37,27,20.4,15.5,49.3,10.1,28.9,50.7,41.5,35.6,85.5,24.6,100,0,0.42125288,741.9,451,0,1,1,1
2022,44305,SB,2,73_19_9,Oklahoma,OK,0,85,0,2,1,"Rep. Munson, Cyndi [D]",0,1,0,0,1,1,0,0,0,-0.178,2020,11037,8543,,19580,0.12737487,-0.13635583,,23.7,31.2,25.6,19.6,71.8,9.7,5.9,28.2,46.3,32.3,95.7,52.6,100,0,0.76865286,741.9,451,0,1,1,1
2022,44305,SB,2,73_19_9,Oklahoma,OK,0,86,0,2,1,"Rep. Hardin, David [R]",1,0,0,1,0,0,0,0,0,,2020,1,0,,1,1,0.44436973,,33.4,23.3,25.5,17.7,43.9,0.6,6.1,56.1,49.9,25.6,82.8,14.2,12.604051,87.39595,0.054632016,492.9,420.2,0,1,1,1
2022,44305,SB,2,73_19_9,Oklahoma,OK,0,87,0,2,1,"Rep. Walke, Collin [D]",0,1,0,0,1,0,0,0,0,-0.333,2020,8333,5501,,13834,0.20471303,-0.40687692,,31.4,33.7,22.1,12.6,52.2,12.2,22.9,47.8,38.2,39.1,85.2,27.6,100,0,0.77641636,741.9,451,0,1,1,1
2022,44305,SB,2,73_19_9,Oklahoma,OK,0,88,0,2,1,"Rep. Turner, Mauree [D]",0,1,1,0,1,1,1,0,0,,2020,9610,3856,,13466,0.42729837,-0.31449568,,30.6,38.7,20.8,9.9,62.6,6.2,17.6,37.4,35,45.7,87.3,40.1,100,0,1.2167444,741.9,451,0,1,1,1
2022,44305,SB,2,73_19_9,Oklahoma,OK,0,89,0,2,1,"Rep. Cruz, Jose [D]",0,1,0,0,1,0,0,1,0,,2020,2606,1317,,3923,0.32857507,-0.12653817,,44.9,26.4,20.9,7.8,22.2,4.3,68,77.8,40.2,36.4,53.4,4.6,100,0,0.110895485,741.9,451,0,1,1,1
2022,44305,SB,2,73_19_9,Oklahoma,OK,0,90,0,2,1,"Rep. Echols, Jon [R]",1,0,0,1,0,0,0,0,0,,2020,7055,4336,,11391,0.23869722,0.28636333,,37.6,29.5,22.2,10.9,46.3,9.3,30.1,53.7,41.2,36.1,77.1,18.1,97.73416,2.2658403,0.7226092,624.65,397.75,0,1,1,1
2022,44305,SB,2,73_19_9,Oklahoma,OK,0,92,0,2,1,"Rep. Bennett, Forrest [D]",0,1,0,0,1,0,0,0,0,-0.334,2020,1,0,,1,1,-0.016170662,,39.7,30.2,23.7,6.3,30.7,10.6,48.9,69.3,34.7,42,66.4,9.4,100,0,0.19250083,741.9,451,0,1,1,1
2022,44305,SB,2,73_19_9,Oklahoma,OK,0,93,0,2,1,"Rep. Dollens, Mickey [D]",0,1,0,0,1,0,0,0,0,0.04,2020,4475,3304,,7779,0.15053348,0.49105492,,39.2,26.7,20.9,13.2,36.8,8.5,45.1,63.2,40.3,34.2,76.2,7.6,100,0,0.1333895,741.9,451,0,1,1,1
2022,44305,SB,2,73_19_9,Oklahoma,OK,0,94,0,2,1,"Rep. Fugate, Andy [D]",0,1,0,0,1,0,0,0,0,,2020,6984,4724,,11708,0.1930304,0.33470455,,35,28.9,21.2,14.8,47.9,25.9,12.3,52.1,41.5,35.2,87.2,19.3,100,0,0.28666666,741.9,451,0,1,1,1
2022,44305,SB,2,73_19_9,Oklahoma,OK,0,95,0,2,1,"Rep. Wolfley, Max [R]",1,0,0,1,0,0,0,0,0,,2020,6444,6135,,12579,0.02456475,0.22956164,,36,27.7,21.6,14.7,62.8,18.5,6.8,37.2,42.8,34,91.5,25.7,94.42303,5.5769744,0.49877015,624.65,397.75,0,1,1,1
2022,44305,SB,2,73_19_9,Oklahoma,OK,0,97,0,2,1,"Rep. Lowe, Jason [D]",0,1,0,0,1,0,1,0,0,0.061,2020,11462,4607,,16069,0.4265978,0.04634474,,30.4,22.2,28.3,19.2,34.7,50.7,5.3,65.3,40.5,32.9,91.6,24.7,76.036415,23.963581,0.5286516,741.9,451,0,1,1,1
2022,44305,SB,2,73_19_9,Oklahoma,OK,0,98,0,2,1,"Rep. Davis, Dean F. [R]",1,0,0,1,0,0,0,0,0,,2020,1,0,,1,1,0.5868547,,32,27.5,23.7,16.9,69.2,4,10.3,30.8,58.7,23.6,93.3,31.2,95.31765,4.6823516,0.19749387,442.75,283.1,0,1,1,1
2022,44305,SB,2,73_19_9,Oklahoma,OK,0,99,0,2,1,"Rep. Pittman, Ajay [D]",0,1,0,0,1,0,0,0,1,-0.142,2020,1,0,,1,1,-0.45594093,,34.6,32,22.7,10.9,28.9,49.3,9.9,71.1,25,50.2,89.8,27.7,100,0,0.43535766,741.9,451,0,1,1,1
2022,44305,SB,2,73_19_9,Oklahoma,OK,0,100,0,2,1,"Rep. Stark, Marilyn [R]",1,0,0,1,0,1,0,0,0,,2020,8860,7226,,16086,0.10157901,0.002448167,,31.6,30.2,22.9,15.4,58.9,17.9,10.7,41.1,49,31,92.3,33.6,100,0,0.33864543,741.9,451,0,1,1,1
2022,44305,SB,2,73_19_9,Oklahoma,OK,0,101,0,2,1,"Rep. Manger, Robert [R]",1,0,0,1,0,0,0,0,0,,2020,12137,6127,815,19079,0.31500602,0.6480353,,32.1,24.2,25.3,18.2,69.5,12.9,5.1,30.5,54.2,23.9,92.9,27.4,82.98747,17.012527,0.1588352,741.9,451,0,1,1,1
2022,44256,SB,2,38_8_1,Oklahoma,OK,1,1,0,4,1,"Sen. Bergstrom, Micheal [R]",1,0,0,1,0,0,0,0,0,1.166,2020,1,0,,1,1,0.44593602,,30.6,22.3,26.5,20.4,63,1.1,4.2,37,51,24.7,85.7,15.4,28.184362,71.815636,0.12133468,541.85,449.425,0,1,1,1
2022,44256,SB,2,38_8_1,Oklahoma,OK,1,2,0,4,1,"Sen. Quinn, Marty [R]",1,0,0,1,0,0,0,0,0,1.247,2018,18260,10722,,28982,0.26009247,0.5598772,,32.2,24.8,26.5,16.6,70.3,1,5.5,29.7,56.6,23.4,92.7,25,42.28157,57.71843,0.15110597,557.93335,415.3,0,1,1,1
2022,44256,SB,2,38_8_1,Oklahoma,OK,1,3,0,4,1,"Sen. Stephens, Blake Cowboy [R]",1,0,0,1,0,0,0,0,0,,2020,22988,5929,,28917,0.5899298,0.10278978,,31.4,22.5,26,20.1,55.4,0.6,5.2,44.6,52.8,23.4,85.4,17,26.771786,73.22822,0.09120567,415.325,324.25,0,1,1,1
2022,44256,SB,2,38_8_1,Oklahoma,OK,1,4,0,4,1,"Sen. Allen, Mark [R]",1,0,0,1,0,0,0,0,0,1.457,2018,13189,7703,,20892,0.26258856,0.3306452,,32.6,23.7,25.9,17.9,66.8,1.9,5.3,33.2,49.9,23.8,83.7,14.6,35.204697,64.7953,0.18675429,455.775,379.175,0,1,1,1
2022,44256,SB,2,38_8_1,Oklahoma,OK,1,5,0,4,1,"Sen. Burns, George H. [R]",1,0,0,1,0,0,0,0,0,,2020,21746,5855,,27601,0.57574,0.28622168,,31.7,23.5,25.4,19.4,63.3,6.2,6.2,36.7,51.3,24.5,83,14.5,21.212212,78.78779,0.17262809,597.43335,495.83334,0,1,1,1
2022,44256,SB,2,38_8_1,Oklahoma,OK,1,6,0,4,1,"Sen. Bullard, David [R]",1,0,0,1,0,0,0,0,0,,2018,14396,7444,,21840,0.31831503,0.27066305,,32.6,23.7,24.7,18.9,69.1,1.7,8,30.9,50.6,25.3,85.5,20.2,22.846697,77.153305,0.13647328,607.72,546.22,0,1,1,1
2022,44256,SB,2,38_8_1,Oklahoma,OK,1,7,0,4,1,"Sen. Hamilton, Warren [R]",1,0,0,1,0,0,0,0,0,,2020,18062,6085,,24147,0.49600366,0.29286078,,30.4,24,25.4,20,67.3,2,5,32.7,52.9,22.7,86.4,17.2,33.994286,66.005714,0.08517307,651.4,561.48,0,1,1,1
2022,44256,SB,2,38_8_1,Oklahoma,OK,1,8,0,4,1,"Sen. Thompson, Roger [R]",1,0,0,1,0,0,0,0,0,1.004,2018,12827,8270,765,21862,0.20844388,0.18821383,,31.4,22.3,25.6,20.5,63.9,5.9,3.8,36.1,47.3,26.9,85.9,13.6,37.0865,62.9135,0.15618493,574,472,0,1,1,1
2022,44256,SB,2,38_8_1,Oklahoma,OK,1,9,0,4,1,"Sen. Pemberton, Dewayne [R]",1,0,0,1,0,0,0,0,0,1.041,2020,15719,11333,,27052,0.16213219,0.26225138,,36.2,25.3,22.8,15.7,49.6,9,8.1,50.4,42.9,33,86.3,23,57.996212,42.003788,0.08030446,568.75,442.15,0,1,1,1
2022,44256,SB,2,38_8_1,Oklahoma,OK,1,10,0,4,1,"Sen. Coleman, Bill [R]",1,0,0,1,0,0,0,0,0,,2018,1,0,,1,1,0.22164778,,31.2,23.5,26.2,19,71.4,2.1,5.6,28.6,52.9,24.7,88.7,19.4,22.425081,77.57492,0.21826729,598.1667,385.5,0,1,1,1
2022,44256,SB,2,38_8_1,Oklahoma,OK,1,11,0,4,1,"Sen. Matthews, Kevin L. [D]",0,1,0,0,1,0,1,0,0,-0.318,2020,1,0,,1,1,-0.21406446,,36.8,28,22.8,12.4,29.1,36,20.7,70.9,32.9,42.2,79.3,13.7,98.626495,1.3735062,0.30350602,543.3,364.35,0,1,1,1
2022,44256,SB,2,38_8_1,Oklahoma,OK,1,12,0,4,1,"Sen. Leewright, James [R]",1,0,0,1,0,0,0,0,0,1.249,2018,18581,6425,,25006,0.48612332,0.3793983,,32.4,24.4,26.8,16.5,74.1,2.2,4.7,25.9,52,25.2,89.3,16.9,44.270237,55.729763,0.5282282,548.5,395.4,0,1,1,1
2022,44256,SB,2,38_8_1,Oklahoma,OK,1,13,0,4,1,"Sen. McCortney, Greg [R]",1,0,0,1,0,0,0,0,0,1.097,2020,1,0,,1,1,0.3901767,,33.8,25.1,23.6,17.6,67.5,2.5,6.8,32.5,47.2,29.2,87.5,21.6,44.247383,55.752617,0.21269177,563.16,451.16,0,1,1,1
2022,44256,SB,2,38_8_1,Oklahoma,OK,1,14,0,4,1,"Sen. Simpson, Frank [R]",1,0,0,1,0,0,0,0,0,1.171,2018,16089,6806,,22895,0.4054597,0.34328622,,32.5,24.4,25.2,17.9,69.3,4.7,8.7,30.7,48.8,25.4,86.5,19.3,36.741104,63.258896,0.100945525,607.42,445.52,0,1,1,1
2022,44256,SB,2,38_8_1,Oklahoma,OK,1,15,0,4,1,"Sen. Standridge, Rob [R]",1,0,0,1,0,0,0,0,0,1.26,2020,24436,15680,,40116,0.21826702,0.027481584,,35.7,26.7,23.7,13.7,72,5.4,8.5,28,50.7,32.2,91.5,35.9,63.118755,36.881245,0.26752618,507.4,344.5,0,1,1,1
2022,44256,SB,2,38_8_1,Oklahoma,OK,1,16,0,4,1,"Sen. Boren, Mary B. [D]",0,1,0,0,1,1,0,0,0,,2018,15527,9157,,24684,0.25806192,0.1826278,,39.7,27.9,20.7,11.7,70.7,5.7,7,29.3,38.8,43.9,92.5,38.3,79.00196,20.998041,0.30302113,507.4,344.5,0,1,1,1
2022,44256,SB,2,38_8_1,Oklahoma,OK,1,17,0,4,1,"Sen. Jett, Shane David [R]",1,0,0,1,0,0,0,0,0,1.049,2020,25395,7819,,33214,0.52917445,0.21891667,,33.2,24.3,25.9,16.5,74.3,3.5,5.4,25.7,51.4,26.1,90.3,25.4,52.014988,47.985012,0.21936287,618.36664,431,0,1,1,1
2022,44256,SB,2,38_8_1,Oklahoma,OK,1,18,0,4,1,"Sen. David, Kim [R]",1,0,0,1,0,1,0,0,0,1.209,2018,17038,8707,,25745,0.3235968,0.25872466,,31.7,25.7,26.5,16.2,67.2,3.1,5.3,32.8,54,23.1,90,21.6,46.48509,53.51491,0.3150451,567.9,330.25,0,1,1,1
2022,44256,SB,2,38_8_1,Oklahoma,OK,1,19,0,4,1,"Sen. Pederson, Roland [R]",1,0,0,1,0,0,0,0,0,1.124,2020,1,0,,1,1,0.34282055,,33.3,26.3,23.2,17.3,75.2,2.3,11.7,24.8,50.6,27.4,87.5,22.1,68.04629,31.95371,0.19167669,720.125,408.5,0,1,1,1
2022,44256,SB,2,38_8_1,Oklahoma,OK,1,20,0,4,1,"Sen. Hall, Chuck [R]",1,0,0,1,0,0,0,0,0,,2018,19023,8118,,27141,0.40179065,0.296482,,33,23.5,26.7,16.9,77.5,4.8,6.7,22.5,53.4,26.3,90.6,25.6,58.712074,41.287926,0.18229079,519.78,327.46,0,1,1,1
2022,44256,SB,2,38_8_1,Oklahoma,OK,1,21,0,4,1,"Sen. Dugger, Tom J. [R]",1,0,0,1,0,0,0,0,0,1.028,2020,18774,10577,,29351,0.27927497,0.3682326,,45.8,23.9,17.6,12.5,76.7,3.8,4.8,23.3,40.1,45.6,92,37.8,70.45135,29.548653,0.13121207,446.05,334.35,0,1,1,1
2022,44256,SB,2,38_8_1,Oklahoma,OK,1,23,0,4,1,"Sen. Paxton, Lonnie [R]",1,0,0,1,0,0,0,0,0,1.035,2020,1,0,,1,1,0.374219,,32.3,26.2,26.5,15.1,76.4,3.4,8.6,23.6,52.7,25.9,88.7,21.9,56.316216,43.683784,0.12832518,429.45,275.5,0,1,1,1
2022,44256,SB,2,38_8_1,Oklahoma,OK,1,24,0,4,1,"Sen. Weaver, Darrell [R]",1,0,0,1,0,0,0,0,0,,2018,17573,10097,,27670,0.2701843,0.4063266,,34.5,29.5,22.8,13.1,69.6,5.2,10.5,30.4,53.6,28.3,92.2,28.9,58.44478,41.55522,0.31926104,507.4,344.5,0,1,1,1
2022,44256,SB,2,38_8_1,Oklahoma,OK,1,25,0,4,1,"Sen. Newhouse, Joe [R]",1,0,0,1,0,0,0,0,0,1.364,2020,1,0,,1,1,0.33822936,,32.3,26.6,25.1,15.9,69.7,5.9,10.2,30.3,56.1,25.8,94.4,43.8,99.097244,0.90275294,0.40635613,640.2,398,0,1,1,1
2022,44256,SB,2,38_8_1,Oklahoma,OK,1,26,0,4,1,"Sen. Jech, Darcy A. [R]",1,0,0,1,0,0,0,0,0,1.085,2018,1,0,,1,1,0.66141534,,32.6,26.1,25.1,16.4,67.6,2.8,13.3,32.4,48.9,26.8,85.2,16.9,39.17122,60.82878,0.28105268,638.06,414.68,0,1,1,1
2022,44256,SB,2,38_8_1,Oklahoma,OK,1,28,0,4,1,"Sen. Taylor, Zack [R]",1,0,0,1,0,0,0,0,0,1.235,2020,5681,3197,698,9576,0.2593985,0.37566513,,32.8,23.4,26.2,17.5,75.8,2.6,4.3,24.2,52.8,24,87.3,15.3,18.584637,81.41537,0.11615989,550.04,402.76,0,1,1,1
2022,44256,SB,2,38_8_1,Oklahoma,OK,1,29,0,4,1,"Sen. Daniels, Julie J. [R]",1,0,0,1,0,1,0,0,0,1.276,2020,1,0,,1,1,0.4505215,,32.4,23.5,25.6,18.5,70.3,2,5.2,29.7,52.7,24.1,90.6,24.4,67.52906,32.470943,0.2817084,598.23334,466.1,0,1,1,1
2022,44256,SB,2,38_8_1,Oklahoma,OK,1,30,0,4,1,"Sen. Kirt, Julia [D]",0,1,0,0,1,1,0,0,0,,2018,12245,10260,,22505,0.088202626,0.34632385,,35.3,30.5,21.1,13.1,52.1,12.7,24.4,47.9,41.6,37.8,85.4,30.6,100,0,0.5967366,741.9,451,0,1,1,1
2022,44256,SB,2,38_8_1,Oklahoma,OK,1,31,0,4,1,"Sen. Kidd, Chris [R]",1,0,0,1,0,0,0,0,0,1.055,2020,1,0,,1,1,0.59188104,,32.9,25.7,25.7,15.7,63.3,10.1,12.3,36.7,47.8,29.7,87.5,20.3,48.835796,51.164204,0.075498834,752.82,587.44,0,1,1,1
2022,44256,SB,2,38_8_1,Oklahoma,OK,1,32,0,4,1,"Sen. Montgomery, John Michael [R]",1,0,0,1,0,0,0,0,0,1.138,2018,8439,6867,,15306,0.10270482,0.2960971,,37.9,29.9,20,12.4,54.6,15.4,14.5,45.4,43.5,33.3,91.5,24.3,88.766975,11.2330265,0.12233351,600.8,416.8,0,1,1,1
2022,44256,SB,2,38_8_1,Oklahoma,OK,1,33,0,4,1,"Sen. Dahm, Nathan [R]",1,0,0,1,0,0,0,0,0,1.687,2020,1,0,,1,1,-0.034599185,,34.3,27.6,23.4,14.6,67,7.3,9.9,33,51.1,29.5,94.4,32,100,0,0.24308819,640.2,398,0,1,1,1
2022,44256,SB,2,38_8_1,Oklahoma,OK,1,34,0,4,1,"Sen. Dossett, Jo Anna [D]",0,1,0,0,1,0,0,0,0,,2018,1,0,,1,1,0.26907477,,37.2,27.2,22.5,13.3,61,6.7,14.7,39,50.5,28.2,87.8,22.9,84.112045,15.887955,0.15419705,640.2,398,0,1,1,1
2022,44256,SB,2,38_8_1,Oklahoma,OK,1,35,0,4,1,"Sen. Dossett, J.J. [D]",0,1,0,0,1,1,0,0,0,-0.007,2020,18324,17677,,36001,0.017971722,0.08458669,,31.6,27.8,24.6,16.2,66.3,9.7,7.5,33.7,42.9,34.9,92.2,47.1,100,0,0.65452474,640.2,398,0,1,1,1
2022,44256,SB,2,38_8_1,Oklahoma,OK,1,36,0,4,1,"Sen. Haste, John [R]",1,0,0,1,0,0,0,0,0,,2018,14301,8704,,23005,0.24329494,0.31086126,,36.2,28.5,22.3,13,53.6,8.4,23.2,46.4,53.1,29.3,88.3,27.6,92.15503,7.844973,0.1505397,442.75,283.1,0,1,1,1
2022,44256,SB,2,38_8_1,Oklahoma,OK,1,37,0,4,1,"Sen. Rogers, Cody [R]",1,0,0,1,0,0,0,0,0,,2020,22693,11141,,33834,0.3414317,0.31343675,,34,26.8,24.9,14.3,69.4,4.1,6.4,30.6,51.7,26.9,89.2,26.2,83.59687,16.40313,0.2778035,640.2,398,0,1,1,1
2022,44256,SB,2,38_8_1,Oklahoma,OK,1,38,0,4,1,"Sen. Howard, Brent [R]",1,0,0,1,0,0,0,0,0,,2018,13891,7425,,21316,0.30334023,0.39435023,,35.4,25.8,23.2,15.6,68.2,4.7,19,31.8,49.7,28.5,86.4,21.9,52.241203,47.758797,0.32201207,868.8143,681.0143,0,1,1,1
2022,44256,SB,2,38_8_1,Oklahoma,OK,1,39,0,4,1,"Sen. Rader, Dave [R]",1,0,0,1,0,0,0,0,0,1.147,2020,20493,16889,,37382,0.096410036,0.3599568,,28.7,28,25.6,17.7,69,7.7,10.8,31,44,31.1,92.5,40.5,100,0,0.66513246,640.2,398,0,1,1,1
2022,44256,SB,2,38_8_1,Oklahoma,OK,1,40,0,4,1,"Sen. Hicks, Carri [D]",1,0,0,0,1,1,0,0,0,,2018,15572,10426,945,26943,0.19099581,0.18721204,,30.5,32.5,22.7,14.3,60.2,10.4,16.5,39.8,39.5,38.2,88.5,36.5,100,0,0.9506629,741.9,451,0,1,1,1
2022,44256,SB,2,38_8_1,Oklahoma,OK,1,41,0,4,1,"Sen. Pugh, Adam [R]",1,0,0,1,0,0,0,0,0,1.097,2020,1,0,,1,1,0.45233703,,36.4,23.1,25.1,15.4,77,5.6,6.5,23,57.7,28.1,96.7,55.4,88.23095,11.769053,0.32140428,741.9,451,0,1,1,1
2022,44256,SB,2,38_8_1,Oklahoma,OK,1,42,0,4,1,"Sen. Stanley, Brenda [R]",1,0,0,1,0,1,0,0,0,,2018,12025,10222,1528,23775,0.075835966,0.39150867,,34,27.8,22,16,61.2,19.4,7.6,38.8,44.8,31.5,91.4,23.3,84.38082,15.619178,0.30595362,741.9,451,0,1,1,1
2022,44256,SB,2,38_8_1,Oklahoma,OK,1,43,0,4,1,"Sen. Garvin, Jessica [R]",1,0,0,1,0,1,0,0,0,,2020,30383,6588,,36971,0.64361256,0.23141034,,31.8,24.3,26.5,17.5,79.2,1.2,8.1,20.8,57.4,21.7,88.3,20.6,99.677666,0.3223377,0.038758438,552.32,423.26,0,1,1,1
2022,44256,SB,2,38_8_1,Oklahoma,OK,1,44,0,4,1,"Sen. Brooks, Michael [D]",0,1,0,0,1,0,0,0,0,-1.113,2018,1,0,,1,1,0.2636681,,37,29.4,21.7,12.1,46.1,8.3,33.1,53.9,38.7,36.1,79.2,15.3,100,0,0.18440905,567.9,330.25,0,1,1,1
2022,44256,SB,2,38_8_1,Oklahoma,OK,1,45,0,4,1,"Sen. Rosino, Paul [R]",1,0,0,1,0,0,0,0,0,1.115,2020,23352,11373,,34725,0.3449676,0.31534553,,33.6,27.9,24.2,14.2,65.4,7.6,13.2,34.6,50,28,89.4,26.3,95.92625,4.0737505,0.4008965,547.73334,335,0,1,1,1
2022,44256,SB,2,38_8_1,Oklahoma,OK,1,46,0,4,1,"Sen. Floyd, Kay [D]",0,1,1,0,1,1,0,0,0,-0.247,2018,1,0,,1,1,0.050523225,,38.8,31,22.2,8.1,33.8,5.5,52.3,66.2,40.5,39.5,67.7,19.6,100,0,0.39473686,741.9,451,0,1,1,1
2022,44256,SB,2,38_8_1,Oklahoma,OK,1,47,0,4,1,"Sen. Treat, Greg [R]",1,0,0,1,0,0,0,0,0,1.303,2020,26647,19732,,46379,0.14909765,0.4048625,,30.4,30.4,23.2,16,64.2,13.3,6.3,35.8,53.3,27.6,96,48.2,99.29144,0.7085577,0.18158029,741.9,451,0,1,1,1
2022,44256,SB,2,38_8_1,Oklahoma,OK,1,48,0,4,1,"Sen. Young, George E. [D]",0,1,0,0,1,0,1,0,0,-0.365,2018,19385,4285,,23670,0.6379383,-0.103975765,,32.5,28.5,24.2,14.6,29.6,50.9,8.4,70.4,30.2,42.7,90.3,24.4,90.78171,9.218291,0.44335386,741.9,451,0,1,1,1
2022,44663,HB ,972,115_84_1,Pennsylvania,PA,0,1,0,2,1,"Rep. Harkins, Patrick J. [D]",0,1,0,0,1,0,0,0,0,-0.555,2020,1,0,,1,1,-0.15864155,,34.6,27.3,24.8,13.3,66.8,20.9,10,33.2,34.2,44.4,84.4,17.6,100,0,0.37387943,386.7,79.6,0,0,0,0
2022,44663,HB ,972,115_84_1,Pennsylvania,PA,0,2,0,2,1,"Rep. Merski, Robert E. [D]",0,1,0,0,1,0,0,0,0,,2020,1,0,,1,1,-0.344639,,32.2,26.1,23.8,17.9,84.9,6.2,4.7,15.1,38.9,40.7,91.4,28.7,96.97125,3.0287457,0.35162026,386.7,79.6,0,0,0,0
2022,44663,HB ,972,115_84_1,Pennsylvania,PA,0,3,0,2,1,"Rep. Bizzarro, Ryan A. [D]",0,1,0,0,1,0,0,0,0,-0.446,2020,22219,13985,,36204,0.22743343,-0.26003206,,29.2,23.3,27.2,20.4,92.3,2.6,1.6,7.7,51.5,29.8,95.9,42.8,81.704475,18.295527,0.03477589,386.7,79.6,0,0,0,0
2022,44663,HB ,972,115_84_1,Pennsylvania,PA,0,4,0,2,1,"Rep. Sonney, Curtis G. [R]",1,0,0,1,0,0,0,0,0,0.714,2020,1,0,,1,1,0.075811975,,30.6,21.1,28.5,19.6,94,1.3,2.2,6,53.3,27.7,92.6,24.1,55.505543,44.494457,0.21616948,386.7,79.6,0,0,0,0
2022,44663,HB ,972,115_84_1,Pennsylvania,PA,0,5,0,2,1,"Rep. Jozwiak, Barry J. [R]",1,0,0,1,0,0,0,0,0,0.668,2020,23291,10112,,33403,0.3945454,0.14701244,,27.6,23.8,31,17.4,92.9,2,6.8,7.1,55.4,27.7,90,22.1,48.656693,51.343307,0.085895896,386.7,79.6,0,0,0,0
2022,44663,HB ,972,115_84_1,Pennsylvania,PA,0,6,0,2,1,"Rep. Roae, Bradley \Brad\"" T. [R]""",1,0,0,1,0,0,0,0,0,0.991,2020,21285,11286,,32571,0.3069909,0.23965482,,29.2,22.4,28.3,20.1,94,1.9,1.8,6,53.7,27.1,92.9,26.8,44.176067,55.823933,0.23361662,456.4,107.4,0,0,0,0
2022,44663,HB ,972,115_84_1,Pennsylvania,PA,0,7,0,2,1,"Rep. Longietti, Mark A. [D]",0,1,0,0,1,0,0,0,0,-0.37,2020,1,0,,1,1,-0.2892,,27.6,20.9,28.3,23.1,86.7,9.4,1.9,13.3,48,28.6,89.5,22.3,74.66166,25.33834,0.074900754,397.6,129.1,0,0,0,0
2022,44663,HB ,972,115_84_1,Pennsylvania,PA,0,8,0,2,1,"Rep. Bonner, Timothy \Tim\"" R. [R]""",1,0,0,1,0,0,0,0,0,,2020,23838,7883,,31721,0.5029791,0.33181158,,30.4,21.2,28.9,19.5,95.6,1.8,1.2,4.4,51.2,29.9,92.1,25.8,41.508846,58.491154,0.1349234,468.65,122.7,0,0,0,0
2022,44663,HB ,972,115_84_1,Pennsylvania,PA,0,9,0,2,1,"Rep. Sainato, Christopher \Chris\"" [D]""",1,0,0,0,1,0,0,0,0,-0.354,2020,15180,12030,2940,30150,0.104477614,-0.22689006,,27,22.9,27.3,22.7,90.6,4.9,1.8,9.4,49.3,27.9,92,23.1,65.62141,34.378593,0.11106263,537.6,108.35,0,0,0,0
2022,44663,HB ,972,115_84_1,Pennsylvania,PA,0,10,0,2,1,"Rep. Bernstine, Aaron Joseph [R]",1,0,0,1,0,0,0,0,0,0.695,2020,15009,10032,4100,29141,0.1707903,0.0566956,,33.7,20.9,26.7,18.6,90.7,5,1.3,9.3,42.7,36.3,91.7,21.3,52.516693,47.483307,0.30376166,557.35,117.8,0,0,0,0
2022,44663,HB ,972,115_84_1,Pennsylvania,PA,0,11,0,2,1,"Rep. Mustello, Marci [R]",1,0,0,1,0,1,0,0,0,,2020,22956,9043,,31999,0.43479484,0.31970784,,25.5,22.7,30.6,21,95.1,1.7,1.6,4.9,49.6,29.7,94.2,24.2,65.469284,34.530716,0.22166805,539.7,116.3,0,0,0,0
2022,44663,HB ,972,115_84_1,Pennsylvania,PA,0,12,0,2,1,"Rep. Metcalfe, Daryl D. [R]",1,0,0,1,0,0,0,0,0,1.309,2020,26909,16724,,43633,0.23342425,0.20135573,,28.1,25.8,29.9,16.3,94.5,0.8,2.1,5.5,65.3,21.3,97.2,54.8,70.74563,29.25437,0.22178125,539.7,116.3,0,0,0,0
2022,44663,HB ,972,115_84_1,Pennsylvania,PA,0,13,0,2,1,"Rep. Lawrence, John Adda [R]",1,0,0,1,0,0,0,0,0,0.777,2020,20247,14097,,34344,0.17907058,-0.027407376,,36.5,21.6,27.6,14.4,88.3,4.4,15.2,11.7,57.7,28.6,86.9,37.6,68.608116,31.391884,0.03785728,520,80.6,0,0,0,0
2022,44663,HB ,972,115_84_1,Pennsylvania,PA,0,14,0,2,1,"Rep. Marshall, James \Jim\"" E. [R]""",1,0,0,1,0,0,0,0,0,0.404,2020,24961,10878,,35839,0.39295182,0.22880673,,26.3,22.3,28.1,23,95.5,1.6,1,4.5,55.8,25.7,95,29.3,77.32083,22.679169,0.09618468,500.2,97.4,0,0,0,0
2022,44663,HB ,972,115_84_1,Pennsylvania,PA,0,15,0,2,1,"Rep. Kail, Joshua Daniel [R]",1,0,0,1,0,0,0,0,0,,2020,24558,10102,,34660,0.4170802,0.2581224,,25.7,21.6,32,20.8,95.7,1.2,1.2,4.3,59.8,22.9,94.2,27.6,79.86856,20.13144,0.3073296,461,97.65,0,0,0,0
2022,44663,HB ,972,115_84_1,Pennsylvania,PA,0,16,0,2,1,"Rep. Matzie, Robert F. [D]",0,1,0,0,1,0,0,0,0,-0.494,2020,19101,14891,,33992,0.12385267,0.21399902,,25.9,24.6,29,20.4,85,9.3,2.4,15,46.9,31,93.1,23.9,94.192825,5.8071766,0.13472182,500.2,97.4,0,0,0,0
2022,44663,HB ,972,115_84_1,Pennsylvania,PA,0,17,0,2,1,"Rep. Wentling, Parke [R]",1,0,0,1,0,0,0,0,0,,2020,26574,0,,26574,1,0.35777014,,28.6,22.1,29.2,20.1,94.8,2.6,2.1,5.2,52.3,27.9,89.6,21,21.823126,78.17687,0.25357112,397.6,129.1,0,0,0,0
2022,44663,HB ,972,115_84_1,Pennsylvania,PA,0,18,0,2,1,"Rep. Tomlinson, Kathleen [R]",1,0,0,1,0,1,0,0,0,,2020,16711,15228,,31939,0.04643226,-0.16418877,,29,28.3,27.4,15.3,69.6,8.4,9.9,30.4,49.3,33.7,90.1,30.1,100,0,0.09638352,509.4,60.2,0,0,0,0
2022,44663,HB ,972,115_84_1,Pennsylvania,PA,0,20,0,2,1,"Rep. Kinkead, Emily Deborah [D]",0,1,0,0,1,1,0,0,0,,2020,1,0,,1,1,-0.28566873,,21.5,37.6,23.8,17,80.6,14.4,2.1,19.4,39.1,42.2,94.2,41.1,100,0,0.65220374,608,76.4,0,0,0,0
2022,44663,HB ,972,115_84_1,Pennsylvania,PA,0,21,0,2,1,"Rep. Innamorato, Sara G. [D]",0,1,0,0,1,1,0,0,0,,2020,24057,12183,,36240,0.327649,-0.20959693,,22.9,33.3,24.8,19,87.2,5.7,2.6,12.8,42.1,40,94.6,48.1,100,0,0.54825693,608,76.4,0,0,0,0
2022,44663,HB ,972,115_84_1,Pennsylvania,PA,0,22,0,2,1,"Rep. Schweyer, Peter G. [D]",0,1,0,0,1,0,0,0,0,-0.688,2020,1,0,,1,1,-0.33929342,,38.7,29.9,21.5,9.8,53.7,14.2,63.3,46.3,33.1,48.4,78.4,11.8,100,0,0.49710774,402.1,69.8,0,0,0,0
2022,44663,HB ,972,115_84_1,Pennsylvania,PA,0,23,0,2,1,"Rep. Frankel, Dan B. [D]",0,1,0,0,1,0,0,0,0,-0.775,2020,24685,4212,,28897,0.70848185,-0.719219,,44.4,27.1,14.8,13.7,76.4,4.8,3.3,23.6,32,58.7,97.4,74.7,100,0,0.44693205,608,76.4,0,0,0,0
2022,44663,HB ,972,115_84_1,Pennsylvania,PA,0,25,0,2,1,"Rep. Markosek, Brandon J. [D]",0,1,0,0,1,0,0,0,0,-0.519,2020,19461,13908,,33369,0.16641194,-0.13889663,,25.1,24.4,28.5,21.8,77.5,14.3,2.4,22.5,50.2,30.2,95.2,34.3,96.88315,3.116855,0.13668267,608,76.4,0,0,0,0
2022,44663,HB ,972,115_84_1,Pennsylvania,PA,0,26,0,2,1,"Rep. Hennessey, Timothy \Tim\"" F. [R]""",1,0,0,1,0,0,0,0,0,0.39,2020,19769,17180,,36949,0.07006955,0.025574462,,31.5,21.5,29.1,17.8,86.9,7.6,3.5,13.1,56.3,27,91.2,35.7,75.55663,24.443367,0.35011122,531.25,81.75,0,0,0,0
2022,44663,HB ,972,115_84_1,Pennsylvania,PA,0,27,0,2,1,"Rep. Deasy Jr., Daniel J. [D]",0,1,0,0,1,0,0,0,0,-0.505,2020,1,0,,1,1,-0.13798705,,25.8,30.1,26.9,17.2,74.2,16.6,2.6,25.8,38.7,39.6,93,32.7,99.96837,0.031628888,0.34517476,608,76.4,0,0,0,0
2022,44663,HB ,972,115_84_1,Pennsylvania,PA,0,28,0,2,1,"Rep. Mercuri, Robert \Rob\"" W. [R]""",1,0,0,1,0,0,0,0,0,,2020,23806,20500,,44306,0.07461743,-0.014851117,,30.1,24.4,29.7,15.8,87,2.4,1.7,13,63.9,23.6,98.1,67,94.73311,5.266888,0.04380725,608,76.4,0,0,0,0
2022,44663,HB ,972,115_84_1,Pennsylvania,PA,0,29,0,2,1,"Rep. Schroeder, Meghan [R]",1,0,0,1,0,1,0,0,0,,2020,23237,18475,352,42064,0.11320844,-0.006734341,,25.7,21,29.6,23.7,86.5,1.7,5.4,13.5,58.1,24.6,94.9,44.3,87.06833,12.931673,0.5193962,509.4,60.2,0,0,0,0
2022,44663,HB ,972,115_84_1,Pennsylvania,PA,0,30,0,2,1,"Rep. Mizgorski, Lori A. [R]",1,0,0,1,0,1,0,0,0,,2020,23340,19231,,42571,0.09652111,0.029923936,,26.1,22.3,29.7,21.8,94.5,1,1.5,5.5,62.2,22.9,97.7,50.2,99.48342,0.5165767,0.20758264,608,76.4,0,0,0,0
2022,44663,HB ,972,115_84_1,Pennsylvania,PA,0,31,0,2,1,"Rep. Warren Jr., Perry S. [D]",0,1,0,0,1,0,0,0,0,-0.712,2020,26275,17742,,44017,0.19385692,0.04130198,,27.7,21.1,33.6,17.7,86.4,2.5,3.8,13.6,62.5,23.6,97,65.4,97.49146,2.5085375,0.30890542,509.4,60.2,0,0,0,0
2022,44663,HB ,972,115_84_1,Pennsylvania,PA,0,32,0,2,1,"Rep. DeLuca, Anthony M. [D]",0,1,0,0,1,0,0,0,0,-0.483,2020,1,0,,1,1,-0.19637099,,27.8,24.3,27.9,20,67.3,25.5,1.6,32.7,48.2,32.5,94.7,35.1,98.557785,1.4422183,0.37742504,608,76.4,0,0,0,0
2022,44663,HB ,972,115_84_1,Pennsylvania,PA,0,33,0,2,1,"Rep. Lewis DelRosso, Carrie [R]",1,0,0,1,0,1,0,0,0,,2020,16383,15494,,31877,0.027888445,0.35662436,,24.2,22.9,31.5,21.3,89.4,5.4,1.8,10.6,47,31.3,94,30.4,87.55646,12.443542,0.07758525,608,76.4,0,0,0,0
2022,44663,HB ,972,115_84_1,Pennsylvania,PA,0,34,0,2,1,"Rep. Lee, Summer L. [D]",0,1,0,0,1,1,1,0,0,,2020,1,0,,1,1,-0.47584715,,25.1,27,26,21.7,66.7,26.5,2.4,33.3,38.6,39.5,93.8,37.4,100,0,0.6603238,608,76.4,0,0,0,0
2022,44663,HB ,972,115_84_1,Pennsylvania,PA,0,35,0,2,1,"Rep. Davis, Austin A. [D]",0,1,0,0,1,0,1,0,0,-0.951,2020,1,0,,1,1,0.20865797,,29.3,22.1,28.4,20.2,68.5,26.4,1.8,31.5,36.5,38.7,91.9,19.3,98.254944,1.7450575,0.2577889,608,76.4,0,0,0,0
2022,44663,HB ,972,115_84_1,Pennsylvania,PA,0,36,0,2,1,"Rep. Benham, Jessica Lynn [D]",0,1,1,0,1,1,0,0,0,,2020,20076,11988,,32064,0.25224552,-0.059889924,,28.7,31.9,24.4,15.1,84,10,3.8,16,35.2,46.6,92.7,32.9,100,0,0.30505735,608,76.4,0,0,0,0
2022,44663,HB ,972,115_84_1,Pennsylvania,PA,0,37,0,2,1,"Rep. Fee, Melinda \Mindy\"" S. [R]""",1,0,0,1,0,1,0,0,0,0.713,2020,25783,9579,,35362,0.458232,0.40833712,,30.1,23.7,28.9,17.3,95,0.9,4.1,5,63.3,22,87.2,26.9,70.88583,29.114168,0.1814882,471.8,263.5,0,0,0,0
2022,44663,HB ,972,115_84_1,Pennsylvania,PA,0,38,0,2,1,"Rep. Pisciottano Jr., Nickolas \Nick\"" R. [D]""",0,1,0,0,1,0,0,0,0,,2020,20362,15941,,36303,0.12178057,0.16443788,,24.8,25.6,28.3,21.2,84.9,5.6,1.9,15.1,50.3,29.5,94.2,29.2,100,0,0.104170404,608,76.4,0,0,0,0
2022,44663,HB ,972,115_84_1,Pennsylvania,PA,0,39,0,2,1,"Rep. Puskaric, Michael J. [R]",1,0,0,1,0,0,0,0,0,,2020,23093,13669,,36762,0.25635168,-0.11280009,,24.7,21.7,31.4,22.4,94.3,1.5,1.4,5.7,57.1,25.5,96,36.1,85.1487,14.851302,0.076259285,514.9,87.15,0,0,0,0
2022,44663,HB ,972,115_84_1,Pennsylvania,PA,0,40,0,2,1,"Rep. Mihalek Stuck, Natalie Nicole [R]",1,0,0,1,0,1,0,0,0,,2020,26485,16990,,43475,0.21840139,0.07642172,,28.7,21.3,30,20,92.6,1.5,1.3,7.4,63.6,22.4,96.8,57.9,99.15454,0.84545565,0.17186452,514.9,87.15,0,0,0,0
2022,44663,HB ,972,115_84_1,Pennsylvania,PA,0,41,0,2,1,"Rep. Miller, Brett R. [R]",1,0,0,1,0,0,0,0,0,0.722,2020,23230,16912,,40142,0.15739127,-0.22186248,,26.4,24.9,27.6,21,88.2,2.8,7.3,11.8,60.1,24.3,93.5,40.6,95.33933,4.6606674,0.36989942,471.8,263.5,0,0,0,0
2022,44663,HB ,972,115_84_1,Pennsylvania,PA,0,42,0,2,1,"Rep. Miller, Daniel \Dan\"" L. [D]""",0,1,0,0,1,0,0,0,0,,2020,25580,11778,,37358,0.36945233,-0.37524012,,26.1,28.9,26.3,18.7,87.8,1.8,2.4,12.2,52.6,29.7,95.8,57.6,100,0,0.17024818,608,76.4,0,0,0,0
2022,44663,HB ,972,115_84_1,Pennsylvania,PA,0,43,0,2,1,"Rep. Greiner, Keith J. [R]",1,0,0,1,0,0,0,0,0,0.714,2020,1,0,,1,1,-0.05068755,,34.3,23.2,23.5,19,85.2,4.8,10.4,14.8,59.4,26.5,85.1,30.8,88.361404,11.638597,0.25033945,471.8,263.5,0,0,0,0
2022,44663,HB ,972,115_84_1,Pennsylvania,PA,0,44,0,2,1,"Rep. Gaydos, Valerie S. [R]",1,0,0,1,0,1,0,0,0,,2020,22140,18143,,40283,0.099222995,0.044813115,,28.9,25.6,27,18.5,89,3,1.6,11,56.7,28,97.1,51.9,90.13557,9.864436,0.20218204,608,76.4,0,0,0,0
2022,44663,HB ,972,115_84_1,Pennsylvania,PA,0,45,0,2,1,"Rep. Kulik, Anita Astorino [D]",0,1,0,0,1,1,0,0,0,-0.419,2020,22853,14180,,37033,0.23419653,0.067436755,,24.3,27.7,27.2,20.8,86.1,8.5,1.6,13.9,50.1,29.8,94.3,39.7,99.79386,0.20613907,0.5574938,608,76.4,0,0,0,0
2022,44663,HB ,972,115_84_1,Pennsylvania,PA,0,46,0,2,1,"Rep. Ortitay, Jason A. [R]",1,0,0,1,0,0,0,0,0,0.79,2020,25271,15224,,40495,0.2481047,0.40873674,,26.5,25.5,27.5,20.4,92.3,1.9,1.2,7.7,54.2,26.2,94.4,36.7,53.842205,46.157795,0.3141815,514.9,87.15,0,0,0,0
2022,44663,HB ,972,115_84_1,Pennsylvania,PA,0,47,0,2,1,"Rep. Gillespie, Keith J. [R]",1,0,0,1,0,0,0,0,0,0.8,2020,22066,11687,,33753,0.3074986,-0.08413283,,29,26.9,27,17,88.3,5.4,6.5,11.7,52.8,28.9,91.1,25.6,86.99522,13.004782,0.52276284,341.4,112.7,0,0,0,0
2022,44663,HB ,972,115_84_1,Pennsylvania,PA,0,48,0,2,1,"Rep. O'Neal, Timothy Jon [R]",1,0,0,1,0,0,0,0,0,0.648,2020,20571,14646,,35217,0.1682426,0.045428395,,27.5,25,26.7,20.9,89.6,5.3,2.3,10.4,49.5,28.9,93.1,33.4,82.117226,17.882774,0.20640624,421.8,97.9,0,0,0,0
2022,44663,HB ,972,115_84_1,Pennsylvania,PA,0,49,0,2,1,"Rep. Cook, Donald \Bud\"" [R]""",1,0,0,1,0,0,0,0,0,0.793,2020,17926,10278,,28204,0.27116722,0.10970652,,28.8,21.4,28.6,21.3,92,4.5,2,8,45.3,33.6,92.2,20.6,62.89515,37.10485,0.13241197,392.05,93,0,0,0,0
2022,44663,HB ,972,115_84_1,Pennsylvania,PA,0,50,0,2,1,"Rep. Snyder, Pam [D]",0,1,0,0,1,1,0,0,0,-0.398,2020,14587,12796,,27383,0.06540555,-0.017925834,,28.2,24.8,28.3,18.8,90.4,5.5,1.6,9.6,46.7,31.7,87.2,16.8,39.325844,60.674156,0.17602535,379.43332,95.833336,0,0,0,0
2022,44663,HB ,972,115_84_1,Pennsylvania,PA,0,51,0,2,1,"Rep. Dowling, Matthew David [R]",1,0,0,1,0,0,0,0,0,0.761,2020,19592,8953,,28545,0.37270975,-0.14929815,,27.8,23.6,27.7,20.9,91.1,4.5,1.6,8.9,49.9,29.1,87.5,18.2,51.66922,48.33078,0.22786328,421.9,128.65,0,0,0,0
2022,44663,HB ,972,115_84_1,Pennsylvania,PA,0,52,0,2,1,"Rep. Warner, Ryan [R]",1,0,0,1,0,0,0,0,0,0.788,2020,21219,8923,,30142,0.40793577,0.34958404,,25.7,21.7,30,22.5,96.1,1.1,0.7,3.9,49.9,26.9,90.7,18.8,62.65996,37.34004,0.16512798,354.2,101.5,0,0,0,0
2022,44663,HB ,972,115_84_1,Pennsylvania,PA,0,53,0,2,1,"Rep. Malagari, Steven Richard [D]",0,1,0,0,1,0,0,0,0,,2020,19974,16543,,36517,0.09395624,0.18066949,,29.5,26.2,26.3,18.2,77.5,4.6,5.9,22.5,54.4,29.6,90.1,36.2,99.58188,0.41812113,0.17322445,542.5,82.9,0,0,0,0
2022,44663,HB ,972,115_84_1,Pennsylvania,PA,0,54,0,2,1,"Rep. Brooks, Robert \Bob\"" J. [R]""",1,0,0,1,0,0,0,0,0,,2020,1,0,,1,1,0.19536623,,24.4,19.5,30.9,25.2,96.4,0.6,1.3,3.6,61.6,21.6,96.4,39,75.01851,24.98149,0.14414991,561.1,78.4,0,0,0,0
2022,44663,HB ,972,115_84_1,Pennsylvania,PA,0,55,0,2,1,"Rep. Silvis, Jason Roy [R]",1,0,0,1,0,0,0,0,0,,2020,16446,14914,,31360,0.04885204,0.35617426,,27.2,22,28.2,22.6,95.5,1.3,1.1,4.5,51.7,27.5,93.2,20.4,67.52263,32.477367,0.2421866,503,152.96666,0,0,0,0
2022,44663,HB ,972,115_84_1,Pennsylvania,PA,0,56,0,2,1,"Rep. Dunbar, George S. [R]",1,0,0,1,0,0,0,0,0,0.781,2020,1,0,,1,1,0.29837835,,27,22.5,31.2,19.2,95.2,1.1,1.7,4.8,59.4,23.3,97.1,37,93.362236,6.6377635,0.048895773,514.2,80.4,0,0,0,0
2022,44663,HB ,972,115_84_1,Pennsylvania,PA,0,57,0,2,1,"Rep. Nelson, Eric R. [R]",1,0,0,1,0,0,0,0,0,0.794,2020,1,0,,1,1,0.2064525,,26.1,23,26.9,24.2,94.6,1.9,0.9,5.4,50.1,31,94.9,31.4,82.7399,17.260098,0.2750565,514.2,80.4,0,0,0,0
2022,44663,HB ,972,115_84_1,Pennsylvania,PA,0,58,0,2,1,"Rep. Davanzo, Eric [R]",1,0,0,1,0,0,0,0,0,,2020,20591,11982,,32573,0.26429865,-0.051317334,,24.8,21.5,31.1,22.5,91.6,4.9,0.9,8.4,51.2,25.9,93.4,24.1,68.53717,31.462831,0.20467088,514.2,80.4,0,0,0,0
2022,44663,HB ,972,115_84_1,Pennsylvania,PA,0,59,0,2,1,"Rep. Rossi, Leslie [R]",1,0,0,1,0,1,0,0,0,,2020,,,,,1,0.08360195,,24.9,19.3,31.5,24.2,97,0.5,0.9,3,59.7,23.7,94.1,30.4,44.950417,55.049583,0.19183548,452.66666,112.566666,0,0,0,0
2022,44663,HB ,972,115_84_1,Pennsylvania,PA,0,60,0,2,1,"Rep. Major, Abby [R]",1,0,0,1,0,1,0,0,0,,2020,,,,,1,0.172274,,24.8,21.5,30.9,22.8,98,0.5,0.7,2,57.8,23.7,93.3,21.9,35.790825,64.209175,0.035792403,512.3,128.4,0,0,0,0
2022,44663,HB ,972,115_84_1,Pennsylvania,PA,0,61,0,2,1,"Rep. Frances Hanbidge, Laura \Liz\"" Elizabeth [D]""",0,1,0,0,1,1,0,1,0,,2020,25065,16832,,41897,0.19650571,0.13420036,,28.3,21.1,27.2,23.4,77.5,8.3,2.2,22.5,57.6,25.4,97.3,58,100,0,0.14438696,542.5,82.9,0,0,0,0
2022,44663,HB ,972,115_84_1,Pennsylvania,PA,0,62,0,2,1,"Rep. Struzzi II, James Bruno [R]",1,0,0,1,0,0,0,0,0,,2020,19943,9211,,29154,0.36811414,0.09562077,,34,20.9,25.5,19.6,92.2,3.1,1.8,7.8,44.1,39.4,92.6,28.8,56.82512,43.17488,0.09848174,484.4,202.1,0,0,0,0
2022,44663,HB ,972,115_84_1,Pennsylvania,PA,0,63,0,2,1,"Rep. Oberlander, Donna R. [R]",1,0,0,1,0,1,0,0,0,0.793,2020,1,0,,1,1,0.20594423,,29,24,27.3,19.8,93.9,3.7,1.5,6.1,51.4,30.4,89.2,19.3,13.960185,86.03982,0.32786885,492.05,160.6,0,0,0,0
2022,44663,HB ,972,115_84_1,Pennsylvania,PA,0,64,0,2,1,"Rep. James, Robert Lee [R]",1,0,0,1,0,0,0,0,0,,2020,23004,5587,,28591,0.6091777,0.33565852,,26.4,21.1,30.2,22.3,96.1,1.1,1.1,3.9,53.8,24.3,90.8,18.9,39.823128,60.176872,0.20976432,424.15,163.4,0,0,0,0
2022,44663,HB ,972,115_84_1,Pennsylvania,PA,0,65,0,2,1,"Rep. Rapp, Kathy L. [R]",1,0,0,1,0,1,0,0,0,0.799,2020,1,0,,1,1,0.006874896,,28.3,20.4,28.8,22.7,96.3,0.8,1.1,3.7,53.6,25.1,90.6,17.9,29.391973,70.608025,0.13259402,335.3,142.56667,0,0,0,0
2022,44663,HB ,972,115_84_1,Pennsylvania,PA,0,66,0,2,1,"Rep. Smith, Brian A. [R]",1,0,0,1,0,0,0,0,0,,2020,1,0,,1,1,0.4193657,,30.9,21.7,27.4,20.1,97.9,0.4,0.8,2.1,55.9,25.1,88.7,15.8,30.25159,69.74841,0.074463084,480.9,166,0,0,0,0
2022,44663,HB ,972,115_84_1,Pennsylvania,PA,0,67,0,2,1,"Rep. Causer, Martin T. [R]",1,0,0,1,0,0,0,0,0,0.63,2020,1,0,,1,1,-0.012340585,,27.9,22,28.8,21.2,95,1.7,1.9,5,51.1,27.8,91,17.4,20.219215,79.780785,0.12627259,380.73334,144.43333,0,0,0,0
2022,44663,HB ,972,115_84_1,Pennsylvania,PA,0,68,0,2,1,"Rep. Owlett, Clinton \Clint\"" Dennis [R]""",1,0,0,1,0,0,0,0,0,0.639,2020,26055,3183,,29238,0.78226966,0.32016817,,29,21.3,28.1,21.8,97,0.7,1.3,3,54.2,25.2,90.5,18.8,4.6893196,95.31068,0.2071108,306.3,117.35,0,0,0,0
2022,44663,HB ,972,115_84_1,Pennsylvania,PA,0,69,0,2,1,"Rep. Metzgar, Carl Walker [R]",1,0,0,1,0,0,0,0,0,0.726,2020,1,0,,1,1,0.19243269,,24.8,23.9,30,21.2,95,3.1,1.8,5,54,26.2,89.3,15.6,19.76091,80.23909,0.34868935,489.6,155.8,0,0,0,0
2022,44663,HB ,972,115_84_1,Pennsylvania,PA,0,70,0,2,1,"Rep. Bradford, Matthew D. [D]",0,1,0,0,1,0,0,0,0,-0.751,2020,21596,9653,,31249,0.38218823,-0.00435677,,30.4,27.1,26.1,16.6,59.4,23,16.4,40.6,45.7,36.9,89.3,35.6,94.40378,5.596221,0.42322874,542.5,82.9,0,0,0,0
2022,44663,HB ,972,115_84_1,Pennsylvania,PA,0,71,0,2,1,"Rep. Rigby, James \Jim\"" Patrick [R]""",1,0,0,1,0,0,0,0,0,,2020,1,0,,1,1,-0.11836404,,28.5,20.5,27.6,23.3,88.6,6.1,2.7,11.4,44.5,33.8,91.4,24,94.44163,5.558374,0.39776075,563.9,136.3,0,0,0,0
2022,44663,HB ,972,115_84_1,Pennsylvania,PA,0,72,0,2,1,"Rep. Burns, Frank J. [D]",1,0,0,0,1,0,0,0,0,-0.357,2020,16886,15150,,32036,0.054189038,0.05181071,,27.2,21.4,28.9,22.4,96.5,1.8,1,3.5,52.7,28.3,92.7,21.9,46.85794,53.14206,0.16389309,638.2,116.8,0,0,0,0
2022,44663,HB ,972,115_84_1,Pennsylvania,PA,0,73,0,2,1,"Rep. Sankey III, Thomas \Tommy\"" R. [R]""",1,0,0,1,0,0,0,0,0,0.768,2020,1,0,,1,1,0.22080322,,25.9,24.7,29.1,20.2,94,3.2,2.8,6,49.3,29.1,87.3,13.1,46.07197,53.92803,0.23093753,520.2,113.6,0,0,0,0
2022,44663,HB ,972,115_84_1,Pennsylvania,PA,0,74,0,2,1,"Rep. Williams, Dan K. [D]",0,1,0,0,1,0,1,0,0,,2020,21730,12025,,33755,0.28751296,0.09092063,,31.1,28.7,26.5,13.8,69.6,18.1,10.8,30.4,48.6,33.4,92.2,36.3,35.269802,64.7302,0.26942256,520,80.6,0,0,0,0
2022,44663,HB ,972,115_84_1,Pennsylvania,PA,0,75,0,2,1,"Rep. Armanini, Michael \Mike\"" J. [R]""",1,0,0,1,0,0,0,0,0,,2020,25558,7973,,33531,0.52444005,0.09689762,,26.6,20.9,30.8,21.7,97,0.7,1.5,3,51.6,27.2,92.1,20.8,46.59099,53.40901,0.30413398,478.1,68.15,0,0,0,0
2022,44663,HB ,972,115_84_1,Pennsylvania,PA,0,76,0,2,1,"Rep. Borowicz, Stephanie Paige [R]",1,0,0,1,0,1,0,0,0,,2020,19175,10105,,29280,0.30976775,0.20668311,,30.9,24.8,27,17.4,93.4,4,2,6.6,48.6,33.6,88.1,17.6,33.388493,66.61151,0.3267558,339,120.9,0,0,0,0
2022,44663,HB ,972,115_84_1,Pennsylvania,PA,0,77,0,2,1,"Rep. Conklin, H. Scott [D]",0,1,0,0,1,0,0,0,0,-0.52,2020,14290,7424,,21714,0.31620154,-0.5530305,,58.1,20.4,12,9.5,83,3.2,3.7,17,21.9,69.3,96.8,59.5,81.28158,18.718418,0.22184221,339.2,97.1,0,0,0,0
2022,44663,HB ,972,115_84_1,Pennsylvania,PA,0,78,0,2,1,"Rep. Topper, Jesse W. [R]",1,0,0,1,0,0,0,0,0,0.783,2020,1,0,,1,1,0.6178578,,28.1,21.5,28.9,21.6,96.8,1.5,1.3,3.2,56.8,23.8,88.1,16.5,13.837376,86.16263,0.12159724,345.15,188,0,0,0,0
2022,44663,HB ,972,115_84_1,Pennsylvania,PA,0,79,0,2,1,"Rep. Schmitt Jr., Louis C. [R]",1,0,0,1,0,0,0,0,0,,2020,20103,8536,,28639,0.4038898,0.1083278,,29.9,24.2,27,19,93.3,3.3,1.7,6.7,43.5,33.1,90.7,19.7,95.71691,4.283089,0.14060852,422.3,153.3,0,0,0,0
2022,44663,HB ,972,115_84_1,Pennsylvania,PA,0,80,0,2,1,"Rep. Gregory, James \Jim\"" V. [R]""",1,0,0,1,0,0,0,0,0,,2020,1,0,,1,1,0.31125832,,26,23.4,28,22.4,97,0.4,0.9,3,54.7,25,92.7,24.6,62.05243,37.94757,0.11912997,398.75,166.65,0,0,0,0
2022,44663,HB ,972,115_84_1,Pennsylvania,PA,0,81,0,2,1,"Rep. Irvin, Rich [R]",1,0,0,1,0,0,0,0,0,0.705,2020,23361,10618,,33979,0.37502575,0.56613976,,28.3,24.9,28.2,18.5,89.9,4.8,2.2,10.1,54.7,28.4,91.4,27.4,23.196167,76.80383,0.12669091,351.6,172.2,0,0,0,0
2022,44663,HB ,972,115_84_1,Pennsylvania,PA,0,82,0,2,1,"Rep. Hershey, Johnathan Dean [R]",1,0,0,1,0,0,0,0,0,,2020,1,0,,1,1,0.24926023,,28.9,23,27.2,20.9,96.4,0.9,2.4,3.6,55.4,24.5,85.3,13.5,36.597637,63.402363,0.18336454,398.5,203.2,0,0,0,0
2022,44663,HB ,972,115_84_1,Pennsylvania,PA,0,83,0,2,1,"Rep. Wheeland, Jeff C. [R]",1,0,0,1,0,0,0,0,0,0.664,2020,19065,9253,,28318,0.3464934,0.037466615,,30.8,25.8,24.4,19.1,86.7,8.6,2.4,13.3,41.7,37.6,90.1,23.9,85.87965,14.120353,0.50866383,431.9,137.7,0,0,0,0
2022,44663,HB ,972,115_84_1,Pennsylvania,PA,0,84,0,2,1,"Rep. Hamm, Joseph \Joe\"" D. [R]""",1,0,0,1,0,0,0,0,0,,2020,25961,6975,,32936,0.5764513,0.11483091,,26.5,24.5,30.7,18.3,92.6,3.2,3.1,7.4,56.5,25.6,90.2,20.9,37.947746,62.052254,0.19665273,424.85,105,0,0,0,0
2022,44663,HB ,972,115_84_1,Pennsylvania,PA,0,85,0,2,1,"Rep. Rowe, David H. [R]",1,0,0,1,0,0,0,0,0,,2020,20783,9719,,30502,0.36273032,0.03286017,,34.9,21.2,24,19.9,93.6,2.5,3.6,6.4,50,32.5,87.6,25.7,47.32035,52.67965,0.39399058,416.125,185.15,0,0,0,0
2022,44663,HB ,972,115_84_1,Pennsylvania,PA,0,86,0,2,1,"Rep. Stambaugh, Perry A. [R]",1,0,0,1,0,0,0,0,0,,2020,1,0,,1,1,0.36590612,,32.4,23.3,26.4,17.8,93.9,2.5,2.6,6.1,53.3,29,86.9,20.9,21.044046,78.955956,0.37802026,351.4,144.2,0,0,0,0
2022,44663,HB ,972,115_84_1,Pennsylvania,PA,0,87,0,2,1,"Rep. Rothman, Greg [R]",1,0,0,1,0,0,0,0,0,0.921,2020,24239,19104,,43343,0.118473575,-0.002308291,,29.6,25.9,26.5,18.1,82,2.5,4.3,18,57.8,25.2,95.3,47.4,94.300026,5.699978,0.33031738,391.76666,118.36667,0,0,0,0
2022,44663,HB ,972,115_84_1,Pennsylvania,PA,0,88,0,2,1,"Rep. Delozier, Sheryl M. [R]",1,0,0,1,0,1,0,0,0,0.672,2020,21344,15396,,36740,0.1618944,0.05183756,,26.8,30,25,18.2,85.1,6.2,5.1,14.9,46.9,33.3,94.5,38.1,93.84287,6.157128,0.6547014,416.9,122.3,0,0,0,0
2022,44663,HB ,972,115_84_1,Pennsylvania,PA,0,89,0,2,1,"Rep. Kauffman, Robert \Rob\"" W. [R]""",1,0,0,1,0,0,0,0,0,0.894,2020,1,0,,1,1,-0.066950545,,28.3,23.3,26.7,21.8,88.1,5.7,8.3,11.9,53.7,26.8,89.3,26,75.55764,24.442358,0.1565782,328,164.4,0,0,0,0
2022,44663,HB ,972,115_84_1,Pennsylvania,PA,0,90,0,2,1,"Rep. Schemel, Paul [R]",1,0,0,1,0,0,0,0,0,0.847,2020,1,0,,1,1,0.02292627,,31.2,24.1,26.8,17.8,92.8,3.5,5.4,7.2,56.7,26,88.8,20.7,56.60371,43.39629,0.031702,328,164.4,0,0,0,0
2022,44663,HB ,972,115_84_1,Pennsylvania,PA,0,91,0,2,1,"Rep. Moul, Dan [R]",1,0,0,1,0,0,0,0,0,0.732,2020,1,0,,1,1,-0.24388658,,29.5,21,28.9,20.4,92.9,1.6,5.5,7.1,54.9,26.5,90.2,25.1,52.30648,47.69352,0.23657724,393.8,101.9,0,0,0,0
2022,44663,HB ,972,115_84_1,Pennsylvania,PA,0,92,0,2,1,"Rep. Keefer, Dawn Wetzel [R]",1,0,0,1,0,1,0,0,0,0.994,2020,27049,10533,,37582,0.4394657,0.088786826,,28,22.8,32.1,17,93.8,1.7,3,6.2,58.8,25.9,94.2,29.3,66.919334,33.080666,0.11356516,341.4,112.7,0,0,0,0
2022,44663,HB ,972,115_84_1,Pennsylvania,PA,0,93,0,2,1,"Rep. Jones, Paul \Mike\"" Michael [R]""",1,0,0,1,0,0,0,0,0,,2020,1,0,,1,1,0.291296,,30,22.6,28.9,18.5,90.2,3.3,3.6,9.8,55.4,25.1,92.8,29.1,72.73954,27.260458,0.31196937,341.4,112.7,0,0,0,0
2022,44663,HB ,972,115_84_1,Pennsylvania,PA,0,94,0,2,1,"Rep. Saylor, Stanley \Stan\"" E. [R]""",1,0,0,1,0,0,0,0,0,0.756,2020,1,0,,1,1,0.17765208,,29.8,24.8,28.2,17.3,91.5,3.9,4.8,8.5,54.4,26,89,23.8,52.61986,47.38014,0.6127298,341.4,112.7,0,0,0,0
2022,44663,HB ,972,115_84_1,Pennsylvania,PA,0,96,0,2,1,"Rep. Sturla, P. Michael [D]",0,1,0,0,1,0,0,0,0,-0.778,2020,1,0,,1,1,-0.2160598,,35,31.6,22.2,11.2,60,16.1,37.8,40,35.2,47.5,80.7,24.1,100,0,1.0499241,471.8,263.5,0,0,0,0
2022,44663,HB ,972,115_84_1,Pennsylvania,PA,0,97,0,2,1,"Rep. Mentzer, Steven Curtis [R]",1,0,0,1,0,0,0,0,0,0.649,2020,24352,18466,,42818,0.13746555,0.09328638,,30.1,22.1,26.5,21.4,89.8,2.5,8.9,10.2,59,24.2,93.7,42.2,98.81767,1.1823273,0.56447613,471.8,263.5,0,0,0,0
2022,44663,HB ,972,115_84_1,Pennsylvania,PA,0,98,0,2,1,"Rep. Hickernell, David S. [R]",1,0,0,1,0,0,0,0,0,0.73,2020,22412,11235,,33647,0.33218414,0.14084236,,29.5,25.7,25.5,19.3,90.1,3.9,8.3,9.9,53.4,28.2,90.4,25.2,87.95225,12.047749,0.14081107,458.95,183.9,0,0,0,0
2022,44663,HB ,972,115_84_1,Pennsylvania,PA,0,99,0,2,1,"Rep. Zimmerman, David H. [R]",1,0,0,1,0,0,0,0,0,0.745,2020,21187,7680,,28867,0.46790454,0.23882097,,33.8,24.2,23,19,94.8,1.2,5.1,5.2,59.1,27.2,77.6,19.8,68.28208,31.717916,0.2786971,464.1,185.45,0,0,0,0
2022,44663,HB ,972,115_84_1,Pennsylvania,PA,0,100,0,2,1,"Rep. Cutler, Bryan D. [R]",1,0,0,1,0,0,0,0,0,0.746,2020,1,0,,1,1,0.17551641,,39.4,20.9,23.3,16.4,92.6,1.8,7.6,7.4,55.2,31.2,77.3,19.8,35.098335,64.901665,0.12194571,471.8,263.5,0,0,0,0
2022,44663,HB ,972,115_84_1,Pennsylvania,PA,0,101,0,2,1,"Rep. Ryan, Francis Xavier [R]",1,0,0,1,0,0,0,0,0,0.823,2020,21611,12792,,34403,0.25634393,0.024317127,,31.2,23.8,25.6,19.4,77.5,3.2,21.3,22.5,47.9,31.7,89.1,23.7,90.0197,9.980305,0.19243105,360.9,131.4,0,0,0,0
2022,44663,HB ,972,115_84_1,Pennsylvania,PA,0,102,0,2,1,"Rep. Diamond, Russ [R]",1,0,0,1,0,0,0,0,0,0.693,2020,23197,9845,,33042,0.40409178,0.3316009,,31.7,22.8,25.9,19.5,93.2,1.9,6.3,6.8,55.9,26.8,86.2,18.9,58.730618,41.269382,0.19474196,360.9,131.4,0,0,0,0
2022,44663,HB ,972,115_84_1,Pennsylvania,PA,0,103,0,2,1,"Rep. Kim, Patty H. [D]",0,1,0,0,1,1,0,0,1,-0.849,2020,1,0,,1,1,-0.78533524,,37,28.2,23.7,11.1,39.4,45.7,21.4,60.6,30.4,47.6,83.7,21.7,100,0,0.5345161,431.5,113.3,0,0,0,0
2022,44663,HB ,972,115_84_1,Pennsylvania,PA,0,104,0,2,1,"Rep. Helm, Susan \Sue\"" C. [R]""",1,0,0,1,0,1,0,0,0,0.555,2020,20735,16371,,37106,0.11760901,-0.36174166,,27.7,24.2,28.2,20,77.4,13.1,5.6,22.6,53.2,27.7,92.5,31.6,68.29491,31.705091,0.26199263,403.5,117.85,0,0,0,0
2022,44663,HB ,972,115_84_1,Pennsylvania,PA,0,105,0,2,1,"Rep. Lewis, Andrew [R]",1,0,0,1,0,0,0,0,0,,2020,21320,19814,,41134,0.03661205,0.024618575,,28,26.1,27.2,18.8,74.8,14.4,4.4,25.2,57.8,26.7,95.3,38.9,90.42202,9.577982,0.47518092,403.5,117.85,0,0,0,0
2022,44663,HB ,972,115_84_1,Pennsylvania,PA,0,106,0,2,1,"Rep. Mehaffie III, Thomas L. [R]",1,0,0,1,0,0,0,0,0,0.335,2020,19283,16714,,35997,0.071367055,-0.3619807,,28.4,24.8,28.8,18,78,9.2,8.4,22,49.6,32.9,92.1,38.2,95.43445,4.5655537,0.31213874,446.1,104.3,0,0,0,0
2022,44663,HB ,972,115_84_1,Pennsylvania,PA,0,107,0,2,1,"Rep. Masser, Kurt A. [R]",1,0,0,1,0,0,0,0,0,0.54,2020,23083,4992,,28075,0.6443811,0.18794362,,25.7,24.9,28.7,20.8,92.7,3.4,3.1,7.3,49.4,30.5,89.1,20.8,70.464806,29.535196,0.2172122,406.56668,99.26667,0,0,0,0
2022,44663,HB ,972,115_84_1,Pennsylvania,PA,0,108,0,2,1,"Rep. Schlegel Culver, Lynda J. [R]",1,0,0,1,0,1,0,0,0,0.603,2020,1,0,,1,1,0.27769247,,29,21.9,28.1,21.1,95.6,0.8,3.5,4.4,54.2,25.6,89.4,20.5,58.93452,41.06548,0.29164723,437.1,105.16,0,0,0,0
2022,44663,HB ,972,115_84_1,Pennsylvania,PA,0,109,0,2,1,"Rep. Millard, David R. [R]",1,0,0,1,0,0,0,0,0,0.499,2020,19127,7334,2449,28910,0.40792114,0.11677727,,33.4,21.2,26.3,19.1,94.4,1.8,3.1,5.6,44.1,36.2,90.7,24.6,60.653393,39.346607,0.21641552,384.2,99.9,0,0,0,0
2022,44663,HB ,972,115_84_1,Pennsylvania,PA,0,110,0,2,1,"Rep. Pickett, Tina [R]",1,0,0,1,0,1,0,0,0,0.571,2020,24855,3840,,28695,0.73235756,-0.2319888,,27.1,21.3,29.3,22.3,96,0.9,1.8,4,52.7,25.4,90,18.8,25.262573,74.73743,0.3514364,329.55,103.35,0,0,0,0
2022,44663,HB ,972,115_84_1,Pennsylvania,PA,0,111,0,2,1,"Rep. Fritz, Jonathan A. [R]",1,0,0,1,0,0,0,0,0,,2020,1,0,,1,1,0.2888952,,24.2,22.3,30,23.4,94,3.1,3.2,6,49.7,29.5,89.7,19.3,12.999156,87.00085,0.10686044,340.1,49.85,0,0,0,0
2022,44663,HB ,972,115_84_1,Pennsylvania,PA,0,112,0,2,1,"Rep. Mullins, Kyle J. [D]",0,1,0,0,1,0,0,0,0,,2020,21274,11346,,32620,0.30435315,-0.16996786,,32.1,22.4,26,19.6,86.1,3.2,9.3,13.9,42.2,38.6,90.8,28.5,82.00161,17.998388,0.18970083,631.5,82.5,0,0,0,0
2022,44663,HB ,972,115_84_1,Pennsylvania,PA,0,113,0,2,1,"Rep. Welby, Thom [D]",0,1,0,0,1,0,0,0,0,,2020,20308,9374,,29682,0.3683714,-0.1790519,,31.6,25.2,25.1,18,85.1,4.8,12,14.9,42.2,37.2,89.8,27.2,98.39433,1.6056688,0.3081371,631.5,82.5,0,0,0,0
2022,44663,HB ,972,115_84_1,Pennsylvania,PA,0,114,0,2,1,"Rep. Kosierowski, Bridget M. [D]",0,1,0,0,1,1,0,0,0,,2020,19890,17030,,36920,0.07746479,0.14797133,,25.1,24.7,28.2,22,93.9,1,4.5,6.1,48.1,29.3,92.7,29.3,65.9922,34.0078,0.14031096,631.5,82.5,0,0,0,0
2022,44663,HB ,972,115_84_1,Pennsylvania,PA,0,115,0,2,1,"Rep. Madden, Maureen E. [D]",0,1,0,0,1,1,0,0,0,-0.873,2020,17605,9939,,27544,0.27831832,0.05283793,,33.5,22.2,28,16.4,65.9,20.2,20.1,34.1,46.7,35.3,87.9,25.6,56.866325,43.133675,0.4029713,366.5,87.9,0,0,0,0
2022,44663,HB ,972,115_84_1,Pennsylvania,PA,0,117,0,2,1,"Rep. Boback, Karen [R]",1,0,0,1,0,1,0,0,0,0.356,2020,28963,,,28963,1,0.16048062,,27.7,20.9,29.2,22.3,95.1,1.2,1.8,4.9,52.7,28.4,93.4,28.5,30.593346,69.406654,0.222942,470.675,79.275,0,0,0,0
2022,44663,HB ,972,115_84_1,Pennsylvania,PA,0,118,0,2,1,"Rep. Carroll, Mike [D]",0,1,0,0,1,0,0,0,0,-0.51,2020,18759,16283,,35042,0.070658065,0.026114233,,25.3,24.2,29.2,21.3,93.3,3.3,3.6,6.7,49.9,29.9,93,26.1,64.53466,35.46534,0.17635994,502.66666,71.1,0,0,0,0
2022,44663,HB ,972,115_84_1,Pennsylvania,PA,0,119,0,2,1,"Rep. Mullery, Gerald J. [D]",0,1,0,0,1,0,0,0,0,-0.368,2020,14961,13500,,28461,0.051333405,0.3598131,,27.4,22.5,29.5,20.6,87,5.2,11.5,13,47,33.3,89.6,19.2,87.14013,12.859871,0.13523188,510,42.9,0,0,0,0
2022,44663,HB ,972,115_84_1,Pennsylvania,PA,0,120,0,2,1,"Rep. Kaufer, Aaron [R]",1,0,0,1,0,0,0,0,0,0.454,2020,20428,11934,,32362,0.26246834,-0.22399198,,26,25.5,27.9,20.6,90.7,5,5.1,9.3,44,32.8,94.1,27.4,90.67463,9.325374,0.12570216,510,42.9,0,0,0,0
2022,44663,HB ,972,115_84_1,Pennsylvania,PA,0,121,0,2,1,"Rep. Pashinski, Eddie Day [D]",0,1,0,0,1,0,0,0,0,-0.685,2020,1,0,,1,1,-0.007161442,,34.7,26.3,23.3,15.9,73.1,9.7,21.2,26.9,38.1,42.2,86.9,20.2,99.26111,0.7388895,0.18775816,510,42.9,0,0,0,0
2022,44663,HB ,972,115_84_1,Pennsylvania,PA,0,122,0,2,1,"Rep. Heffley, Doyle M. [R]",1,0,0,1,0,0,0,0,0,0.62,2020,1,0,,1,1,0.36863628,,25.7,21.8,31.5,20.9,94.2,2.5,5,5.8,50,28.1,89.6,18.3,50.951923,49.048077,0.28933534,358.7,26.6,0,0,0,0
2022,44663,HB ,972,115_84_1,Pennsylvania,PA,0,123,0,2,1,"Rep. Twardzik, Timothy \Tim\"" F. [R]""",1,0,0,1,0,0,0,0,0,,2020,15090,9004,,24094,0.252594,0.3451464,,26.7,27.2,28.2,17.9,88.7,6.2,6.6,11.3,38.4,37.6,87.2,12.7,80.80047,19.19953,0.39894193,518.2,44.6,0,0,0,0
2022,44663,HB ,972,115_84_1,Pennsylvania,PA,0,124,0,2,1,"Rep. Knowles, Jerome \Jerry\"" P. [R]""",1,0,0,1,0,0,0,0,0,0.812,2020,23111,8972,,32083,0.44070068,0.13566725,,26.4,21.5,29.8,22.4,93.8,0.9,4.7,6.2,52.5,25.3,89.5,21.3,51.13554,48.86446,0.2940008,444.43332,59.533333,0,0,0,0
2022,44663,HB ,972,115_84_1,Pennsylvania,PA,0,125,0,2,1,"Rep. Kerwin, Joseph \Joe\"" P. [R]""",1,0,0,1,0,0,0,0,0,,2020,1,0,,1,1,0.2562301,,27.8,23.1,28.2,20.9,96.6,0.8,2.5,3.4,53.7,27.2,90,19.4,58.92335,41.07665,0.1634254,446.1,104.3,0,0,0,0
2022,44663,HB ,972,115_84_1,Pennsylvania,PA,0,126,0,2,1,"Rep. Rozzi, Mark L. [D]",1,0,0,0,1,0,0,0,0,-0.521,2020,18508,8961,,27469,0.34755543,-0.20124875,,35.6,24.4,24.2,15.8,64.7,8.2,41.9,35.3,40.2,38.1,83.6,19.7,94.15244,5.847559,0.8088937,456.4,107.4,0,0,0,0
2022,44663,HB ,972,115_84_1,Pennsylvania,PA,0,127,0,2,1,"Rep. Guzman Jr., Manuel \Manny\"" [D]""",0,1,0,0,1,0,0,1,0,,2020,11786,4372,,16158,0.45884392,-0.41865936,,39.9,27.4,22.8,10,48.8,13.5,65.7,51.2,30.6,48.1,68.9,9.4,100,0,0.71428573,456.4,107.4,0,0,0,0
2022,44663,HB ,972,115_84_1,Pennsylvania,PA,0,128,0,2,1,"Rep. Gillen, Mark M. [R]",1,0,0,1,0,0,0,0,0,0.583,2020,1,0,,1,1,-0.27183825,,29.5,24.1,27.6,18.8,89.9,2.4,9.7,10.1,55.2,25.6,91.4,34.5,79.557365,20.442633,0.08563977,456.4,107.4,0,0,0,0
2022,44663,HB ,972,115_84_1,Pennsylvania,PA,0,129,0,2,1,"Rep. Cox, Jim [R]",1,0,0,1,0,0,0,0,0,0.84,2020,21067,15682,,36749,0.1465346,0.104023844,,30.5,23.3,26.9,19.2,87,4.7,10.7,13,54.7,28.3,90.2,33.8,58.050053,41.949947,0.35692307,464.1,185.45,0,0,0,0
2022,44663,HB ,972,115_84_1,Pennsylvania,PA,0,130,0,2,1,"Rep. Maloney Sr., David M. [R]",1,0,0,1,0,0,0,0,0,0.798,2020,23508,13332,,36840,0.27622148,0.09611727,,28,23.5,28.3,20.2,91.4,2,6.1,8.6,57,24.5,92.4,29.3,70.70952,29.29048,0.27825946,456.4,107.4,0,0,0,0
2022,44663,HB ,972,115_84_1,Pennsylvania,PA,0,131,0,2,1,"Rep. Mackenzie, V. \Milou\"" Milou [R]""",1,0,0,1,0,1,0,0,0,,2020,22489,18964,,41453,0.08503606,-0.2088836,,28.7,23.2,28.8,19.1,91.3,2.4,4.7,8.7,58.7,26.8,94.9,38.5,87.72818,12.27182,0.3874317,462.53333,74.066666,0,0,0,0
2022,44663,HB ,972,115_84_1,Pennsylvania,PA,0,132,0,2,1,"Rep. Schlossberg, Michael H. [D]",0,1,0,0,1,0,0,0,0,-0.705,2020,17025,8051,,25076,0.35787207,-0.34485635,,37.9,26.5,20.8,14.8,63.1,12.4,40.7,36.9,35.3,45.5,84.3,22.9,100,0,0.4116147,402.1,69.8,0,0,0,0
2022,44663,HB ,972,115_84_1,Pennsylvania,PA,0,133,0,2,1,"Rep. McNeill, Jeanne [D]",0,1,0,0,1,1,0,0,0,,2020,18844,12227,,31071,0.21296386,-0.010917964,,27.5,29.1,25.1,18.4,79.4,6.7,22.9,20.6,44.4,34.4,90,25.6,100,0,0.4152728,402.1,69.8,0,0,0,0
2022,44663,HB ,972,115_84_1,Pennsylvania,PA,0,134,0,2,1,"Rep. Mackenzie, Ryan E. [R]",1,0,0,1,0,0,0,0,0,0.753,2020,23485,15618,,39103,0.20118661,-0.13754241,,28.9,21.6,28.2,21.3,87,3.2,8.8,13,57.7,24,93.3,39.4,89.980255,10.019743,0.27770382,402.1,69.8,0,0,0,0
2022,44663,HB ,972,115_84_1,Pennsylvania,PA,0,135,0,2,1,"Rep. Samuelson, Stephen \Steve\"" P. [D]""",0,1,0,0,1,0,0,0,0,-0.528,2020,19924,10438,,30362,0.31243002,-0.21816991,,34.6,26.2,22.6,16.8,71.9,9.5,29.1,28.1,36.8,45.1,88.7,31.2,99.99296,0.007038784,0.39769667,443,69.5,0,0,0,0
2022,44663,HB ,972,115_84_1,Pennsylvania,PA,0,136,0,2,1,"Rep. Freeman, Robert [D]",0,1,0,0,1,0,0,0,0,-0.705,2020,1,0,,1,1,-0.36644852,,30.5,26,27.2,16.3,76,10.2,16.2,24,43.7,37.4,88.5,28,88.586174,11.413824,0.60419184,443,69.5,0,0,0,0
2022,44663,HB ,972,115_84_1,Pennsylvania,PA,0,137,0,2,1,"Rep. Emrick, Joseph \Joe\"" T. [R]""",1,0,0,1,0,0,0,0,0,0.764,2020,23846,13828,,37674,0.26591283,-0.021892304,,27.7,21.5,30.5,20.3,90.2,3.5,9.2,9.8,57.1,26.2,93,33.1,82.22057,17.779427,0.09342378,443,69.5,0,0,0,0
2022,44663,HB ,972,115_84_1,Pennsylvania,PA,0,138,0,2,1,"Rep. Flood, Ann L. [R]",1,0,0,1,0,1,0,0,0,,2020,23555,18396,,41951,0.1229768,0.14725873,,28.1,21.8,28.5,21.5,88.4,3.7,5.7,11.6,58,25.2,93.1,36.8,80.10022,19.899776,0.10865629,443,69.5,0,0,0,0
2022,44663,HB ,972,115_84_1,Pennsylvania,PA,0,139,0,2,1,"Rep. Peifer, Michael T. [R]",1,0,0,1,0,0,0,0,0,0.561,2020,24597,11359,,35956,0.3681722,0.1934241,,24.3,20,30.7,25,93.6,1.3,5.7,6.4,57.3,25.1,92.9,26.4,18.34706,81.65294,0.3327652,321,57.8,0,0,0,0
2022,44663,HB ,972,115_84_1,Pennsylvania,PA,0,140,0,2,1,"Rep. Galloway, John T. [D]",0,1,0,0,1,0,0,0,0,-0.55,2020,19840,13230,,33070,0.19987905,-0.07797829,,31.2,27.4,26.6,14.9,83.6,7.9,7.3,16.4,48.3,33,91.9,25.8,99.89987,0.100129336,0.24874537,509.4,60.2,0,0,0,0
2022,44663,HB ,972,115_84_1,Pennsylvania,PA,0,141,0,2,1,"Rep. Davis, Tina Marie [D]",0,1,0,0,1,1,0,0,0,-0.665,2020,19364,11532,,30896,0.2534956,0.012597513,,30.1,29.2,28.1,12.6,78.8,10,9.9,21.2,46,36.3,90.8,23.9,100,0,0.3485383,509.4,60.2,0,0,0,0
2022,44663,HB ,972,115_84_1,Pennsylvania,PA,0,142,0,2,1,"Rep. Farry III, Frank Anthony [R]",1,0,0,1,0,0,0,0,0,0.337,2020,25916,16443,,42359,0.22363606,0.12963124,,25.7,21.7,30,22.7,91.9,1.8,3.4,8.1,57.8,26.1,95.2,38.4,100,0,0.1487779,509.4,60.2,0,0,0,0
2022,44663,HB ,972,115_84_1,Pennsylvania,PA,0,143,0,2,1,"Rep. Labs, Shelby E. [R]",1,0,0,1,0,1,0,0,0,,2020,22553,21217,,43770,0.030523188,-0.30597502,,28.2,19.5,32.2,20.2,92.9,0.9,3.3,7.1,57.3,26,96.2,52.8,68.24726,31.75274,0.45688415,509.4,60.2,0,0,0,0
2022,44663,HB ,972,115_84_1,Pennsylvania,PA,0,144,0,2,1,"Rep. Polinchock, Todd [R]",1,0,0,1,0,0,0,0,0,,2020,22915,18372,,41287,0.11003464,-0.4986533,,30.4,21.3,31.2,17.1,87.8,2.5,4.5,12.2,58.2,27.1,95.5,46.8,92.4893,7.5106964,0.16466612,509.4,60.2,0,0,0,0
2022,44663,HB ,972,115_84_1,Pennsylvania,PA,0,145,0,2,1,"Rep. Staats, Craig T. [R]",1,0,0,1,0,0,0,0,0,0.575,2020,22482,15203,,37685,0.19315377,-0.078480326,,28.6,22.7,30.5,18.1,90.8,2,4.8,9.2,55.1,28.1,93.3,34.6,71.657036,28.342962,0.2578691,509.4,60.2,0,0,0,0
2022,44663,HB ,972,115_84_1,Pennsylvania,PA,0,146,0,2,1,"Rep. Ciresi, Joseph \Joe\"" P. [D]""",0,1,0,0,1,0,0,0,0,,2020,20719,15731,,36450,0.136845,-0.121110685,,30.6,26.8,28.8,14,84.9,7.4,3.8,15.1,54,28.7,94.2,37.6,97.532455,2.4675412,0.11690535,542.5,82.9,0,0,0,0
2022,44663,HB ,972,115_84_1,Pennsylvania,PA,0,147,0,2,1,"Rep. Pennycuick, Tracy Elizabeth [R]",1,0,0,1,0,1,0,0,0,,2020,21437,16534,1207,39178,0.12514676,0.021503348,,31,22.3,31.6,15.1,92.1,2.5,3.7,7.9,60.5,26.2,94.1,40.5,74.116776,25.88322,0.2668112,499.45,95.15,0,0,0,0
2022,44663,HB ,972,115_84_1,Pennsylvania,PA,0,148,0,2,1,"Rep. Daley, Mary Jo [D]",0,1,0,0,1,0,0,0,0,-0.99,2020,31559,13489,,45048,0.4011277,-0.37708974,,27.3,29.2,25.7,17.7,85.6,5.4,4.3,14.4,56.5,30.4,97.2,65.5,100,0,0.2354524,542.5,82.9,0,0,0,0
2022,44663,HB ,972,115_84_1,Pennsylvania,PA,0,149,0,2,1,"Rep. Briggs, Timothy \Tim\"" P. [D]""",0,1,0,0,1,0,0,0,0,-0.837,2020,28706,12275,,40981,0.4009419,-0.15143482,,28.1,27.8,24.9,19.2,76.1,6.8,4.9,23.9,53.5,31.5,96.3,64.8,100,0,0.2315074,542.5,82.9,0,0,0,0
2022,44663,HB ,972,115_84_1,Pennsylvania,PA,0,150,0,2,1,"Rep. Webster, Joseph \Joe\"" G. [D]""",0,1,0,0,1,0,0,0,0,,2020,20594,17217,,37811,0.089312635,-0.20769729,,28.8,25.5,30.8,14.9,78.4,8.7,4.9,21.6,52.1,33,93.3,48.7,99.49316,0.50684047,0.27771655,542.5,82.9,0,0,0,0
2022,44663,HB ,972,115_84_1,Pennsylvania,PA,0,151,0,2,1,"Rep. Stephens, Todd [R]",0,1,0,1,0,0,0,0,0,,2020,21074,18604,,39678,0.06225112,-0.35771307,,29.5,22.3,30.4,17.8,79.2,3.6,4.2,20.8,59.3,26.3,93,52.6,100,0,0.13440278,542.5,82.9,0,0,0,0
2022,44663,HB ,972,115_84_1,Pennsylvania,PA,0,152,0,2,1,"Rep. Guenst, Nancy [D]",0,1,0,0,1,1,0,0,0,,2020,20208,16701,2734,39643,0.08846454,-0.0594561,,30.8,24.5,27.5,17.2,83.5,3.9,4.6,16.5,56.1,28.9,95.1,48.3,100,0,0.23315056,542.5,82.9,0,0,0,0
2022,44663,HB ,972,115_84_1,Pennsylvania,PA,0,153,0,2,1,"Rep. Sanchez, Benjamin \Ben\"" V. [D]""",0,1,0,0,1,0,0,1,0,,2020,30434,9088,,39522,0.54010427,-0.49924955,,28.7,24.1,27.6,19.6,77.4,10.8,4.7,22.6,56.6,27.6,95,51,100,0,0.52912277,542.5,82.9,0,0,0,0
2022,44663,HB ,972,115_84_1,Pennsylvania,PA,0,154,0,2,1,"Rep. Nelson Sr., Napoleon J. [D]",0,1,0,0,1,0,1,0,0,,2020,30610,8776,,39386,0.55435944,-0.620762,,30.9,23.2,26.5,19.4,63.5,25.8,4.7,36.5,49.5,32.8,96.5,57.5,100,0,0.23832421,542.5,82.9,0,0,0,0
2022,44663,HB ,972,115_84_1,Pennsylvania,PA,0,155,0,2,1,"Rep. Otten, Danielle Friel [D]",0,1,0,0,1,1,0,0,0,,2020,25140,19766,,44906,0.1196722,-0.115344204,,30,25.2,29.7,15.2,85,4,3.9,15,58.7,25.9,96.9,60.3,90.49391,9.506088,0.27647555,520,80.6,0,0,0,0
2022,44663,HB ,972,115_84_1,Pennsylvania,PA,0,156,0,2,1,"Rep. Herrin, Dianne [D]",0,1,0,0,1,1,0,0,0,,2020,21956,17718,,39674,0.10682059,-0.3796719,,33,23.4,24.6,19,86.9,5.4,4.9,13.1,49.1,37.8,97.4,63.9,99.61427,0.3857243,0.09139315,520,80.6,0,0,0,0
2022,44663,HB ,972,115_84_1,Pennsylvania,PA,0,157,0,2,1,"Rep. Shusterman, Melissa [D]",0,1,0,0,1,1,0,0,0,,2020,25238,15161,,40399,0.24943687,-0.2815314,,29.7,25.7,28.4,16.3,80.3,2.3,3.7,19.7,56.9,28.1,96.8,65.2,98.80274,1.1972615,0.19934906,520,80.6,0,0,0,0
2022,44663,HB ,972,115_84_1,Pennsylvania,PA,0,158,0,2,1,"Rep. Sappey, Christina D. [D]",0,1,0,0,1,1,0,0,0,,2020,19324,18816,,38140,0.01331935,-0.24951954,,32.5,22.1,28.7,16.7,86.2,3.2,9.5,13.8,60,28.4,94.1,58.2,85.505295,14.494702,0.29909378,520,80.6,0,0,0,0
2022,44663,HB ,972,115_84_1,Pennsylvania,PA,0,159,0,2,1,"Rep. Kirkland, Brian Joseph [D]",0,1,0,0,1,0,1,0,0,-0.937,2020,17558,6972,,24530,0.4315532,-0.44820955,,38.1,26.2,22,13.6,38.5,52.1,7.6,61.5,25.2,55.8,86.4,15.4,100,0,0.44079435,499.7,48,0,0,0,0
2022,44663,HB ,972,115_84_1,Pennsylvania,PA,0,160,0,2,1,"Rep. Williams, Wendell \Craig\"" Craig [R]""",1,0,0,1,0,0,0,0,0,,2020,20408,19798,,40206,0.015171865,-0.24403147,,27.2,22.1,28.8,21.7,82.4,5.1,8.2,17.6,53.7,30.5,92.5,47.3,95.772285,4.2277117,0.17707524,509.85,64.3,0,0,0,0
2022,44663,HB ,972,115_84_1,Pennsylvania,PA,0,161,0,2,1,"Rep. Krueger-Braneky, Leanne [D]",0,1,0,0,1,1,0,0,0,-0.77,2020,22764,17169,,39933,0.14010969,-0.31571126,,30.3,24.3,28.6,16.7,87.5,5.8,2.9,12.5,51.7,31.2,95.6,43,100,0,0.18058123,499.7,48,0,0,0,0
2022,44663,HB ,972,115_84_1,Pennsylvania,PA,0,162,0,2,1,"Rep. Delloso, David \Dave\"" M. [D]""",0,1,0,0,1,0,0,0,0,,2020,18693,15731,,34424,0.08604462,-0.078340806,,30.2,27.6,28.7,13.8,77.5,16.8,3.2,22.5,40.5,39.2,92.6,22.1,100,0,0.18741852,499.7,48,0,0,0,0
2022,44663,HB ,972,115_84_1,Pennsylvania,PA,0,163,0,2,1,"Rep. Zabel, Michael \Mike\"" Patrick [D]""",0,1,0,0,1,0,0,0,0,,2020,22259,14680,,36939,0.2051761,-0.047553703,,28.9,30.3,26.5,14.2,70.8,18.7,4,29.2,48.4,36.6,93.7,37.8,100,0,0.2952998,499.7,48,0,0,0,0
2022,44663,HB ,972,115_84_1,Pennsylvania,PA,0,164,0,2,1,"Rep. Curry, Gina H. [D]",0,1,0,0,1,1,1,0,0,,2020,1,0,,1,1,-0.5876588,,33,28.7,25.9,12.4,25.6,50.7,6.3,74.4,38.8,43.4,87.5,28.3,100,0,0.34987277,499.7,48,0,0,0,0
2022,44663,HB ,972,115_84_1,Pennsylvania,PA,0,165,0,2,1,"Rep. O'Mara, Jennifer M. [D]",0,1,0,0,1,1,0,0,0,,2020,21529,20222,,41751,0.03130464,-0.3386056,,31.3,21.9,27.3,19.6,84.4,3.6,3.6,15.6,57.5,28.7,95.5,53.8,100,0,0.17502132,499.7,48,0,0,0,0
2022,44663,HB ,972,115_84_1,Pennsylvania,PA,0,166,0,2,1,"Rep. Vitali, Gregory \Greg\"" S. [D]""",0,1,0,0,1,0,0,0,0,-0.705,2020,28803,11830,,40633,0.41771466,-0.015571706,,37,22.8,23.7,16.6,84.6,5.7,3.9,15.4,51.6,35.6,97.2,66.3,100,0,0.3632124,499.7,48,0,0,0,0
2022,44663,HB ,972,115_84_1,Pennsylvania,PA,0,167,0,2,1,"Rep. Howard, Kristine C. [D]",0,1,0,0,1,1,0,0,0,,2020,24261,19211,,43472,0.116166726,-0.19197519,,30.6,24,29.6,16,79.5,3,4.1,20.5,60.8,26.9,97.1,69.2,93.45159,6.548405,0.515807,520,80.6,0,0,0,0
2022,44663,HB ,972,115_84_1,Pennsylvania,PA,0,168,0,2,1,"Rep. Quinn, Christopher B. [R]",1,0,0,1,0,0,0,0,0,0.3,2020,22399,21526,,43925,0.019874787,-0.18691696,,29.3,20.3,28.8,21.7,87.7,3.3,1.6,12.3,57,27.5,97.2,57.6,98.45968,1.5403188,0.3637115,499.7,48,0,0,0,0
2022,44663,HB ,972,115_84_1,Pennsylvania,PA,0,169,0,2,1,"Rep. Klunk, Kate Anne [R]",1,0,0,1,0,1,0,0,0,0.747,2020,1,0,,1,1,0.012615327,,29.1,23.5,27.5,19.9,91.6,2.2,5.2,8.4,54.5,26.2,89.9,27.4,100,0,0.31854647,341.4,112.7,0,0,0,0
2022,44663,HB ,972,115_84_1,Pennsylvania,PA,0,170,0,2,1,"Rep. White, Martina [R]",1,0,0,1,0,1,0,0,0,0.217,2020,17693,11586,,29279,0.20857953,-0.16766182,,26.8,28.9,24.7,19.8,73.3,7.2,6,26.7,49,28.3,89.4,29.8,100,0,0.1756823,431.5,75.6,0,0,0,0
2022,44663,HB ,972,115_84_1,Pennsylvania,PA,0,171,0,2,1,"Rep. Benninghoff, Kerry A. [R]",1,0,0,1,0,0,0,0,0,0.774,2020,24322,15298,,39620,0.22776376,-0.13056755,,26.6,24.5,29.1,20,93.1,1.4,2.1,6.9,57.8,25.7,93.7,42.9,61.476597,38.523403,0.224955,408.1,191.2,0,0,0,0
2022,44663,HB ,972,115_84_1,Pennsylvania,PA,0,172,0,2,1,"Rep. Boyle, Kevin J. [D]",0,1,0,0,1,0,0,0,0,-0.726,2020,16426,10420,,26846,0.22372048,-0.2377726,,27.6,29.7,23.7,19,64.3,14.4,13.5,35.7,43.5,38.2,85.1,26.3,100,0,0.278481,431.5,75.6,0,0,0,0
2022,44663,HB ,972,115_84_1,Pennsylvania,PA,0,173,0,2,1,"Rep. Driscoll, Michael J. [D]",0,1,0,0,1,0,0,0,0,-0.688,2020,1,0,,1,1,0.012071823,,28.5,30.3,26,15.3,64.6,17,18.3,35.4,38.6,38.9,86.2,19.6,100,0,0.2238238,431.5,75.6,0,0,0,0
2022,44663,HB ,972,115_84_1,Pennsylvania,PA,0,174,0,2,1,"Rep. Neilson, Ed [D]",1,0,0,0,1,0,0,0,0,-0.631,2020,1,0,,1,1,-0.44677132,,28.1,29.5,25.9,16.5,66.4,15,12,33.6,46.9,33.2,89.3,28,100,0,0.19603321,431.5,75.6,0,0,0,0
2022,44663,HB ,972,115_84_1,Pennsylvania,PA,0,175,0,2,1,"Rep. Isaacson, Mary Louise [D]",0,1,0,0,1,1,0,0,0,,2020,1,0,,1,1,-0.5746773,,21.8,45.9,21.6,10.8,69.6,9.2,15.7,30.4,33.4,52.3,89.7,59.9,100,0,0.49763623,431.5,75.6,0,0,0,0
2022,44663,HB ,972,115_84_1,Pennsylvania,PA,0,176,0,2,1,"Rep. Rader Jr., Jack B. [R]",1,0,0,1,0,0,0,0,0,0.465,2020,17736,14445,,32181,0.10226531,-0.47688523,,28.4,22,31,18.5,82.3,9.1,14.1,17.7,50,32.1,89.6,24.1,67.94579,32.054203,0.34656438,366.5,87.9,0,0,0,0
2022,44663,HB ,972,115_84_1,Pennsylvania,PA,0,177,0,2,1,"Rep. Hohenstein, Joseph \Joe\"" C. [D]""",0,1,0,0,1,0,0,0,0,,2020,15640,10470,,26110,0.19800843,-0.07925702,,31.8,32.8,24,11.4,66.9,13.2,18.2,33.1,36.4,45.9,87.1,24.3,100,0,0.5571715,431.5,75.6,0,0,0,0
2022,44663,HB ,972,115_84_1,Pennsylvania,PA,0,178,0,2,1,"Rep. Thomas, Wendi [R]",1,0,0,1,0,1,0,0,0,,2020,24787,19927,,44714,0.10869079,0.09066571,,26.7,16.7,32.3,24.3,87.8,1.6,3.1,12.2,67.1,21,97.6,57.6,93.52343,6.476569,0.4549985,509.4,60.2,0,0,0,0
2022,44663,HB ,972,115_84_1,Pennsylvania,PA,0,179,0,2,1,"Rep. Dawkins, Jason [D]",0,1,0,0,1,0,1,0,0,-1.006,2020,1,0,,1,1,-0.52253264,,38,26.9,24.6,10.6,20.5,48.1,33.4,79.5,28.1,52.4,77.6,13.6,100,0,0.2965709,431.5,75.6,0,0,0,0
2022,44663,HB ,972,115_84_1,Pennsylvania,PA,0,180,0,2,1,"Rep. Cruz, Angel L. [D]",0,1,0,0,1,0,0,1,0,-0.742,2020,1,0,,1,1,-0.4890953,,43.7,27,22.1,7.1,28.2,18,71,71.8,22.4,57.1,64.5,8.6,100,0,0.61242807,431.5,75.6,0,0,0,0
2022,44663,HB ,972,115_84_1,Pennsylvania,PA,0,181,0,2,1,"Rep. Kenyatta, Malcolm [D]",0,1,1,0,1,0,1,0,0,,2020,1,0,,1,1,-0.64336336,,38.7,31.1,20.2,10,32.3,52.8,14.7,67.7,15.3,69.1,82.7,27.7,100,0,0.8796794,431.5,75.6,0,0,0,0
2022,44663,HB ,972,115_84_1,Pennsylvania,PA,0,182,0,2,1,"Rep. Sims, Brian Kendall [D]",0,1,1,0,1,0,0,0,0,-0.897,2020,34225,6969,,41194,0.66164976,-0.74275684,,17.6,49.8,17.5,15.3,71.6,9.4,5.4,28.4,33.2,53.4,96.4,78.4,100,0,1.2632517,431.5,75.6,0,0,0,0
2022,44663,HB ,972,115_84_1,Pennsylvania,PA,0,183,0,2,1,"Rep. Mako, Zachary A. [R]",1,0,0,1,0,0,0,0,0,0.813,2020,22294,14233,,36527,0.22068606,-0.03541163,,26.5,22.3,30.2,20.7,92.9,1.4,6,7.1,54.1,25.9,92.3,27,88.43566,11.564335,0.20359135,422.55,69.65,0,0,0,0
2022,44663,HB ,972,115_84_1,Pennsylvania,PA,0,184,0,2,1,"Rep. Fiedler, Elizabeth [D]",0,1,0,0,1,1,0,0,0,,2020,20243,8240,,28483,0.42140925,-0.43227687,,25,38.5,22.3,14.3,61.4,4.5,15.5,38.6,39.2,44,81.1,33.6,100,0,0.7754469,431.5,75.6,0,0,0,0
2022,44663,HB ,972,115_84_1,Pennsylvania,PA,0,185,0,2,1,"Rep. Young, Regina Genell [D]",0,1,0,0,1,1,1,0,0,,2020,1,0,,1,1,-0.53889227,,31,29.6,24.7,14.7,34.6,55.3,5.1,65.4,32.4,49.1,88.9,24.2,100,0,0.24912605,465.6,61.8,0,0,0,0
2022,44663,HB ,972,115_84_1,Pennsylvania,PA,0,186,0,2,1,"Rep. Harris, Jordan A. [D]",0,1,0,0,1,0,1,0,0,-0.853,2020,1,0,,1,1,-0.89264596,,27.3,40,21.4,11.3,36.6,47.8,5.3,63.4,28.9,55.2,87.2,38.7,100,0,1.1345156,431.5,75.6,0,0,0,0
2022,44663,HB ,972,115_84_1,Pennsylvania,PA,0,187,0,2,1,"Rep. Day, Gary W. [R]",1,0,0,1,0,0,0,0,0,0.585,2020,23335,14602,,37937,0.23019743,0.025934737,,33.9,21.8,28.8,15.6,86.9,4.2,6.6,13.1,54.3,32.1,94,41.2,62.854897,37.145103,0.33067974,429.25,88.6,0,0,0,0
2022,44663,HB ,972,115_84_1,Pennsylvania,PA,0,188,0,2,1,"Rep. Krajewski, Rick Chester [D]",0,1,0,0,1,0,1,0,0,,2020,1,0,,1,1,-0.8052851,,43.8,33.1,14.6,8.4,36.7,44,6.2,63.3,20.5,67.9,91.5,48.7,100,0,0.61933094,431.5,75.6,0,0,0,0
2022,44663,HB ,972,115_84_1,Pennsylvania,PA,0,189,0,2,1,"Rep. Brown, Rosemary M. [R]",1,0,0,1,0,1,0,0,0,0.445,2020,18408,12502,,30910,0.19107085,0.031932745,,27.8,21.2,34,17,74.2,13.8,16.9,25.8,49.5,31.6,91.3,27.1,41.722847,58.277153,0.19433121,451.66666,71.833336,0,0,0,0
2022,44663,HB ,972,115_84_1,Pennsylvania,PA,0,190,0,2,1,"Rep. Brown, Amen [D]",0,1,0,0,1,0,1,0,0,,2020,27869,1555,,29424,0.894304,-0.7848867,,33.2,28.8,22.9,15.1,10.2,80,3.3,89.8,18.7,59.4,86,25.2,100,0,0.3300451,431.5,75.6,0,0,0,0
2022,44663,HB ,972,115_84_1,Pennsylvania,PA,0,191,0,2,1,"Rep. McClinton, Joanna E. [D]",0,1,0,0,1,1,1,0,0,-1.047,2020,1,0,,1,1,-1.0531304,,35.9,27.4,23.3,13.3,5.4,88.9,2.7,94.6,21.4,54.8,86.2,15.1,100,0,0.47393364,465.6,61.8,0,0,0,0
2022,44663,HB ,972,115_84_1,Pennsylvania,PA,0,192,0,2,1,"Rep. Cephas, Morgan B. [D]",0,1,0,0,1,1,1,0,0,-1.165,2020,1,0,,1,1,-0.8855737,,36.4,25.9,24.6,13.1,8.2,87.2,3.2,91.8,24.8,55.2,90.8,25.9,100,0,0.13091215,431.5,75.6,0,0,0,0
2022,44663,HB ,972,115_84_1,Pennsylvania,PA,0,193,0,2,1,"Rep. Ecker, Torren C. [R]",1,0,0,1,0,0,0,0,0,,2020,1,0,,1,1,-0.013050006,,29,21.4,29.1,20.6,93.5,1.5,7,6.5,58.7,23.7,89.1,22.2,62.297287,37.702713,0.37479997,405.35,112.1,0,0,0,0
2022,44663,HB ,972,115_84_1,Pennsylvania,PA,0,194,0,2,1,"Rep. DeLissio, Pamela A. [D]",0,1,0,0,1,1,0,0,0,-0.757,2020,27965,8738,958,37661,0.51052815,-0.6744984,,24,38.6,21.2,16.3,75.3,15.3,5.3,24.7,42.8,43.8,94.8,58.9,100,0,0.51892215,487,79.25,0,0,0,0
2022,44663,HB ,972,115_84_1,Pennsylvania,PA,0,195,0,2,1,"Rep. Bullock, Donna [D]",0,1,0,0,1,1,1,0,0,-1.117,2020,1,0,,1,1,-0.99286515,,33.8,33.7,21.4,11.2,35.8,55.7,4.5,64.2,20.9,65.9,89.4,41.6,100,0,0.41575846,431.5,75.6,0,0,0,0
2022,44663,HB ,972,115_84_1,Pennsylvania,PA,0,196,0,2,1,"Rep. Grove, Seth M. [R]",1,0,0,1,0,0,0,0,0,0.779,2020,1,0,,1,1,-0.01843124,,26.7,24.3,28.1,21,91.7,3.6,5.5,8.3,58.5,23.5,91.7,21.8,63.638874,36.361126,0.0715962,341.4,112.7,0,0,0,0
2022,44663,HB ,972,115_84_1,Pennsylvania,PA,0,197,0,2,1,"Rep. Burgos, Danilo R. [D]",0,1,0,0,1,0,0,1,0,,2020,1,0,,1,1,-0.7769087,,39.5,25.8,23.8,11,20.7,34.2,58.3,79.3,26.4,55,65.9,8.6,100,0,0.49817795,431.5,75.6,0,0,0,0
2022,44663,HB ,972,115_84_1,Pennsylvania,PA,0,198,0,2,1,"Rep. Parker, Darisha K. [D]",0,1,0,0,1,1,1,0,0,,2020,1,0,,1,1,-0.7976913,,31.9,25.9,25.1,17.1,11.5,82.4,4,88.5,20.3,58.1,84.8,21.4,100,0,0.62157065,431.5,75.6,0,0,0,0
2022,44663,HB ,972,115_84_1,Pennsylvania,PA,0,199,0,2,1,"Rep. Gleim, Barbara J. [R]",1,0,0,1,0,1,0,0,0,,2020,21678,12431,,34109,0.27110147,-0.09509431,,30.1,23.2,27.8,18.8,89.6,4.5,4.3,10.4,51.4,29.2,91.4,32.2,48.200226,51.799774,0.37833533,416.9,122.3,0,0,0,0
2022,44663,HB ,972,115_84_1,Pennsylvania,PA,0,200,0,2,1,"Rep. Rabb, Christopher M. [D]",0,1,0,0,1,0,1,0,0,-1.195,2020,1,0,,1,1,-1.0735784,,26.4,26.2,26.7,20.7,27.6,66,2.6,72.4,37.2,41.3,93.1,43.7,100,0,0.6321538,431.5,75.6,0,0,0,0
2022,44663,HB ,972,115_84_1,Pennsylvania,PA,0,201,0,2,1,"Rep. Kinsey, Stephen [D]",0,1,0,0,1,0,1,0,0,-1.059,2020,1,0,,1,1,-0.7295923,,33.8,27.2,24.6,14.4,6.6,83.8,5.7,93.4,20,56.6,85.8,18.1,100,0,0.079199664,431.5,75.6,0,0,0,0
2022,44663,HB ,972,115_84_1,Pennsylvania,PA,0,202,0,2,1,"Rep. Solomon, Jared G. [D]",0,1,0,0,1,0,0,0,0,-0.684,2020,1,0,,1,1,-0.63520056,,35.9,29.1,22.9,12.2,35.1,32.8,27,64.9,36.7,43.3,81.1,17.2,100,0,0.13860944,431.5,75.6,0,0,0,0
2022,44663,HB ,972,115_84_1,Pennsylvania,PA,0,203,0,2,1,"Rep. Fitzgerald, Isabella V. [D]",0,1,0,0,1,1,1,0,0,-0.982,2020,1,0,,1,1,-0.68254447,,33.6,27.1,24.4,14.9,8.9,72.5,13.2,91.1,27.3,52.9,81.9,17.6,100,0,0.3116183,431.5,75.6,0,0,0,0
2022,44741,HB ,972,30_20,Pennsylvania,PA,1,1,0,4,1,"Sen. Saval, Nikil [D]",0,1,0,0,1,0,0,0,1,,2020,1,0,,1,1,-0.6305859,,21.7,43.9,20.6,13.8,66.7,12.1,11,33.3,35.2,50.1,90.3,56.7,100,0,0.97485316,431.5,75.6,0,0,0,0
2022,44741,HB ,972,30_20,Pennsylvania,PA,1,2,0,4,1,"Sen. Tartaglione, Christine M. [D]",0,1,0,0,1,1,0,0,0,-1.156,2018,1,0,,1,1,-0.23183069,,36.1,29.1,23.1,11.6,40.6,26.8,35.4,59.4,32.9,48,78.8,19.2,100,0,0.30488822,431.5,75.6,0,0,0,0
2022,44741,HB ,972,30_20,Pennsylvania,PA,1,3,0,4,1,"Sen. Street, Sharif T. [D]",0,1,0,0,1,0,1,0,0,,2020,1,0,,1,1,-0.62371826,,35.9,26.7,24.6,12.9,18.6,60.5,20.8,81.4,23.8,57.5,79.9,19.3,100,0,0.49658597,431.5,75.6,0,0,0,0
2022,44741,HB ,972,30_20,Pennsylvania,PA,1,4,0,4,1,"Sen. Haywood III, Arthur L. [D]",0,1,0,0,1,0,1,0,0,-0.983,2018,110114,17068,,127182,0.73159724,-0.6412507,,30.4,25.6,25.8,18.1,40.7,51.3,3.5,59.3,39.1,41.4,92.8,41.1,100,0,0.40943578,487,79.25,0,0,0,0
2022,44741,HB ,972,30_20,Pennsylvania,PA,1,5,0,4,1,"Sen. Dillon, James \Jimmy\"" [D]""",0,1,0,0,1,0,0,0,0,,2020,1,0,,1,1,-0.15918978,,29,29.8,24.9,16.5,64.4,14,15.2,35.6,42.6,36.6,86.4,24.5,100,0,0.29420507,431.5,75.6,0,0,0,0
2022,44741,HB ,972,30_20,Pennsylvania,PA,1,6,0,4,1,"Sen. Tomlinson, Robert \Tommy\"" M. [R]""",1,0,0,1,0,0,0,0,0,0.231,2018,54382,54308,,108690,6.81E-04,0.05634081,,28.5,25.4,28.5,17.5,81.2,5.8,7,18.8,53.8,30.3,93.1,35.7,98.97913,1.0208647,0.22529942,509.4,60.2,0,0,0,0
2022,44741,HB ,972,30_20,Pennsylvania,PA,1,7,0,4,1,"Sen. Hughes, Vincent J. [D]",0,1,0,0,1,0,1,0,0,-1.298,2020,1,0,,1,1,-0.69624746,,32.6,30.2,23.2,14.1,37.9,53.3,3.8,62.1,30.8,52.6,91.2,40,100,0,0.279932,487,79.25,0,0,0,0
2022,44741,HB ,972,30_20,Pennsylvania,PA,1,8,0,4,1,"Sen. Williams, Anthony Hardy [D]",0,1,0,0,1,0,1,0,0,-0.801,2018,1,0,,1,1,-0.5605383,,34.9,30.1,22.8,12.1,24,64.9,4.3,76,25.6,55.2,87.7,25.1,100,0,0.4712878,465.6,61.8,0,0,0,0
2022,44741,HB ,972,30_20,Pennsylvania,PA,1,9,0,4,1,"Sen. Kane, John I. [D]",0,1,0,0,1,0,0,0,0,,2020,80083,74078,,154161,0.038952783,-0.17897582,,30.6,22.4,27.7,19.5,75.4,15.1,4.9,24.6,49.7,34.5,93.9,45.9,90.717354,9.282649,0.27020058,509.85,64.3,0,0,0,0
2022,44741,HB ,972,30_20,Pennsylvania,PA,1,10,0,4,1,"Sen. Santarsiero, Steven J. [D]",0,1,0,0,1,0,0,0,0,-0.713,2018,67438,60935,,128373,0.05065707,-0.1890835,,29.3,21,31.8,18,88.7,2.8,4.2,11.3,57.8,26.7,95.5,51.1,86.35835,13.6416445,0.38028774,509.4,60.2,0,0,0,0
2022,44741,HB ,972,30_20,Pennsylvania,PA,1,11,0,4,1,"Sen. Schwank, Judy L. [D]",0,1,0,0,1,1,0,0,0,-0.769,2020,64011,45205,,109216,0.17219089,-0.079103425,,34,24.6,25.6,15.8,73.7,6.6,30.7,26.3,44,35.9,84.7,23.8,81.03918,18.96082,0.42456928,456.4,107.4,0,0,0,0
2022,44741,HB ,972,30_20,Pennsylvania,PA,1,12,0,4,1,"Sen. Collett, Maria [D]",0,1,0,0,1,1,0,0,0,,2018,62069,55742,,117811,0.053704664,-0.032522567,,28.4,22.8,28.3,20.5,81.1,4.1,5.1,18.9,56,27.7,93.9,44.5,99.89619,0.10381644,0.18517363,542.5,82.9,0,0,0,0
2022,44741,HB ,972,30_20,Pennsylvania,PA,1,13,0,4,1,"Sen. Martin, Scott F. [R]",1,0,0,1,0,0,0,0,0,0.831,2020,73046,58267,,131313,0.11254788,0.087746516,,34.6,24.8,24,16.6,81.9,6.1,15.7,18.1,52.3,32.3,83.8,29.3,79.67571,20.324287,0.5297282,464.1,185.45,0,0,0,0
2022,44741,HB ,972,30_20,Pennsylvania,PA,1,14,0,4,1,"Sen. Yudichak, John T. [R]",1,0,0,1,0,0,0,0,0,-0.511,2018,1,0,,1,1,0.14337641,,28.8,24.1,27.6,19.6,84.5,5.7,15.5,15.5,43.4,34.8,88.2,19,81.81876,18.181232,0.17169091,411.73334,52.466667,0,0,0,0
2022,44741,HB ,972,30_20,Pennsylvania,PA,1,15,0,4,1,"Sen. DiSanto, Giovanni \John\"" M. [R]""",1,0,0,1,0,0,0,0,0,1.153,2020,70041,65366,,135407,0.034525543,-0.21601902,,30.1,25.1,27.3,17.4,73.1,17,8.3,26.9,50.9,30.9,90.3,31.5,90.7896,9.210404,0.3928622,446.1,104.3,0,0,0,0
2022,44741,HB ,972,30_20,Pennsylvania,PA,1,16,0,4,1,"Sen. Browne, Patrick M. [R]",1,0,0,1,0,0,0,0,0,0.314,2018,48897,48200,,97097,0.007178389,-0.026981937,,33.2,25.1,25.8,15.9,74.2,7.9,27.5,25.8,48.2,34.5,89.1,32,88.72708,11.272915,0.40104708,403.86667,75.73333,0,0,0,0
2022,44741,HB ,972,30_20,Pennsylvania,PA,1,17,0,4,1,"Sen. Cappelletti, Amanda M. [D]",0,1,0,0,1,1,0,0,0,,2020,104273,54066,,158339,0.3170855,-0.2056503,,32.1,24.8,25.4,17.8,75.7,10,7.3,24.3,53.3,32.6,95.2,59.8,100,0,0.24673033,521.1,65.45,0,0,0,0
2022,44741,HB ,972,30_20,Pennsylvania,PA,1,18,0,4,1,"Sen. Boscola, Lisa M. [D]",1,0,0,0,1,1,0,0,0,-0.377,2018,1,0,,1,1,-0.05846947,,30,25.8,26,18.2,78.7,7.4,19,21.3,45.9,35.4,90.5,30.5,90.906815,9.093185,0.39746785,422.55,69.65,0,0,0,0
2022,44741,HB ,972,30_20,Pennsylvania,PA,1,19,0,4,1,"Sen. Comitta, Carolyn T. [D]",0,1,0,0,1,1,0,0,0,-0.796,2020,87636,64907,,152543,0.14900061,-0.1498013,,33.9,25.5,26.9,13.8,79.9,7.2,10.1,20.1,52.5,33.3,92.8,52.3,94.12554,5.8744555,0.16925104,520,80.6,0,0,0,0
2022,44741,HB ,972,30_20,Pennsylvania,PA,1,20,0,4,1,"Sen. Baker, Lisa [R]",1,0,0,1,0,1,0,0,0,,2018,67350,14467,,81817,0.6463571,0.23936644,,25.8,22.2,30.1,22,91.8,3.4,5,8.2,52.3,28.7,92.2,25.8,29.606825,70.39317,0.20413806,357.34,54.96,0,0,0,0
2022,44741,HB ,972,30_20,Pennsylvania,PA,1,21,0,4,1,"Sen. Hutchinson, Scott E. [R]",1,0,0,1,0,0,0,0,0,0.757,2020,96811,39677,,136488,0.41860092,0.25274545,,28.3,22.8,29.2,19.6,94.8,1.7,1.6,5.2,53.1,28,93.4,30.5,38.677906,61.322094,0.24876097,408.18332,121.2,0,0,0,0
2022,44741,HB ,972,30_20,Pennsylvania,PA,1,22,0,4,1,"Sen. Flynn II, Martin \Marty\"" B. [D]""",0,1,0,0,1,0,0,0,0,-0.505,2018,59249,37367,,96616,0.22648422,-0.09371962,,29.3,23.8,27.4,19.5,86.7,4.7,9.7,13.3,46.8,33.5,91.2,28,79.79236,20.207644,0.26943046,502.66666,71.1,0,0,0,0
2022,44741,HB ,972,30_20,Pennsylvania,PA,1,23,0,4,1,"Sen. Yaw, Gene [R]",1,0,0,1,0,0,0,0,0,0.514,2020,86655,31888,,118543,0.46200114,0.14775145,,29.3,23.1,27.5,20.2,92.3,3.8,2.7,7.7,50.4,29.9,89.9,22.3,43.482414,56.517586,0.32787234,360.7,111,0,0,0,0
2022,44741,HB ,972,30_20,Pennsylvania,PA,1,24,0,4,1,"Sen. Mensch, Robert \Bob\"" Bruce [R]""",1,0,0,1,0,0,0,0,0,0.472,2018,54586,49558,,104144,0.048279308,-0.059553646,,28.7,23.8,30,17.4,87.2,5.5,4.1,12.8,56,27.4,92.6,35.4,82.4689,17.531096,0.21706925,525.95,71.55,0,0,0,0
2022,44741,HB ,972,30_20,Pennsylvania,PA,1,25,0,4,1,"Sen. Dush, Cris [R]",1,0,0,1,0,0,0,0,0,0.973,2020,88688,30457,,119145,0.48874062,0.14661276,,29.1,21.6,28.3,21,96.4,1.1,1.4,3.6,51.8,27.6,91.3,19,34.256542,65.743454,0.23100826,382.6,131.96666,0,0,0,0
2022,44741,HB ,972,30_20,Pennsylvania,PA,1,26,0,4,1,"Sen. Kearney, Timothy P. [D]",0,1,0,0,1,0,0,0,0,,2018,65660,55287,,120947,0.08576484,-0.16571504,,30.1,26.6,26.9,16.3,72,15.4,3.8,28,50.3,33.9,93.3,41.2,99.67242,0.32758158,0.3116915,499.7,48,0,0,0,0
2022,44741,HB ,972,30_20,Pennsylvania,PA,1,27,0,4,1,"Sen. Gordner, John R. [R]",1,0,0,1,0,0,0,0,0,0.598,2020,83166,31891,,115057,0.44564867,0.19150282,,29.3,22.4,27.7,20.6,94.5,1.9,3.2,5.5,50.3,30.2,89.9,22.4,56.68522,43.31478,0.23707679,437.1,105.16,0,0,0,0
2022,44741,HB ,972,30_20,Pennsylvania,PA,1,28,0,4,1,"Sen. Phillips-Hill, Kristin Lee [R]",1,0,0,1,0,1,0,0,0,,2018,62380,37105,,99485,0.2540584,0.1830613,,31.4,24.2,27.4,16.6,85.1,7.2,9.4,14.9,50.1,30.4,89.6,25.2,82.3631,17.636898,0.4489976,341.4,112.7,0,0,0,0
2022,44741,HB ,972,30_20,Pennsylvania,PA,1,29,0,4,1,"Sen. Argall, David G. [R]",1,0,0,1,0,0,0,0,0,0.38,2020,1,0,,1,1,0.123815425,,27.7,23.5,28.9,19.9,91.4,3.2,6.1,8.6,50.2,29.5,89.9,22.6,58.716145,41.283855,0.31496382,462.3,38.033333,0,0,0,0
2022,44741,HB ,972,30_20,Pennsylvania,PA,1,30,0,4,1,"Sen. Ward, Judith F. [R]",1,0,0,1,0,1,0,0,0,0.816,2018,63661,23684,,87345,0.45769078,0.09380559,,28.6,23.4,27.8,20.3,95.5,1.8,1.7,4.5,54.2,26.1,90.4,21,47.787457,52.212543,0.10021577,391.32,185.22,0,0,0,0
2022,44741,HB ,972,30_20,Pennsylvania,PA,1,31,0,4,1,"Sen. Regan, Michael \Mike\"" R. [R]""",1,0,0,1,0,0,0,0,0,0.602,2020,94459,61714,,156173,0.20967133,0.13143459,,28.3,25.1,27.6,18.9,87.4,3.7,4.1,12.6,54.3,27.6,93.9,36.6,74.97042,25.029581,0.38863477,379.15,117.5,0,0,0,0
2022,44741,HB ,972,30_20,Pennsylvania,PA,1,32,0,4,1,"Sen. Stefano, Patrick \Pat\"" J. [R]""",1,0,0,1,0,0,0,0,0,0.503,2018,54417,28371,,82788,0.3146108,0.062082857,,26,22.9,29.2,21.8,92.8,3.7,1.3,7.2,50,28.1,89.4,18.7,44.209427,55.790573,0.22922522,439.175,141.525,0,0,0,0
2022,44741,HB ,972,30_20,Pennsylvania,PA,1,33,0,4,1,"Sen. Mastriano, Doug [R]",1,0,0,1,0,0,0,0,0,,2020,95682,43678,,139360,0.37316304,0.019749625,,30.3,22.9,26.7,19.9,90.9,3.5,7,9.1,53.5,27.9,88.8,23.4,55.651905,44.348095,0.24111307,360.9,133.15,0,0,0,0
2022,44741,HB ,972,30_20,Pennsylvania,PA,1,34,0,4,1,"Sen. Corman, Jacob \Jake\"" Doyle [R]""",1,0,0,1,0,0,0,0,0,0.393,2018,49259,39075,,88334,0.115289696,-0.016058603,,35.2,23.9,24.4,16.4,89.5,3.3,2.8,10.5,45.3,39.7,90.9,33.8,46.417927,53.582073,0.19431388,377.58572,145.27142,0,0,0,0
2022,44741,HB ,972,30_20,Pennsylvania,PA,1,35,0,4,1,"Sen. Langerholc Jr., Wayne [R]",1,0,0,1,0,0,0,0,0,0.521,2020,91457,32742,,124199,0.47274938,0.07338985,,26.8,22,29,22.1,94,3,2,6,50.5,28.7,89.9,18.5,58.884827,41.115173,0.23833087,459.86667,108.1,0,0,0,0
2022,44741,HB ,972,30_20,Pennsylvania,PA,1,36,0,4,1,"Sen. Aument, Ryan P. [R]",1,0,0,1,0,0,0,0,0,0.798,2018,69851,35280,,105131,0.32883736,0.2011114,,30.3,24.3,26.1,19.4,93.2,2,5.9,6.8,59.2,25.3,87.3,27.8,80.14377,19.856232,0.20371586,471.8,263.5,0,0,0,0
2022,44741,HB ,972,30_20,Pennsylvania,PA,1,37,0,4,1,"Sen. Robinson, Devlin [R]",1,0,0,1,0,0,0,0,0,,2020,91092,83845,,174937,0.041426342,0.083221056,,27.7,24.3,28.2,19.9,89.9,2.4,1.4,10.1,58.6,25.3,96.4,52.2,95.986,4.0139995,0.21384753,608,76.4,0,0,0,0
2022,44741,HB ,972,30_20,Pennsylvania,PA,1,38,0,4,1,"Sen. Williams, Lindsey Marie [D]",0,1,0,0,1,1,0,0,0,,2018,62361,61568,,123929,0.006398825,-0.33235276,,26.2,24.8,28.6,20.3,87.7,5.6,1.7,12.3,55.8,27.1,96.3,49.1,92.69697,7.303033,0.17837276,608,76.4,0,0,0,0
2022,44741,HB ,972,30_20,Pennsylvania,PA,1,39,0,4,1,"Sen. Ward, Kim L. [R]",1,0,0,1,0,1,0,0,0,0.643,2020,91938,43970,,135908,0.35294464,0.32578638,,25.7,21.8,29.9,22.6,95.3,1.7,1.1,4.7,55.1,26.2,95.1,30.5,79.37973,20.620266,0.16849032,514.2,80.4,0,0,0,0
2022,44741,HB ,972,30_20,Pennsylvania,PA,1,40,0,4,1,"Sen. Scavello, Mario M. [R]",1,0,0,1,0,0,0,0,0,0.392,2018,54783,42396,1251,98430,0.12584578,0.2215395,,28.6,21.8,30.2,19.3,84,8,10.6,16,52.2,29.8,91.1,28.4,86.54528,13.4547205,0.19114435,451.66666,71.833336,0,0,0,0
2022,44741,HB ,972,30_20,Pennsylvania,PA,1,41,0,4,1,"Sen. Pittman, Joe [R]",1,0,0,1,0,0,0,0,0,,2020,91754,34223,,125977,0.4566786,0.3515895,,28.7,21.2,28.4,21.6,95.8,1.4,1.2,4.2,54.9,27.8,92.6,25.5,35.20957,64.79043,0.14146754,496.6,147.2,0,0,0,0
2022,44741,HB ,972,30_20,Pennsylvania,PA,1,42,0,4,1,"Sen. Fontana, Wayne D. [D]",0,1,0,0,1,0,0,0,0,-0.823,2018,1,0,,1,1,-0.11679079,,26,32.6,24.7,16.6,72.4,19.6,2.6,27.6,35.8,44.3,93.1,36.7,99.9991,9.03E-04,0.4895058,608,76.4,0,0,0,0
2022,44741,HB ,972,30_20,Pennsylvania,PA,1,43,0,4,1,"Sen. Costa Jr., Jay [D]",0,1,0,0,1,0,0,0,0,-0.897,2020,1,0,,1,1,-0.31407064,,31,29.4,22.2,17.4,67.2,22.3,2.9,32.8,35,48,94.4,46.4,100,0,0.5147557,608,76.4,0,0,0,0
2022,44741,HB ,972,30_20,Pennsylvania,PA,1,44,0,4,1,"Sen. Muth, Katie J. [D]",0,1,0,0,1,1,0,0,0,,2018,62692,57943,,120635,0.039366685,-0.006688998,,29.7,23.9,29.5,17,84.5,5.4,4.5,15.5,57,27.4,95.1,47.6,89.046074,10.953926,0.30557063,506.3,90.3,0,0,0,0
2022,44741,HB ,972,30_20,Pennsylvania,PA,1,45,0,4,1,"Sen. Brewster, James R. [D]",0,1,0,0,1,0,0,0,0,-0.624,2020,66261,66192,,132453,5.21E-04,0.1238383,,27,23.4,29.1,20.4,80.2,13.8,2.2,19.8,45.5,33.3,93.9,25.8,94.668365,5.331635,0.19437651,608,76.4,0,0,0,0
2022,44741,HB ,972,30_20,Pennsylvania,PA,1,46,0,4,1,"Sen. Bartolotta, Camera C. [R]",1,0,0,1,0,1,0,0,0,0.505,2018,55527,38908,,94435,0.17598347,0.105282865,,27.4,23.3,28.8,20.5,91.5,4.6,1.8,8.5,50.5,29.4,92.1,25.5,58.43623,41.56377,0.17185634,428.1,94.46667,0,0,0,0
2022,44741,HB ,972,30_20,Pennsylvania,PA,1,47,0,4,1,"Sen. Vogel Jr., Elder A. [R]",1,0,0,1,0,0,0,0,0,0.461,2020,87423,44051,,131474,0.3298903,0.23353457,,27.1,22.5,28.6,21.9,92.2,3.9,1.6,7.8,51.5,27.5,93.2,25.7,78.21418,21.78582,0.16681385,538.3,111,0,0,0,0
2022,44741,HB ,972,30_20,Pennsylvania,PA,1,48,0,4,1,"Sen. Gebhard, Chris [R]",1,0,0,1,0,0,0,0,0,,2018,60357,35545,,95902,0.25872245,0.24084595,,30.3,24.8,26.9,18,82.4,6.5,11.3,17.6,51.1,30.3,89.3,23,72.19403,27.805965,0.24777786,429.7,167.43333,0,0,0,0
2022,44741,HB ,972,30_20,Pennsylvania,PA,1,49,0,4,1,"Sen. Laughlin, Daniel J. [R]",1,0,0,1,0,0,0,0,0,,2020,69813,46900,,116713,0.19631918,-0.076192655,,31.4,24.5,26.4,17.9,84.3,8,4.7,15.7,44.9,35.4,91.4,29.2,86.61443,13.385567,0.21892282,386.7,79.6,0,0,0,0
2022,44741,HB ,972,30_20,Pennsylvania,PA,1,50,0,4,1,"Sen. Brooks, Michele [R]",1,0,0,1,0,1,0,0,0,0.72,2020,55648,29125,,84773,0.31287083,0.13262737,,29.4,21.6,28,20.8,93,3.6,1.6,7,51,28.2,90.2,22.1,44.709263,55.290737,0.20271955,458.4,144.13333,0,0,0,0
2022,44656,HB,4608,82_28_5_6,South Carolina,SC,0,2,0,2,1,"Rep. Sandifer III, William \Bill\"" E. [R]""",1,0,0,1,0,0,0,0,0,0.819,2020,1,0,,1,1,0.46930936,,27.3,21.4,28.1,23.2,81.2,11.7,4.1,18.8,49.6,28,86.6,28.9,51.567783,48.432217,0.049146086,512.75,380.75,0,1,1,0
2022,44656,HB,4608,82_28_5_6,South Carolina,SC,0,3,0,2,1,"Rep. Carter, Jerry T. [R]",1,0,0,1,0,0,0,0,0,,2020,9214,4819,20,14053,0.31274462,-0.16301218,,51.1,19.7,18.2,11.1,82,6.6,3.2,18,31.4,55.9,90.1,43.8,69.405876,30.594122,0.075809784,476,360.6,0,1,1,0
2022,44656,HB,4608,82_28_5_6,South Carolina,SC,0,4,0,2,1,"Rep. Hiott, Davey \David\"" R. [R]""",1,0,0,1,0,0,0,0,0,0.861,2020,1,0,,1,1,0.33158866,,30.1,24.1,26.6,19.2,91.4,4.4,2.7,8.6,58.6,23.2,85.7,18.9,36.996265,63.003735,0.42305657,476,360.6,0,1,1,0
2022,44656,HB,4608,82_28_5_6,South Carolina,SC,0,5,0,2,1,"Rep. Collins, Neal A. [R]",1,0,0,1,0,0,0,0,0,1.042,2020,1,0,,1,1,0.2224883,,28.9,24.2,27.8,18.9,82.8,8.5,5.8,17.2,53.5,23.3,84.1,23.9,80.234116,19.765886,0.43448144,534.9,351.65,0,1,1,0
2022,44656,HB,4608,82_28_5_6,South Carolina,SC,0,6,0,2,1,"Rep. White, W. Brian [R]",1,0,0,1,0,0,0,0,0,0.797,2020,1,0,,1,1,0.045430433,,30.6,24.6,27.4,17.3,75.4,15.7,3.8,24.6,51,27.9,86.9,29.1,72.6451,27.354897,0.06867275,725.7,580.6,0,1,1,0
2022,44656,HB,4608,82_28_5_6,South Carolina,SC,0,7,0,2,1,"Rep. West IV, John Taliaferro [R]",1,0,0,1,0,0,0,0,0,0.976,2020,12280,3833,13,16126,0.5238125,0.31870583,,31.7,23.8,25.8,18.8,78.8,16.6,2.4,21.2,53.1,26.4,82.2,15.1,39.69771,60.30229,0.24866785,648.93335,429,0,1,1,0
2022,44656,HB,4608,82_28_5_6,South Carolina,SC,0,8,0,2,1,"Rep. Hill, Jonathon D. [R]",1,0,0,1,0,0,0,0,0,1.649,2020,14099,3274,92,17465,0.61981106,0.16116469,,28.1,21.7,28,22.2,76.6,18.1,2.1,23.4,53.1,23.6,87.4,21.6,55.688522,44.311478,0.33960128,725.7,580.6,0,1,1,0
2022,44656,HB,4608,82_28_5_6,South Carolina,SC,0,9,0,2,1,"Rep. Thayer, Anne J. [R]",1,0,0,1,0,1,0,0,0,1.322,2020,1,0,,1,1,-0.02687985,,33.4,23.9,24.6,18.2,73.1,19.5,4.6,26.9,43.1,31.6,85.9,26.8,87.48463,12.515375,0.0709769,725.7,580.6,0,1,1,0
2022,44656,HB,4608,82_28_5_6,South Carolina,SC,0,10,0,2,1,"Rep. Cox, Westley \West\"" P [R]""",1,0,0,1,0,0,0,0,0,,2020,1,0,,1,1,0.6301387,,29.5,27.9,27.5,15,82.4,6.5,7.1,17.6,54.3,24.9,84.8,26.7,57.328083,42.671917,0.16268627,598.5,427.96667,0,1,1,0
2022,44656,HB,4608,82_28_5_6,South Carolina,SC,0,11,0,2,1,"Rep. Gagnon, Craig A. [R]",1,0,0,1,0,0,0,0,0,0.842,2020,1,0,,1,1,0.07916344,,31,21.4,27.5,20,69.9,24,3.2,30.1,48.1,30.1,78.9,14.7,19.4347,80.5653,0.41007617,639.5,453.3,0,1,1,0
2022,44656,HB,4608,82_28_5_6,South Carolina,SC,0,13,0,2,1,"Rep. Mccravy III, John R. [R]",1,0,0,1,0,0,0,0,0,1.166,2020,14115,5574,18,19707,0.4333993,0.3377727,,28.3,24.3,26.6,20.9,75.5,17.9,3.6,24.5,47.7,29.8,89,30.2,74.287605,25.712397,0.10073875,541.9,351.7,0,1,1,0
2022,44656,HB,4608,82_28_5_6,South Carolina,SC,0,14,0,2,1,"Rep. Jones, Stewart O. [R]",1,0,0,1,0,0,0,0,0,,2020,1,0,,1,1,0.106739,,29.1,22.8,27.8,20.3,71.6,20.6,4.3,28.4,53.8,26.8,82.6,17.6,1.0255201,98.97448,0.2683773,673,478.45,0,1,1,0
2022,44656,HB,4608,82_28_5_6,South Carolina,SC,0,15,0,2,1,"Rep. Moore, JA [D]",0,1,0,0,1,0,1,0,0,,2020,7573,7027,17,14617,0.037353765,-0.10447209,,36.9,31.9,20,11,48.4,28.3,14.4,51.6,40.7,42.3,85.3,22.1,38.63303,61.36697,0.20069574,432.85,169.9,0,1,1,0
2022,44656,HB,4608,82_28_5_6,South Carolina,SC,0,16,0,2,1,"Rep. Willis, Mark N. [R]",1,0,0,1,0,0,0,0,0,1.2,2020,1,0,,1,1,0.098876536,,32.3,28.3,25.2,14.3,65.1,24.8,5.8,34.9,47.9,31.4,86.7,21.4,53.11306,46.88694,0.28455022,541.9,351.7,0,1,1,0
2022,44656,HB,4608,82_28_5_6,South Carolina,SC,0,17,0,2,1,"Rep. Burns, James \Mike\"" Mikell [R]""",1,0,0,1,0,0,0,0,0,1.122,2020,1,0,,1,1,0.4511874,,32.4,19.5,26.7,21.5,84.9,8,3.3,15.1,55.8,27,87.7,28.4,37.36952,62.63048,0.20369364,593.8,342.7,0,1,1,0
2022,44656,HB,4608,82_28_5_6,South Carolina,SC,0,19,0,2,1,"Rep. Haddon, Patrick B. [R]",1,0,0,1,0,0,0,0,0,,2020,9767,6218,12,15997,0.22185409,-0.058773268,,35.2,25.4,22.7,16.6,60.8,11.7,21,39.2,41.1,37.1,80,25.1,88.65312,11.346876,0.50615597,593.8,342.7,0,1,1,0
2022,44656,HB,4608,82_28_5_6,South Carolina,SC,0,20,0,2,1,"Rep. Morgan, Adam M. [R]",1,0,0,1,0,0,0,0,0,,2020,14632,7016,15,21663,0.35156718,0.055357184,,30.2,25.7,26.8,17.2,74.3,8.8,10.6,25.7,55.7,25.2,93.2,41.4,99.364624,0.6353761,0.31051707,593.8,342.7,0,1,1,0
2022,44656,HB,4608,82_28_5_6,South Carolina,SC,0,21,0,2,1,"Rep. Cox, Bobby J. [R]",1,0,0,1,0,0,0,0,0,,2020,1,0,,1,1,0.021803834,,34,21.9,29.4,14.6,76.9,5,7.3,23.1,62,23.3,96.7,59.5,99.15554,0.8444579,0,593.8,342.7,0,1,1,0
2022,44656,HB,4608,82_28_5_6,South Carolina,SC,0,22,0,2,1,"Rep. Elliott, Jason T. [R]",1,0,1,1,0,0,0,0,0,1.086,2020,13542,7750,63,21355,0.27122453,0.15144876,,30.8,29.4,22.5,17.4,79.1,5.5,7.3,20.9,47.5,33.3,95.1,53,100,0,0.28556743,593.8,342.7,0,1,1,0
2022,44656,HB,4608,82_28_5_6,South Carolina,SC,0,23,0,2,1,"Rep. Dillard, Chandra E. [D]",0,1,0,0,1,1,1,0,0,-0.841,2020,1,0,,1,1,-0.06786493,,29.1,34.3,23.2,13.5,40.3,42.6,13,59.7,26.8,50.2,80,28,100,0,0.27155465,593.8,342.7,0,1,1,0
2022,44656,HB,4608,82_28_5_6,South Carolina,SC,0,24,0,2,1,"Rep. Bannister, Bruce W. [R]",1,0,0,1,0,0,0,0,0,0.777,2020,1,0,,1,1,-0.015063399,,29.1,29.7,23.7,17.3,71.8,15.5,6.8,28.2,50.9,32.7,92.4,53,100,0,0.340118,593.8,342.7,0,1,1,0
2022,44656,HB,4608,82_28_5_6,South Carolina,SC,0,26,0,2,1,"Rep. Felder, Raye [R]",1,0,0,1,0,1,0,0,0,0.706,2020,17576,11735,20,29331,0.19914085,0.19060844,,34.4,28.6,26,11.2,71.6,12.2,7.8,28.4,56,28.5,93.4,47.5,81.57094,18.429064,0.4204434,447.1,239.9,0,1,1,0
2022,44656,HB,4608,82_28_5_6,South Carolina,SC,0,27,0,2,1,"Rep. Smith, Garry R. [R]",1,0,0,1,0,0,0,0,0,1.26,2020,1,0,,1,1,0.03915792,,29.5,29.3,26.9,14.3,68.3,19.5,7.7,31.7,55.1,29.2,94.8,36.4,96.46595,3.5340476,0.32839665,593.8,342.7,0,1,1,0
2022,44656,HB,4608,82_28_5_6,South Carolina,SC,0,28,0,2,1,"Rep. Trantham, Ashley B. [R]",1,0,0,1,0,1,0,0,0,0.918,2020,15990,8537,24,24551,0.30357215,0.3716571,,32.2,26.5,28.3,13.2,69.6,18.7,8.3,30.4,58.1,26,90.2,30.1,64.783195,35.216805,0.14562786,593.8,342.7,0,1,1,0
2022,44656,HB,4608,82_28_5_6,South Carolina,SC,0,29,0,2,1,"Rep. Moss, Dennis Carroll [R]",1,0,0,1,0,0,0,0,0,0.922,2020,1,0,,1,1,0.2561768,,31.6,23.5,27.6,17.2,79.7,15.1,2.9,20.3,46.3,31.6,84.1,16.3,24.153624,75.846375,0.07087675,529.7,374.16666,0,1,1,0
2022,44656,HB,4608,82_28_5_6,South Carolina,SC,0,30,0,2,1,"Rep. Moss, Steve [R]",1,0,0,1,0,0,0,0,0,0.698,2020,1,0,,1,1,0.44724244,,31.9,25.9,25.4,16.8,70.6,20.6,5.3,29.4,45.4,34.8,82.5,14.6,41.41791,58.58209,0.4885162,536.85,385.3,0,1,1,0
2022,44656,HB,4608,82_28_5_6,South Carolina,SC,0,31,0,2,1,"Rep. Henderson-Myers, Rosalyn D. [D]",0,1,0,0,1,1,1,0,0,-0.976,2020,1,0,,1,1,-0.30778256,,40.7,26.2,19.7,13.3,31.9,52.1,11.9,68.1,24.3,53.1,78,14.9,100,0,0.20288233,515.4,351.9,0,1,1,0
2022,44656,HB,4608,82_28_5_6,South Carolina,SC,0,32,0,2,1,"Rep. Hyde Jr., Max T. [R]",1,0,0,1,0,0,0,0,0,,2020,1,0,,1,1,0.09080798,,28.9,25.2,28.3,17.6,72.1,19.2,4.3,27.9,50.5,27.4,90.2,33.7,85.960815,14.039186,0.77275705,515.4,351.9,0,1,1,0
2022,44656,HB,4608,82_28_5_6,South Carolina,SC,0,33,0,2,1,"Rep. Moore, Travis A. [R]",1,0,0,1,0,0,0,0,0,,2020,14896,1805,190,16891,0.7750281,0.4053075,,28,27.1,26.1,18.9,78.2,13.6,3.2,21.8,52.1,28.3,87.8,22.9,38.420597,61.579403,0.2366205,515.4,351.9,0,1,1,0
2022,44656,HB,4608,82_28_5_6,South Carolina,SC,0,34,0,2,1,"Rep. Nutt, Roger A. [R]",1,0,0,1,0,0,0,0,0,,2020,15017,677,,15694,0.913725,0.40188253,,32.8,26.7,24.1,16.3,58.9,25,9.9,41.1,50.4,30,92.8,33.5,96.30883,3.691172,0.2705314,515.4,351.9,0,1,1,0
2022,44656,HB,4608,82_28_5_6,South Carolina,SC,0,35,0,2,1,"Rep. Chumley, William \Bill\"" M. [R]""",1,0,0,1,0,0,0,0,0,1.51,2020,19296,9053,48,28397,0.3607071,0.10196912,,32.6,24.5,29.9,12.9,77,10.2,5.5,23,57.5,27.3,91.3,39.2,43.806084,56.193916,0.1764187,554.6,347.3,0,1,1,0
2022,44656,HB,4608,82_28_5_6,South Carolina,SC,0,36,0,2,1,"Allison, Merita \Rita\""""",1,0,0,1,0,1,0,0,0,1.131,2020,1,0,,1,1,0.06932888,,33.6,27.7,24.5,14.1,69.2,15.8,9.3,30.8,48.2,30.3,84.7,17.4,80.25323,19.746773,0.30278563,554.6,347.3,0,1,1,0
2022,44656,HB,4608,82_28_5_6,South Carolina,SC,0,37,0,2,1,"Rep. Long, Steven Wayne [R]",1,0,0,1,0,0,0,0,0,1.661,2020,1,0,,1,1,0.14808317,,33.6,26.3,24.1,15.9,71.6,15,7.9,28.4,53.8,27.2,86.7,21,92.87614,7.1238613,0.33350772,515.4,351.9,0,1,1,0
2022,44656,HB,4608,82_28_5_6,South Carolina,SC,0,38,0,2,1,"Rep. Magnuson, Roy Josiah [R]",1,0,0,1,0,0,0,0,0,1.834,2020,1,0,,1,1,0.20792928,,30,21.7,29,19.3,85,5.8,4.7,15,55.6,23.9,86.1,21,39.131516,60.868484,0.07370678,515.4,351.9,0,1,1,0
2022,44656,HB,4608,82_28_5_6,South Carolina,SC,0,39,0,2,1,"Rep. Forrest Jr., Cally \Cal\"" R. [R]""",1,0,0,1,0,0,0,0,0,,2020,1,0,,1,1,0.34043953,,31.3,23.1,28,17.7,69.6,17.3,10.9,30.4,52.6,28.5,82.2,16.8,22.998644,77.00136,0.070160665,513.15,256.6,0,1,1,0
2022,44656,HB,4608,82_28_5_6,South Carolina,SC,0,41,0,2,1,"Rep. McDaniel, Annie E. [D]",0,1,0,0,1,1,1,0,0,,2020,12573,6808,30,19411,0.29699653,-0.08467108,,31.3,22.2,28.6,18.1,39.2,55.9,2,60.8,43.8,37.2,86.5,21.8,30.792107,69.20789,0.01388696,647.56665,347.2,0,1,1,0
2022,44656,HB,4608,82_28_5_6,South Carolina,SC,0,42,0,2,1,"Rep. Gilliam, Leon \Doug\"" D. [R]""",1,0,0,1,0,0,0,0,0,,2020,1,0,,1,1,0.26945072,,29.9,21,27.8,21.3,67.8,26.1,2.4,32.2,45.2,31.2,84,16.7,34.067093,65.93291,0.12322859,673,478.45,0,1,1,0
2022,44656,HB,4608,82_28_5_6,South Carolina,SC,0,43,0,2,1,"Rep. Ligon, Thomas \Randy\"" R. [R]""",1,0,0,1,0,0,0,0,0,,2020,12439,5781,12,18232,0.3651821,0.20546286,,29.8,23.3,29.1,17.6,70.2,23.4,2.4,29.8,53.3,27.1,86.3,16.9,43.789032,56.210968,0.34049797,565.8,331.9,0,1,1,0
2022,44656,HB,4608,82_28_5_6,South Carolina,SC,0,45,0,2,1,"Rep. Newton, Brandon Michael [R]",1,0,0,1,0,0,0,0,0,0.875,2020,23974,13554,30,37558,0.27743757,0.12732634,,27.4,24.7,25.7,22.3,78.1,9.1,6.6,21.9,61,20.7,92.7,43.1,78.52299,21.477013,0.24243648,481.65,280.8,0,1,1,0
2022,44656,HB,4608,82_28_5_6,South Carolina,SC,0,47,0,2,1,"Rep. Pope, Thomas \Tommy\"" E. [R]""",1,0,0,1,0,0,0,0,0,0.849,2020,17569,6355,29,23953,0.46816683,0.28136867,,28.3,26,31.1,14.5,80,11.7,5,20,54.2,27.3,90.1,23.1,53.165024,46.834976,0.41398913,447.1,239.9,0,1,1,0
2022,44656,HB,4608,82_28_5_6,South Carolina,SC,0,48,0,2,1,"Rep. Bryant, Bruce M. [R]",1,0,0,1,0,0,0,0,0,1.07,2020,15527,9957,19,25503,0.21840568,-0.041823108,,32.8,26.7,26.3,14.3,72.1,12.6,7.7,27.9,59.3,23.3,95,45.3,96.63469,3.3653114,0.05787372,447.1,239.9,0,1,1,0
2022,44656,HB,4608,82_28_5_6,South Carolina,SC,0,49,0,2,1,"Rep. King, John R. [D]",0,1,0,0,1,0,1,0,0,-1.045,2020,11179,6421,16,17616,0.27009538,-0.041103702,,36.7,25.7,24.8,12.6,42,51.9,3,58,35.1,45.1,84.7,19.1,73.774704,26.225296,0.14240956,447.1,239.9,0,1,1,0
2022,44656,HB,4608,82_28_5_6,South Carolina,SC,0,50,0,2,1,"Rep. Wheeler III, William Walter [D]",1,0,0,0,1,0,0,0,0,-0.626,2020,1,0,,1,1,-0.26481327,,30.4,27,25.2,17.4,41.9,52.8,2.4,58.1,41.5,36.4,82.2,16.2,25.828453,74.17155,0.039435286,523.7,275.93332,0,1,1,0
2022,44656,HB,4608,82_28_5_6,South Carolina,SC,0,51,0,2,1,"Rep. Weeks, J. David [D]",1,0,0,0,1,0,1,0,0,-0.589,2020,1,0,,1,1,0.042545877,,35.2,24.2,23.1,17.4,26.1,65.3,5.6,73.9,32.3,41.3,83.8,16.6,98.90387,1.0961275,0.23975588,531.5,303.4,0,1,1,0
2022,44656,HB,4608,82_28_5_6,South Carolina,SC,0,52,0,2,1,"Rep. Dabney, Victor \Vic\"" M. [R]""",1,0,0,1,0,0,0,0,0,,2020,11218,10508,16,21742,0.03265569,0.29488719,,28.9,22.2,27.1,21.8,65.4,26,5.6,34.6,48.9,29,90.1,24.4,39.07117,60.92883,0.32160544,488.1,300.2,0,1,1,0
2022,44656,HB,4608,82_28_5_6,South Carolina,SC,0,53,0,2,1,"Rep. Yow, Richard \Richie\"" L. [R]""",1,0,0,1,0,0,0,0,0,0.782,2020,1,0,,1,1,-0.012439014,,29.2,24,28.2,18.7,61.2,30.5,4.3,38.8,45.6,31.5,77.6,13.7,33.988976,66.011024,0.28258565,501.36667,305.2,0,1,1,0
2022,44656,HB,4608,82_28_5_6,South Carolina,SC,0,54,0,2,1,"Rep. Henegan, Patricia \Pat\"" Moore [D]""",1,0,0,0,1,1,1,0,0,-0.778,2020,8304,6686,10,15000,0.10786667,0.22135751,,27.8,25,28.2,19,46,45.3,2.9,54,41.5,36.8,79,8.2,35.376766,64.62324,0.040102664,483.5,287.66666,0,1,1,0
2022,44656,HB,4608,82_28_5_6,South Carolina,SC,0,55,0,2,1,"Rep. Hayes, Jackie \Coach\"" E. [D]""",1,0,0,0,1,0,0,0,0,-0.271,2020,1,0,,1,1,-0.040071987,,32.3,24.3,26.2,17.1,45.2,46.4,2.8,54.8,38.3,42.6,76.4,12.1,28.297394,71.70261,0,475.66666,279.1,0,1,1,0
2022,44656,HB,4608,82_28_5_6,South Carolina,SC,0,56,0,2,1,"Rep. McGinnis, Timothy \Tim\"" A. [R]""",1,0,0,1,0,0,0,0,0,0.651,2020,17223,9072,19,26314,0.30975905,0.07663429,,29.2,26.7,25.3,18.9,77.3,13.7,4.7,22.7,51,30.7,91.8,28.7,31.155815,68.844185,0.7389024,450,217.4,0,1,1,0
2022,44656,HB,4608,82_28_5_6,South Carolina,SC,0,57,0,2,1,"Rep. Atkinson, Frank \Lucas\"" Lucas [D]""",1,0,0,0,1,0,0,0,0,0.059,2020,1,0,,1,1,-0.116294235,,32.1,22.4,26.2,19.2,41.3,54.3,2.7,58.7,35.5,41.6,80.3,13.9,43.46007,56.53993,0,554.4667,225.26666,0,1,1,0
2022,44656,HB,4608,82_28_5_6,South Carolina,SC,0,58,0,2,1,"Rep. Johnson, Jeffrey \Jeff\"" E. [R]""",1,0,0,1,0,0,0,0,0,1.009,2020,1,0,,1,1,0.07339226,,29.3,24.8,27.7,18.2,71.6,20.5,5.2,28.4,46.5,31.1,85.3,16,26.39454,73.60546,0.26607004,450,217.4,0,1,1,0
2022,44656,HB,4608,82_28_5_6,South Carolina,SC,0,60,0,2,1,"Rep. Lowe, Phillip D. [R]",1,0,0,1,0,0,0,0,0,0.915,2020,10834,6812,7,17653,0.22783662,-0.03111055,,29,22.6,29,19.5,65.8,30.3,1.5,34.2,48.3,30.5,83.7,20.3,34.56576,65.43424,0.0822676,520.2,292.2,0,1,1,0
2022,44656,HB,4608,82_28_5_6,South Carolina,SC,0,61,0,2,1,"Rep. Kirby, Roger K. [D]",0,1,0,0,1,0,0,0,0,-0.441,2020,1,0,,1,1,-0.095643744,,36.7,23.2,24,16.2,47.6,47,2.4,52.4,35.5,41.9,81.2,15.4,33.023388,66.97661,0.27935255,450,217.4,0,1,1,0
2022,44656,HB,4608,82_28_5_6,South Carolina,SC,0,62,0,2,1,"Rep. Williams, Robert Q. [D]",1,0,0,0,1,0,1,0,0,-0.847,2020,1,0,,1,1,0.013920605,,29.7,24.2,26.9,19.4,37.1,58.8,1.3,62.9,35,37.4,80,13.8,47.75258,52.24742,0.15784778,521.75,305.55,0,1,1,0
2022,44656,HB,4608,82_28_5_6,South Carolina,SC,0,63,0,2,1,"Rep. Jordan Jr., Wallace \Jay\"" H. [R]""",1,0,0,1,0,0,0,0,0,0.951,2020,12998,7077,23,20098,0.29460642,-0.30548784,,29.5,28.6,25.4,16.7,66.3,25.5,3.4,33.7,51.9,28.7,93.6,37.3,98.681564,1.3184358,0,520.2,292.2,0,1,1,0
2022,44656,HB,4608,82_28_5_6,South Carolina,SC,0,64,0,2,1,"Rep. Johnson, Kimberly O. [D]",0,1,0,0,1,1,1,0,0,,2020,9446,7933,14,17393,0.086989015,-0.12543333,,28.2,21.2,27.2,23.4,43,51.5,3.6,57,41.8,37.2,79.4,15.4,12.905468,87.09453,0.08053888,527,260.95,0,1,1,0
2022,44656,HB,4608,82_28_5_6,South Carolina,SC,0,65,0,2,1,"Rep. Lucas, James \Jay\"" H. [R]""",1,0,0,1,0,0,0,0,0,0.717,2020,1,0,,1,1,0.16113426,,32,25.3,26,16.5,75.1,18.4,2.5,24.9,47.9,33,85.1,18.7,37.277493,62.722507,0.19348118,498.05,303.95,0,1,1,0
2022,44656,HB,4608,82_28_5_6,South Carolina,SC,0,66,0,2,1,"Rep. Cobb-Hunter, Gilda [D]",0,1,0,0,1,1,1,0,0,-0.95,2020,11795,5057,6,16858,0.39969155,-0.04537613,,28.2,21.8,27,23,29.2,66.6,1.3,70.8,33.9,39.3,86.3,15.1,11.393977,88.606026,0.21904206,447.1,239.9,0,1,1,0
2022,44656,HB,4608,82_28_5_6,South Carolina,SC,0,67,0,2,1,"Rep. Smith Jr., Murrell [R]",1,0,0,1,0,0,0,0,0,,2020,1,0,,1,1,0.1939679,,34.5,24.6,25.5,15.3,64.1,27.6,3.2,35.9,55.8,25,91.6,26.8,76.822464,23.177532,0.23730423,531.5,303.4,0,1,1,0
2022,44656,HB,4608,82_28_5_6,South Carolina,SC,0,68,0,2,1,"Rep. Crawford, Heather Ammons [R]",1,0,0,1,0,1,0,0,0,0.947,2020,17014,3007,147,20168,0.69451606,0.23346038,,24.4,25.3,27.1,23.1,78.8,7,9.5,21.2,49.9,26.9,91,23.3,95.34684,4.653159,0.42973545,450,217.4,0,1,1,0
2022,44656,HB,4608,82_28_5_6,South Carolina,SC,0,69,0,2,1,"Rep. Wooten, Christopher \Chris\"" Sloan [R]""",1,0,0,1,0,0,0,0,0,1.539,2020,1,0,,1,1,-0.058856566,,31.6,28.5,25.7,14.3,76.4,14,3.3,23.6,55.4,26.9,95.9,43.6,98.35378,1.6462168,0.32077938,528.7,257.1,0,1,1,0
2022,44656,HB,4608,82_28_5_6,South Carolina,SC,0,70,0,2,1,"Rep. Brawley, Wendy C. [D]",0,1,0,0,1,1,1,0,0,-0.663,2020,1,0,,1,1,-0.03607391,,31.1,26.8,26.1,16.2,31.2,60.3,3.8,68.8,40,36.4,87.5,19.3,38.172432,61.827568,0.13001083,548.8,299.6,0,1,1,0
2022,44656,HB,4608,82_28_5_6,South Carolina,SC,0,71,0,2,1,"Rep. Ballentine, Nathan [R]",1,0,0,1,0,0,0,0,0,1.186,2020,16993,8524,763,24,0.32226,0.3084574,,34,24.5,28.1,13.4,74,18.4,2.3,26,58.4,26.6,96.5,48.2,90.01773,9.98227,0,547.4,276.45,0,1,1,0
2022,44656,HB,4608,82_28_5_6,South Carolina,SC,0,72,0,2,1,"Rep. Rose, Seth C. [D]",0,1,0,0,1,0,0,0,0,,2020,1,0,,1,1,-0.382534,,54,25.7,12.2,7.8,61,27.2,3.7,39,15.2,71.7,93.1,48.7,100,0,0.8716373,566.1,295.8,0,1,1,0
2022,44656,HB,4608,82_28_5_6,South Carolina,SC,0,73,0,2,1,"Rep. Hart, Christopher \Chris\"" R. [D]""",0,1,0,0,1,0,1,0,0,-0.829,2020,11421,3178,17,14616,0.563971,-0.54790676,,31.2,31.4,23.6,13.8,29.2,62,3.6,70.8,27.2,49.9,86,22.5,99.714935,0.2850675,0.2797097,566.1,295.8,0,1,1,0
2022,44656,HB,4608,82_28_5_6,South Carolina,SC,0,74,0,2,1,"Rep. Rutherford, J. Todd [D]",0,1,0,0,1,0,1,0,0,-0.909,2020,12328,2526,33,14887,0.6584268,-0.22828871,,39.2,26.3,21.2,13.2,37.2,56.7,2,62.8,23.4,57.1,88.3,34.1,100,0,1.0245464,566.1,295.8,0,1,1,0
2022,44656,HB,4608,82_28_5_6,South Carolina,SC,0,75,0,2,1,"Rep. Finlay III, Kirkman [R]",1,0,0,1,0,0,0,0,0,0.756,2020,8759,8502,20,17281,0.014871825,-0.18616882,,41.9,25.5,19.2,13.4,68.8,16.2,9.3,31.2,40.1,45.4,95.9,61.1,100,0,0.47751078,566.1,295.8,0,1,1,0
2022,44656,HB,4608,82_28_5_6,South Carolina,SC,0,76,0,2,1,"Rep. Howard, Leon [D]",0,1,0,0,1,0,1,0,0,-0.878,2020,1,0,,1,1,-0.20933177,,33.5,29,23.1,14.3,20.9,67,6.4,79.1,31.9,44.1,86,28,100,0,0.14543155,566.1,295.8,0,1,1,0
2022,44656,HB,4608,82_28_5_6,South Carolina,SC,0,77,0,2,1,"Rep. Garvin, Kambrell Houston [D]",0,1,0,0,1,0,1,0,0,,2020,19947,3793,128,23868,0.6768058,-0.059027847,,33.5,29.4,25.3,11.8,29.5,60.1,6.1,70.5,45.2,36.4,91.3,38.2,74.319916,25.680086,0.0686899,566.1,295.8,0,1,1,0
2022,44656,HB,4608,82_28_5_6,South Carolina,SC,0,78,0,2,1,"Rep. Bernstein, Beth E. [D]",0,1,0,0,1,1,0,0,0,-0.457,2020,12449,6422,22,18893,0.31900704,-0.5357147,,37.5,24.9,24.4,13.4,48.2,30.8,10.7,51.8,48.8,37,94.5,52.1,99.63304,0.36696106,0,566.1,295.8,0,1,1,0
2022,44656,HB,4608,82_28_5_6,South Carolina,SC,0,79,0,2,1,"Rep. Thigpen, Ivory Torrey [D]",0,1,0,0,1,0,1,0,0,-0.643,2020,18032,2615,91,20738,0.74341786,-0.1614904,,34,27.1,27.7,11.4,28.7,59.8,4.9,71.3,47.4,30.4,95.4,41.3,82.92833,17.07167,0.85982096,566.1,295.8,0,1,1,0
2022,44656,HB,4608,82_28_5_6,South Carolina,SC,0,80,0,2,1,"Rep. Johnson Sr., Jermaine L. [D]",0,1,0,0,1,0,1,0,0,,2020,11540,7531,12,19083,0.21008228,-0.28305295,,33.8,27.8,25.3,13.1,44.4,45.9,4.5,55.6,45.7,35.3,90.8,22.4,71.86748,28.132519,0.27652255,505.8,169.1,0,1,1,0
2022,44656,HB,4608,82_28_5_6,South Carolina,SC,0,81,0,2,1,"Rep. Blackwell, Bart T. [R]",1,0,0,1,0,0,0,0,0,0.648,2020,1,0,,1,1,0.18632397,,27,21.6,26.7,24.7,73.1,18.3,3.7,26.9,56,24,95.6,45.2,90.462006,9.537994,0.30443928,610.1,408.9,0,1,1,0
2022,44656,HB,4608,82_28_5_6,South Carolina,SC,0,83,0,2,1,"Rep. Hixon, William \Bill\"" M. [R]""",1,0,0,1,0,0,0,0,0,0.959,2020,14730,6258,29,21017,0.40310225,0.14428408,,28.2,26.8,27.7,17.5,72.9,17.4,6.5,27.1,52.3,26.5,89.6,31,90.82213,9.177868,0.19471139,571.7,364.2,0,1,1,0
2022,44656,HB,4608,82_28_5_6,South Carolina,SC,0,84,0,2,1,"Rep. Oremus, Melissa Lackey [R]",1,0,0,1,0,1,0,0,0,,2020,1,0,,1,1,0.43103108,,33.3,25,25.7,16.2,66.9,22.5,6.9,33.1,48.9,29.7,86,16,54.72298,45.27702,0.20496003,610.1,408.9,0,1,1,0
2022,44656,HB,4608,82_28_5_6,South Carolina,SC,0,85,0,2,1,"Rep. Huggins, Chip [R]",1,0,0,1,0,0,0,0,0,1.069,2020,1,0,,1,1,0.28947172,,25.2,23.1,29.8,21.9,78.9,13,3.1,21.1,58.7,23.5,95.2,45.4,97.70265,2.2973502,0.41015744,528.7,257.1,0,1,1,0
2022,44656,HB,4608,82_28_5_6,South Carolina,SC,0,86,0,2,1,"Rep. Taylor, Bill [R]",1,0,0,1,0,0,0,0,0,1.09,2020,1,0,,1,1,0.13746314,,28.3,22.8,28,20.8,64.3,24.6,6.6,35.7,51.3,28,88.7,22.9,22.189514,77.810486,0.052100293,569.4,333,0,1,1,0
2022,44656,HB,4608,82_28_5_6,South Carolina,SC,0,87,0,2,1,"Rep. Calhoon, Paula Rawl [R]",1,0,0,1,0,1,0,0,0,,2020,1,0,,1,1,0.27991295,,32,27,26.3,14.8,84.1,7.3,4.9,15.9,58.4,25.5,93.7,37.2,69.90192,30.098085,0.042255223,528.7,257.1,0,1,1,0
2022,44656,HB,4608,82_28_5_6,South Carolina,SC,0,88,0,2,1,"Rep. May III, Robert \R J\"" J. [R]""",1,0,0,1,0,0,0,0,0,,2020,1,0,,1,1,0.08496922,,31.1,28.2,27,13.6,72.2,14.4,7.8,27.8,50.8,28.5,86.5,22.1,86.949066,13.05093,0.15746048,528.7,257.1,0,1,1,0
2022,44656,HB,4608,82_28_5_6,South Carolina,SC,0,89,0,2,1,"Rep. Caskey IV, Micajah P. [R]",1,0,0,1,0,0,0,0,0,0.856,2020,1,0,,1,1,-0.123485856,,27.9,27,24.8,20.4,65.7,19.8,8.3,34.3,36.7,38,89.5,31.3,99.70507,0.29493088,0.45957917,528.7,257.1,0,1,1,0
2022,44656,HB,4608,82_28_5_6,South Carolina,SC,0,90,0,2,1,"Rep. Bamberg, Justin T. [D]",0,1,0,0,1,0,1,0,0,-1.01,2020,8235,8176,11,16422,0.003592741,0.2433535,,30.9,21,26.5,21.4,51.3,44.4,2.3,48.7,44.9,32.8,83.7,15.1,26.348299,73.6517,0.19261885,563.05,306.55,0,1,1,0
2022,44656,HB,4608,82_28_5_6,South Carolina,SC,0,91,0,2,1,"Rep. Hosey, Lonnie [D]",0,1,0,0,1,0,1,0,0,-0.832,2020,1,0,,1,1,0.1840722,,32.6,21.2,27.5,18.8,39.8,55.3,2.3,60.2,36.8,39.3,80.3,13,24.701714,75.29829,0.07603984,606.3,354.1,0,1,1,0
2022,44656,HB,4608,82_28_5_6,South Carolina,SC,0,92,0,2,1,"Rep. Daning, Joseph \Joe\"" S. [R]""",1,0,0,1,0,0,0,0,0,0.956,2020,1,0,,1,1,0.22756158,,33.6,25.7,28.5,12.3,70.3,13.8,5.5,29.7,50.7,29.8,91.1,20.8,99.429596,0.5704031,0.11764706,359.9,170.7,0,1,1,0
2022,44656,HB,4608,82_28_5_6,South Carolina,SC,0,93,0,2,1,"Rep. Ott, Russell L. [D]",1,0,0,0,1,0,0,0,0,-0.377,2020,13820,477,,14297,0.9332727,-0.20133303,,28.2,22.5,29.8,19.5,48.1,45.8,4.5,51.9,46.9,30.3,83.4,16.4,5.0069356,94.993065,0,520.4,238.16667,0,1,1,0
2022,44656,HB,4608,82_28_5_6,South Carolina,SC,0,94,0,2,1,"Rep. Gatch, Gil A. [R]",1,0,0,1,0,0,0,0,0,,2020,12011,7652,13,19676,0.22153893,0.3957112,,33.7,27.5,24.6,14.3,68.8,22.6,4.6,31.2,51.5,31.2,92.5,29.9,100,0,0.48809445,462.1,171.4,0,1,1,0
2022,44656,HB,4608,82_28_5_6,South Carolina,SC,0,95,0,2,1,"Rep. Govan Jr., Jerry N. [D]",1,0,0,0,1,0,1,0,0,-0.577,2020,1,0,,1,1,-0.3099143,,36.5,23.8,22.7,16.9,32.3,60.1,3.8,67.7,33.8,46.5,87.7,26.4,79.518486,20.481512,0.13130455,647.6,344.4,0,1,1,0
2022,44656,HB,4608,82_28_5_6,South Carolina,SC,0,96,0,2,1,"Rep. McCabe Jr., Donald \Ryan\"" R. [R]""",1,0,0,1,0,0,0,0,0,,2020,1,0,,1,1,0.23915811,,35.5,27.2,26.8,10.6,70.2,14.6,9.6,29.8,48.4,28.8,81.5,12.8,19.395828,80.60417,0.4722878,528.7,257.1,0,1,1,0
2022,44656,HB,4608,82_28_5_6,South Carolina,SC,0,99,0,2,1,"Rep. Smith, Marvin \Mark\"" M. [R]""",1,0,0,1,0,0,0,0,0,,2020,17711,9816,26,27553,0.28653866,0.15572165,,30.5,28.5,27.1,13.9,81,8.3,6.2,19,58.6,25.4,95.1,52.7,93.36079,6.6392155,0.16197142,359.9,170.7,0,1,1,0
2022,44656,HB,4608,82_28_5_6,South Carolina,SC,0,100,0,2,1,"Rep. Davis, Sylleste H. [R]",1,0,0,1,0,1,0,0,0,0.81,2020,1,,,1,1,0.23660721,,32.4,27,24.2,16.4,69.2,19.7,4.1,30.8,53.6,26.8,87.7,25.2,54.19434,45.80566,0.20776013,359.9,170.7,0,1,1,0
2022,44656,HB,4608,82_28_5_6,South Carolina,SC,0,101,0,2,1,"Rep. McKnight, Cezar E. [D]",1,0,0,0,1,0,1,0,0,-0.845,2020,1,,,1,1,-0.21640347,,27.8,22.7,27.8,21.7,36.1,59.1,2.3,63.9,44.3,33.8,83.3,14.9,21.595083,78.404915,0.044540122,544.9,194.5,0,1,1,0
2022,44656,HB,4608,82_28_5_6,South Carolina,SC,0,102,0,2,1,"Rep. Jefferson Jr., Joseph H. [D]",0,1,0,0,1,0,1,0,0,-0.857,2020,1,,,1,1,0.2301067,,29.2,24.9,28.4,17.5,46.8,48.5,2.1,53.2,40.9,35.6,84.3,13.8,8.2394285,91.760574,0.40193525,389.15,172.2,0,1,1,0
2022,44656,HB,4608,82_28_5_6,South Carolina,SC,0,104,0,2,1,"Rep. Bailey Jr., William H. [R]",1,0,0,1,0,0,0,0,0,,2020,1,,,1,1,-0.013332103,,18.9,17.6,29.5,34,81.7,11.6,3.8,18.3,51.1,22.8,93,25.1,83.03839,16.96161,0.21637216,450,217.4,0,1,1,0
2022,44656,HB,4608,82_28_5_6,South Carolina,SC,0,105,0,2,1,"Rep. Hardee, Kevin [R]",1,0,0,1,0,0,0,0,0,0.758,2020,1,,,1,1,-0.148691,,33.2,23.9,27.3,15.5,71.7,20.3,5.5,28.3,37.9,41,86.2,17,52.44148,47.55852,0.1269125,450,217.4,0,1,1,0
2022,44656,HB,4608,82_28_5_6,South Carolina,SC,0,106,0,2,1,"Rep. Fry, Russell W. [R]",1,0,0,1,0,0,0,0,0,1.096,2020,1,0,,1,1,0.25240892,,16.8,17.2,30.6,35.5,90.3,3.5,1.7,9.7,52.3,22.8,95,26.9,91.61191,8.38809,0.2345124,450,217.4,0,1,1,0
2022,44656,HB,4608,82_28_5_6,South Carolina,SC,0,107,0,2,1,"Rep. Brittain Jr., Thomas \Tom\"" Case [R]""",1,0,0,1,0,0,0,0,0,,2020,,,,,1,0.25524938,,24.7,22.9,28.8,23.4,69.7,12.7,13.3,30.3,46.4,29.4,91.1,31.7,99.27907,0.7209302,0.1513491,450,217.4,0,1,1,0
2022,44656,HB,4608,82_28_5_6,South Carolina,SC,0,108,0,2,1,"Rep. Hewitt, William Lee [R]",1,0,0,1,0,0,0,0,0,0.784,2020,1,0,,1,1,-0.12580206,,21.8,16.1,30.5,31.4,80,14.9,3.4,20,58.2,21.6,92.9,42.5,73.867966,26.132032,0.53769594,562.2,192.45,0,1,1,0
2022,44656,HB,4608,82_28_5_6,South Carolina,SC,0,109,0,2,1,"Rep. Tedder, Deon T. [D]",0,1,0,0,1,0,1,0,0,,2020,11279,2620,97,13996,0.6186768,-0.08789851,,27.8,29.5,29.3,13.5,33.5,52.8,10.4,66.5,32.3,45.2,84.1,20.4,100,0,0.30386928,462.1,171.4,0,1,1,0
2022,44656,HB,4608,82_28_5_6,South Carolina,SC,0,111,0,2,1,"Rep. Gilliard, Wendell G. [D]",0,1,0,0,1,0,1,0,0,-0.946,2020,13088,3431,26,16545,0.58368087,-0.5384689,,33.7,34,19.9,12.5,50.4,43.7,3.5,49.6,26,57.6,85.1,39.4,100,0,0.7820569,505.8,169.1,0,1,1,0
2022,44656,HB,4608,82_28_5_6,South Carolina,SC,0,112,0,2,1,"Rep. Bustos, Joseph \Joe\"" M. [R]""",1,0,0,1,0,0,0,0,0,,2020,18002,13284,41,31327,0.1506049,0.2750411,,27.8,28.4,27,16.8,85,8.7,2.5,15,57.4,25.8,96.9,60.9,97.8128,2.187204,0.03283533,505.8,169.1,0,1,1,0
2022,44656,HB,4608,82_28_5_6,South Carolina,SC,0,113,0,2,1,"Rep. Pendarvis, Marvin R. [D]",0,1,0,0,1,0,1,0,0,-0.838,2020,1,0,,1,1,0.069373205,,33.9,32.3,21.3,12.6,37.3,45.7,11.4,62.7,32.6,44.6,83.7,21.9,99.54183,0.45816433,0.49335864,505.8,169.1,0,1,1,0
2022,44656,HB,4608,82_28_5_6,South Carolina,SC,0,114,0,2,1,"Rep. Bennett, Linda \Lin\"" C. [R]""",1,0,0,1,0,1,0,0,0,1.237,2020,13039,10855,726,24620,0.08870836,-0.037148856,,28.4,28.1,26.2,17.2,75.6,16.2,3.6,24.4,51.8,30.6,96.5,47.8,94.95774,5.04226,0.2110323,462.1,171.4,0,1,1,0
2022,44656,HB,4608,82_28_5_6,South Carolina,SC,0,115,0,2,1,"Rep. Wetmore, Elizabeth \Spencer\"" S. [D]""",0,1,0,0,1,1,0,0,0,,2020,13382,12962,23,26367,0.015929002,0.21227264,,22.2,28.8,28.5,20.4,85.3,8.3,2.6,14.7,52.7,29.7,96.5,57.7,97.939865,2.0601366,0.22220987,505.8,169.1,0,1,1,0
2022,44656,HB,4608,82_28_5_6,South Carolina,SC,0,117,0,2,1,"Rep. Matthews, Krystle N. [D]",0,1,0,0,1,1,1,0,0,,2020,8902,7998,16,16916,0.05344053,0.009437322,,39,28.9,20.6,11.5,49.8,28.8,12.5,50.2,43.2,37.2,89.7,23.4,99.182594,0.8174092,0.35797274,432.85,169.9,0,1,1,0
2022,44656,HB,4608,82_28_5_6,South Carolina,SC,0,118,0,2,1,"Rep. Herbkersman, William \Bill\"" G. [R]""",1,0,0,1,0,0,0,0,0,0.712,2020,16947,10493,16,27456,0.23506701,0.52528536,,25.5,22.2,20,32.1,68.6,10.1,18.6,31.4,61,24,92.5,38.4,81.19362,18.806383,0,446.1,138.2,0,1,1,0
2022,44656,HB,4608,82_28_5_6,South Carolina,SC,0,119,0,2,1,"Rep. Stavrinakis, Leonidas \Leon\"" E. [D]""",0,1,0,0,1,0,0,0,0,0.025,2020,16842,7225,156,24223,0.39701936,-0.19527234,,20.8,39.1,25,15,68.4,23.9,3.2,31.6,46.1,37,96.8,47.4,70.28365,29.716349,0.52080387,505.8,169.1,0,1,1,0
2022,44656,HB,4608,82_28_5_6,South Carolina,SC,0,120,0,2,1,"Rep. Newton, Weston [R]",1,0,0,1,0,0,0,0,0,,2020,1,0,,1,1,0.09240043,,29.4,21.3,23.5,25.9,75,9.8,11.1,25,62,22,94.2,45.1,26.964087,73.03591,0.31687504,410.75,154,0,1,1,0
2022,44656,HB,4608,82_28_5_6,South Carolina,SC,0,121,0,2,1,"Rep. Rivers Sr., Michael F. [D]",0,1,0,0,1,0,1,0,0,-1.196,2020,10986,6358,13,17357,0.26663592,-0.17485389,,33.1,21.4,26,19.4,36.1,54.2,5.5,63.9,39.8,37,87.9,19.4,45.657032,54.342968,0.12173678,482.6,218.35,0,1,1,0
2022,44656,HB,4608,82_28_5_6,South Carolina,SC,0,122,0,2,1,"Rep. Williams, Shedron D. [D]",0,1,0,0,1,0,1,0,0,-0.673,2020,9147,6905,5,16057,0.13962758,-0.021128252,,30.7,25.4,27.4,16.5,39,53,5.5,61,39.5,34.9,83.7,12,18.646585,81.35342,0.4775781,486.95,264.475,0,1,1,0
2022,44656,HB,4608,82_28_5_6,South Carolina,SC,0,123,0,2,1,"Rep. Bradley, Jeffrey \Jeff\"" A. [R]""",1,0,0,1,0,0,0,0,0,1.009,2020,14604,8751,24,23379,0.2503529,0.37483567,,15.9,16.9,29.6,37.6,79.9,6.2,11.9,20.1,58.2,21.3,94.5,54.8,99.99385,0.006149683,0.4290127,410.75,154,0,1,1,0
2022,44656,HB,4608,82_28_5_6,South Carolina,SC,0,124,0,2,1,"Rep. Erickson, Shannon S. [R]",1,0,0,1,0,1,0,0,0,0.917,2020,11949,6924,28,18901,0.26585895,0.06536544,,33.4,24.8,22.8,18.9,69.3,17.5,7.6,30.7,49.1,31.3,94.1,40.1,54.544086,45.455914,0.03476568,446.1,138.2,0,1,1,0
2022,44685,HB,4608,30_10_2,South Carolina,SC,1,1,0,4,1,"Sen. Alexander, Thomas C. [R]",1,0,0,1,0,0,0,0,0,,2020,1,0,,1,1,0.21899307,,35.1,20.4,24.8,19.8,83.7,7,5,16.3,45.6,36.9,86.7,31.8,41.602303,58.397697,0.07645065,512.75,380.75,0,1,1,1
2022,44685,HB,4608,30_10_2,South Carolina,SC,1,2,0,4,1,"Sen. Rice, Rex Fontaine [R]",1,0,0,1,0,0,0,0,0,0.944,2020,1,0,,1,1,0.3154723,,30.9,24,26.8,18.3,86.3,6.4,4,13.7,53.4,25.9,85.3,22.5,56.87891,43.12109,0.33289948,476,360.6,0,1,1,1
2022,44685,HB,4608,30_10_2,South Carolina,SC,1,3,0,4,1,"Sen. Cash, Richard J. [R]",1,0,0,1,0,0,0,0,0,3.143,2020,44446,15533,55,60034,0.48161042,0.17806242,,30.3,24,27.7,18,83.1,9.7,3.5,16.9,55.3,24.5,91.2,32,63.862087,36.137913,0.09624639,725.7,580.6,0,1,1,1
2022,44685,HB,4608,30_10_2,South Carolina,SC,1,4,0,4,1,"Sen. Gambrell, Michael \Mike\"" W. [R]""",1,0,0,1,0,0,0,0,0,0.613,2020,31129,11651,33,42813,0.45495528,0.11367483,,31.6,24.2,25.6,18.7,70.6,22.6,3.9,29.4,46.8,30,79.9,17.3,59.135925,40.864075,0.32831258,623.76666,410.7,0,1,1,1
2022,44685,HB,4608,30_10_2,South Carolina,SC,1,5,0,4,1,"Sen. Corbin, Thomas \Tom\"" D. [R]""",1,0,0,1,0,0,0,0,0,1.867,2020,44808,14013,39,58860,0.5231906,0.40308744,,30.9,23.3,27,18.8,81.9,7,7.3,18.1,54.2,26.3,88.4,27.6,74.54232,25.45768,0.16224189,554.6,347.3,0,1,1,1
2022,44685,HB,4608,30_10_2,South Carolina,SC,1,6,0,4,1,"Sen. Loftis, Dwight A. [R]",1,0,0,1,0,0,0,0,0,1.037,2020,33300,17768,61,51129,0.30378065,0.41535425,,33.3,25.3,24.6,16.8,71.3,10.4,12.3,28.7,47.8,32.9,88.3,36.2,95.439865,4.560135,0.3854558,593.8,342.7,0,1,1,1
2022,44685,HB,4608,30_10_2,South Carolina,SC,1,7,0,4,1,"Sen. Allen, Karl B. [D]",0,1,0,0,1,0,1,0,0,-0.619,2020,26672,15886,107,42665,0.25280675,-0.002959159,,31,29.9,25.3,13.7,43.7,39.8,12.1,56.3,37.7,40.4,80.6,23.6,95.12019,4.8798103,0.19702713,593.8,342.7,0,1,1,1
2022,44685,HB,4608,30_10_2,South Carolina,SC,1,8,0,4,1,"Sen. Turner, Ross [R]",1,0,0,1,0,0,0,0,0,1.03,2020,1,0,,1,1,0.16116014,,30.2,29.7,24.1,16.2,72.6,15.4,6.4,27.4,53.5,30.3,94.7,46.7,98.69229,1.3077079,0.2577939,593.8,342.7,0,1,1,1
2022,44685,HB,4608,30_10_2,South Carolina,SC,1,9,0,4,1,"Sen. Verdin III, Danny B. [R]",1,0,0,1,0,0,0,0,0,1.142,2020,1,0,,1,1,0.19464083,,31.1,24.1,27.7,17.1,68.9,20.7,6.7,31.1,49.4,29,83.7,20.3,38.192856,61.807144,0.2810612,579.65,379.15,0,1,1,1
2022,44685,HB,4608,30_10_2,South Carolina,SC,1,10,0,4,1,"Sen. Garrett, Billy [R]",1,0,0,1,0,0,0,0,0,,2020,23989,18841,40,42870,0.12008397,0.15116988,,31.5,23.7,26.1,18.7,56.8,33.2,7.6,43.2,43.5,34.3,82.8,19.2,45.579655,54.420345,0.3477245,539.85,269.95,0,1,1,1
2022,44685,HB,4608,30_10_2,South Carolina,SC,1,11,0,4,1,"Sen. Kimbrell, Joshua \Josh\"" Brett [R]""",1,0,0,1,0,0,0,0,0,,2020,26117,21005,75,47197,0.108311966,0.07788343,,35.3,25.5,23.8,15.5,60.7,25.7,8.5,39.3,44.6,35,84,20.2,85.34593,14.654066,0.2072927,515.4,351.9,0,1,1,1
2022,44685,HB,4608,30_10_2,South Carolina,SC,1,12,0,4,1,"Sen. Talley, Scott F. [R]",1,0,0,1,0,0,0,0,0,1.089,2020,42201,22759,104,65064,0.29881346,0.28557482,,32.9,25.8,26.9,14.4,67.8,14.2,8.7,32.2,56.3,26.5,92.3,39.7,72.47213,27.527866,0.24216947,554.6,347.3,0,1,1,1
2022,44685,HB,4608,30_10_2,South Carolina,SC,1,13,0,4,1,"Sen. Martin, Shane R. [R]",1,0,0,1,0,0,0,0,0,1.892,2020,1,0,,1,1,0.33015358,,30.2,25.4,26.9,17.7,71.6,20.2,3.7,28.4,50.3,29.4,89.2,28.6,57.54049,42.45951,0.4200308,629.9,411.96667,0,1,1,1
2022,44685,HB,4608,30_10_2,South Carolina,SC,1,14,0,4,1,"Sen. Peeler Jr., Harvey Smith [R]",1,0,0,1,0,0,0,0,0,0.768,2020,42377,7928,229,50534,0.68169945,0.28063965,,30.8,24.3,28.6,16.3,77,14.8,4.4,23,49.4,30,85.1,18.3,40.671364,59.328636,0.3540084,592.4,415.95,0,1,1,1
2022,44685,HB,4608,30_10_2,South Carolina,SC,1,15,0,4,1,"Sen. Climer, David Wes [R]",1,0,0,1,0,0,0,0,0,2.068,2020,39121,25848,48,65017,0.20414661,0.2487428,,33.1,25.8,25.9,15.2,71.2,18.2,5.9,28.8,51.6,30.5,92.6,36.4,81.6753,18.324697,0.14020944,447.1,239.9,0,1,1,1
2022,44685,HB,4608,30_10_2,South Carolina,SC,1,16,0,4,1,"Sen. Johnson, Robert \Michael\"" Michael [R]""",1,0,0,1,0,0,0,0,0,,2020,48801,28287,64,77152,0.26589072,0.26707605,,30.3,26.3,26,17.3,71.1,15.8,7.2,28.9,55.5,26.5,90.4,37.9,69.80619,30.193813,0.34105003,461.15,250.65,0,1,1,1
2022,44685,HB,4608,30_10_2,South Carolina,SC,1,17,0,4,1,"Sen. Fanning, Michael \Mike\"" W. [D]""",0,1,0,0,1,0,0,0,0,-0.412,2020,26724,25114,47,51885,0.031030163,-0.19824132,,30.1,24.4,28.4,17.1,52.4,41.3,2.6,47.6,45.6,34.1,85.2,16.4,41.78771,58.21229,0.15025,688.3,372.9,0,1,1,1
2022,44685,HB,4608,30_10_2,South Carolina,SC,1,18,0,4,1,"Sen. Cromer, Ronnie W. [R]",1,0,0,1,0,0,0,0,0,0.634,2020,46032,17639,64,63735,0.4454852,0.3091764,,30.1,22.4,28.7,18.7,75.5,16.6,4.6,24.5,57.1,25.4,91.7,37.6,53.00798,46.99202,0.19053444,607,310.9,0,1,1,1
2022,44685,HB,4608,30_10_2,South Carolina,SC,1,20,0,4,1,"Sen. Harpootlian, Richard \Dick\"" A. [D]""",0,1,0,0,1,0,0,0,0,,2020,29227,25562,108,54897,0.06676139,-0.062175255,,36.2,26.1,22.9,14.7,71,19.3,3.3,29,43.9,39.9,95.3,50,96.722,3.2780027,0.45405918,547.4,276.45,0,1,1,1
2022,44685,HB,4608,30_10_2,South Carolina,SC,1,21,0,4,1,"Sen. Jackson, Darrell [D]",0,1,0,0,1,0,1,0,0,-0.641,2020,1,0,,1,1,-0.3917953,,43.7,24.8,19,12.6,34.7,53.6,6.4,65.3,30.6,51.8,88.4,29,79.05657,20.943426,0.25106102,566.1,295.8,0,1,1,1
2022,44685,HB,4608,30_10_2,South Carolina,SC,1,22,0,4,1,"Sen. McLeod, Maymia \Mia\"" S. [D]""",0,1,0,0,1,1,1,0,0,-0.673,2020,35438,21525,43,57006,0.24406204,0.06637451,,31.9,27.3,27.3,13.6,41.1,45.4,6.5,58.9,48.2,33.1,93.7,47.3,87.01955,12.980451,0.25148776,527.1,298,0,1,1,1
2022,44685,HB,4608,30_10_2,South Carolina,SC,1,23,0,4,1,"Sen. Shealy, Katrina Frye [R]",1,0,0,1,0,1,0,0,0,1.287,2020,34050,12849,60,46959,0.45147896,0.24449058,,32.4,27.2,28.2,12.1,72,14.7,7.8,28,49.8,28.4,85.1,19.2,69.75289,30.247108,0.2394194,528.7,257.1,0,1,1,1
2022,44685,HB,4608,30_10_2,South Carolina,SC,1,24,0,4,1,"Sen. Young Jr., Thomas \Tom\"" R. [R]""",1,0,0,1,0,0,0,0,0,1.34,2020,1,0,,1,1,0.2919774,,27,23.9,27,22,70,19.7,5.7,30,52.4,26.4,91.8,33.3,64.05869,35.941303,0.19440778,610.1,408.9,0,1,1,1
2022,44685,HB,4608,30_10_2,South Carolina,SC,1,25,0,4,1,"Sen. Massey, A. Shane [R]",1,0,0,1,0,0,0,0,0,1.218,2020,37009,16153,49,53211,0.39194903,-0.04442653,,31.3,25.8,26.1,16.9,70.1,20.6,6.1,29.9,51.7,29.5,86.6,22.3,48.309177,51.690823,0.17310715,537.18,282.76,0,1,1,1
2022,44685,HB,4608,30_10_2,South Carolina,SC,1,27,0,4,1,"Sen. Gustafson, Penry [R]",1,0,0,1,0,1,0,0,0,,2020,22294,21406,41,43741,0.02030132,0.030467413,,29.8,23.1,27.2,19.9,63.8,27.7,4.2,36.2,47,31.1,81.7,15.6,28.182655,71.817345,0.29288477,489.63333,298.96667,0,1,1,1
2022,44685,HB,4608,30_10_2,South Carolina,SC,1,28,0,4,1,"Sen. Hembree, Greg [R]",1,0,0,1,0,0,0,0,0,0.742,2020,1,0,,1,1,0.08800058,,24.2,22.6,27.8,25.3,72.9,20.3,4,27.1,46.3,28.6,87.7,19.2,57.192112,42.807888,0.14919724,502.7,314.25,0,1,1,1
2022,44685,HB,4608,30_10_2,South Carolina,SC,1,30,0,4,1,"Sen. Williams, Kent M. [D]",1,0,0,0,1,0,1,0,0,-0.312,2020,32882,703,,33585,0.9581361,-0.079210326,,33.7,23.2,26.1,17,38.2,56.4,2.7,61.8,36.6,43.1,79.9,14.6,52.866577,47.133423,0.06899448,518.66,283.48,0,1,1,1
2022,44685,HB,4608,30_10_2,South Carolina,SC,1,31,0,4,1,"Sen. Reichenbach, Mike [R]",1,0,0,1,0,0,1,0,0,,2020,37168,1035,,38203,0.9458158,0.09350034,,31.3,25.6,26.1,17.1,61.7,31.6,3.2,38.3,48.4,30.3,87.8,26.1,59.90568,40.09432,0.027992671,521.75,305.55,0,1,1,1
2022,44685,HB,4608,30_10_2,South Carolina,SC,1,32,0,4,1,"Sen. Sabb, Ronnie A. [D]",0,1,0,0,1,0,1,0,0,-0.917,2020,27284,17714,54,45052,0.21242121,-0.017492685,,30.3,23.9,26.3,19.4,39.6,55.4,2.5,60.4,40.6,37.6,83.3,14.7,32.196705,67.80329,0.45645058,503.2,213.32,0,1,1,1
2022,44685,HB,4608,30_10_2,South Carolina,SC,1,33,0,4,1,"Sen. Rankin, Luke A. [R]",1,0,0,1,0,0,0,0,0,0.189,2020,49492,1538,,51030,0.9397217,0.048987743,,29.6,23.7,27.5,19.3,74.5,13,8.6,25.5,46.5,32.6,91.4,26.8,82.69366,17.306345,0.39102957,450,217.4,0,1,1,1
2022,44685,HB,4608,30_10_2,South Carolina,SC,1,34,0,4,1,"Sen. Goldfinch Jr., Stephen L. [R]",1,0,0,1,0,0,0,0,0,0.884,2020,54384,27081,66,81531,0.33487877,-0.08468183,,20.5,20.1,29.3,30.2,83.7,8,4.6,16.3,52.6,24.6,93.4,33.3,88.38796,11.612041,0.4088892,524.8,200.76666,0,1,1,1
2022,44685,HB,4608,30_10_2,South Carolina,SC,1,37,0,4,1,"Sen. Grooms, Lawrence \Larry\"" K. [R]""",1,0,0,1,0,0,0,0,0,1.249,2020,42915,28266,1967,73148,0.20026521,0.05092445,,33.2,27.1,25.4,14.4,70.2,20,4.7,29.8,53.8,29,91.4,39,49.44493,50.55507,0.14455366,432.85,169.9,0,1,1,1
2022,44685,HB,4608,30_10_2,South Carolina,SC,1,39,0,4,1,"Sen. Stephens, Vernon [D]",0,1,0,0,1,0,1,0,0,,2020,25351,19500,38,44889,0.13034374,-0.24975692,,29.1,23.5,26.7,20.8,42.1,53.4,1.5,57.9,38.1,38.9,84.2,15.3,23.858906,76.14109,0.16947667,465.98,220.06,0,1,1,1
2022,44685,HB,4608,30_10_2,South Carolina,SC,1,40,0,4,1,"Sen. Hutto, C. Bradley \Brad\"" [D]""",0,1,0,0,1,0,0,0,0,-0.646,2020,28958,,726,29684,0.97554237,-0.34502304,,32.4,22.5,26,19.2,43.5,50.9,2.5,56.5,41.3,37,84.2,19.2,36.180172,63.819828,0.181256,570.61664,346.81668,0,1,1,1
2022,44685,HB,4608,30_10_2,South Carolina,SC,1,41,0,4,1,"Sen. Senn, Sandra \Sandy\"" J. [R]""",1,0,0,1,0,1,0,0,0,0.59,2020,37234,35926,60,73220,0.017863972,-0.043742534,,24.3,32.2,26.9,16.4,73.9,17.7,4,26.1,49.3,33.2,96.3,48,81.182594,18.817404,0.35901302,462.1,171.4,0,1,1,1
2022,44685,HB,4608,30_10_2,South Carolina,SC,1,42,0,4,1,"Sen. Kimpson, Marlon E. [D]",0,1,0,0,1,0,1,0,0,-0.939,2020,35299,705,,36004,0.96083766,-0.31608424,,34.3,32.8,21.1,11.9,37.6,49.2,9,62.4,27.6,52.4,83.5,27.8,100,0,0.42978534,428.03333,171.16667,0,1,1,1
2022,44685,HB,4608,30_10_2,South Carolina,SC,1,43,0,4,1,"Sen. Campsen III, George \Chip\"" E. [R]""",1,0,0,1,0,0,0,0,0,1.338,2020,37938,29550,59,67547,0.1241802,-0.05575417,,27,24.8,27.1,21.2,77.2,15,3.9,22.8,51.9,30.6,95.5,54.4,98.643555,1.3564446,0.104785934,490.33334,201.93333,0,1,1,1
2022,44685,HB,4608,30_10_2,South Carolina,SC,1,44,0,4,1,"Sen. Adams, Brian R. [R]",1,0,0,1,0,0,0,0,0,,2020,31472,23667,61,55200,0.14139493,0.114701875,,34.3,29.3,24,12.4,61.7,20,8.7,38.3,48.7,32.4,90.1,25,86.357346,13.642654,0.21432398,428.03333,171.16667,0,1,1,1
2022,44685,HB,4608,30_10_2,South Carolina,SC,1,45,0,4,1,"Sen. Matthews, Margie Bright [D]",0,1,0,0,1,1,1,0,0,-0.997,2020,28767,19608,47,48422,0.18914956,-0.04395933,,30.3,24.7,26.5,18.6,40.8,48.1,8.3,59.2,42,34.7,86.3,19.7,24.213366,75.78664,0.34052822,504.31668,249.23334,0,1,1,1
2022,44685,HB,4608,30_10_2,South Carolina,SC,1,46,0,4,1,"Sen. Davis, Thomas \Tom\"" C. [R]""",1,0,0,1,0,0,0,0,0,1.597,2020,48142,25045,42,73229,0.31540784,0.23013045,,22.7,19.6,25.2,32.5,75.7,8.4,12.6,24.3,60.1,22.2,94.2,47.2,85.77368,14.226318,0.26934817,410.75,154,0,1,1,1
2022,44593,SB,46,50_17_3,South Dakota,SD,0,1,1,2,2,"Rep. Healy Keintz, Jennifer [D]",0,1,0,0,1,1,0,0,0,,2020,4502,4249,6150,14901,0.03395745,0.16697374,,32.2,20.9,25.2,21.8,74.7,0.3,3.8,25.3,55,25.8,91.7,21.7,0,100,0.061989874,680.025,188.375,0,1,1,1
2022,44593,SB,46,50_17_3,South Dakota,SD,0,1,1,2,2,"Rep. St John, Tamara [R]",1,0,0,1,0,1,0,0,0,,2020,6250,4249,4502,15001,0.26678222,0.16697374,,32.2,20.9,25.2,21.8,74.7,0.3,3.8,25.3,55,25.8,91.7,21.7,0,100,0.061989874,680.025,188.375,0,1,1,1
2022,44593,SB,46,50_17_3,South Dakota,SD,0,2,1,2,2,"Rep. Greenfield, Lana [R]",1,0,0,1,0,1,0,0,0,1.032,2020,1,0,,1,1,-0.043854196,,34.7,23.4,25,17,91.5,0.3,4.6,8.5,59,23.5,93.1,24.8,36.626934,63.373066,0.061462816,669.2,252.7,0,1,1,1
2022,44593,SB,46,50_17_3,South Dakota,SD,0,2,1,2,2,"Rep. Weis, Kaleb W. [R]",1,0,0,1,0,0,0,0,0,,2020,1,0,,1,1,-0.043854196,,34.7,23.4,25,17,91.5,0.3,4.6,8.5,59,23.5,93.1,24.8,36.6,63.4,0.061462816,669.2,252.7,0,1,1,1
2022,44593,SB,46,50_17_3,South Dakota,SD,0,3,1,2,2,"Rep. Dennert, Drew [R]",1,0,0,1,0,0,0,0,0,1.319,2020,7108,3843,9807,20758,0.31457752,0.34773868,,33.7,23.8,23.9,18.6,83.8,2.9,2.8,16.2,46.9,35.2,93.2,33.1,82.5,17.5,0.41904423,751.9,202.5,0,1,1,1
2022,44593,SB,46,50_17_3,South Dakota,SD,0,3,1,2,2,"Rep. Perry, Carl E. [R]",1,0,0,1,0,0,0,0,0,,2020,6087,3843,10828,20758,0.2162058,0.34773868,,33.7,23.8,23.9,18.6,83.8,2.9,2.8,16.2,46.9,35.2,93.2,33.1,82.5,17.5,0.41904423,751.9,202.5,0,1,1,1
2022,44593,SB,46,50_17_3,South Dakota,SD,0,4,1,2,2,"Rep. Deutsch, Fred [R]",1,0,0,1,0,0,0,0,0,0.614,2020,8012,3642,7001,18655,0.4685071,0.26882392,,32,23.4,26.3,18.5,94.5,0.2,3.7,5.5,63.6,22.9,94.1,24,20.9,79.1,0.02081382,605.7833,183.93333,0,1,1,1
2022,44593,SB,46,50_17_3,South Dakota,SD,0,4,1,2,2,"Rep. Mills, John [R]",1,0,0,1,0,0,0,0,0,0.786,2020,7001,3642,8012,18655,0.36011794,0.26882392,,32,23.4,26.3,18.5,94.5,0.2,3.7,5.5,63.6,22.9,94.1,24,20.9,79.1,0.02081382,605.7833,183.93333,0,1,1,1
2022,44593,SB,46,50_17_3,South Dakota,SD,0,5,1,2,2,"Rep. Bartels, Hugh M. [R]",1,0,0,1,0,0,0,0,0,0.395,2020,1,0,,1,1,0.27093387,,31.9,25.8,25.1,17.3,91.2,0.7,3.2,8.8,52,29.7,90.9,20.4,90.3,9.7,0,653.6,180.1,0,1,1,1
2022,44593,SB,46,50_17_3,South Dakota,SD,0,5,1,2,2,"Rep. York, Nancy [R]",1,0,0,1,0,1,0,0,0,0.451,2020,1,0,,1,1,0.27093387,,31.9,25.8,25.1,17.3,91.2,0.7,3.2,8.8,52,29.7,90.9,20.4,90.3,9.7,0,653.6,180.1,0,1,1,1
2022,44593,SB,46,50_17_3,South Dakota,SD,0,6,1,2,2,"Rep. Aylward, Aaron [R]",1,0,0,1,0,0,0,0,0,,2020,6504,5084,9504,21092,0.1346482,0.36664015,,38.3,33.3,18.8,9.5,91,2.6,2.6,9,57.6,30.6,96,36.1,0,100,0.14422582,259.3,99.4,0,1,1,1
2022,44593,SB,46,50_17_3,South Dakota,SD,0,6,1,2,2,"Rep. Otten Jr., Ernie [R]",0,1,0,1,0,0,0,0,0,0.624,2020,9504,5084,6504,21092,0.41911626,0.36664015,,38.3,33.3,18.8,9.5,91,2.6,2.6,9,57.6,30.6,96,36.1,0,100,0.14422582,259.3,99.4,0,1,1,1
2022,44593,SB,46,50_17_3,South Dakota,SD,0,7,1,2,2,"Rep. Reed, Tim [R]",0,1,0,1,0,0,0,0,0,0.354,2020,5821,3635,8021,17477,0.25015736,-0.2589845,,50.3,22.3,16.6,10.9,87.9,1.5,3.2,12.1,36.1,53.2,96.1,48.1,85.6,14.4,0.0929464,506.1,186.9,0,1,1,1
2022,44593,SB,46,50_17_3,South Dakota,SD,0,7,1,2,2,"Rep. Tidemann, Larry [R]",0,1,0,1,0,0,0,0,0,0.616,2020,5235,3635,8607,17477,0.18309778,-0.2589845,,50.3,22.3,16.6,10.9,87.9,1.5,3.2,12.1,36.1,53.2,96.1,48.1,85.6,14.4,0.0929464,506.1,186.9,0,1,1,1
2022,44593,SB,46,50_17_3,South Dakota,SD,0,8,1,2,2,"Rep. Gross, Randy [R]",1,0,0,1,0,0,0,0,0,,2020,6327,4260,9191,19778,0.20902012,0.39458203,,31.5,20.8,27.1,20.8,88.6,0.4,3.2,11.4,56.1,26.4,91.5,28.4,27,73,0.053561863,614.375,128.4,0,1,1,1
2022,44593,SB,46,50_17_3,South Dakota,SD,0,8,1,2,2,"Rep. Wiese, Marli [R]",1,0,0,1,0,1,0,0,0,0.813,2020,7029,4260,8489,19778,0.28000808,0.39458203,,31.5,20.8,27.1,20.8,88.6,0.4,3.2,11.4,56.1,26.4,91.5,28.4,27,73,0.053561863,614.375,128.4,0,1,1,1
2022,44593,SB,46,50_17_3,South Dakota,SD,0,9,1,2,2,"Rep. Milstead, Rhonda [R]",1,0,0,1,0,1,0,0,0,,2020,7656,4679,11088,23423,0.2541946,0.05922297,,37.9,30.3,21.8,10,78.7,4.3,10.6,21.3,50,32.4,90.4,25.9,82.8,17.2,0.4416636,669.2,252.7,0,1,1,1
2022,44593,SB,46,50_17_3,South Dakota,SD,0,9,1,2,2,"Rep. Soye, Bethany [R]",1,0,0,1,0,1,0,0,0,,2020,6720,4679,12024,23423,0.17427315,0.05922297,,37.9,30.3,21.8,10,78.7,4.3,10.6,21.3,50,32.4,90.4,25.9,82.8,17.2,0.4416636,669.2,252.7,0,1,1,1
2022,44593,SB,46,50_17_3,South Dakota,SD,0,10,1,2,2,"Rep. Barthel, Doug [R]",0,1,0,1,0,0,0,0,0,0.505,2020,6188,4736,6527,17451,0.1664088,0.28350854,,36.3,28,24.3,11.4,75.5,9.8,4.1,24.5,57.4,27.3,90.5,31.3,68.5,31.5,0.08319467,669.2,252.7,0,1,1,1
2022,44593,SB,46,50_17_3,South Dakota,SD,0,10,1,2,2,"Rep. Haugaard, Steven [R]",1,0,0,1,0,0,0,0,0,,2020,6527,4736,6188,17451,0.20526044,0.28350854,,36.3,28,24.3,11.4,75.5,9.8,4.1,24.5,57.4,27.3,90.5,31.3,68.5,31.5,0.08319467,669.2,252.7,0,1,1,1
2022,44593,SB,46,50_17_3,South Dakota,SD,0,11,1,2,2,"Rep. Karr, Chris [R]",1,0,0,1,0,0,0,0,0,1.008,2020,7253,5900,11601,24754,0.10931566,0.103023715,,34.8,31.4,23,10.6,90.1,0.8,2.9,9.9,61.2,24.5,96.9,42.5,96.8,3.2,0.07588693,669.2,252.7,0,1,1,1
2022,44593,SB,46,50_17_3,South Dakota,SD,0,11,1,2,2,"Rep. Willadsen, Mark K [R]",0,1,0,1,0,0,0,0,0,0.686,2020,7172,5900,11682,24754,0.10277127,0.103023715,,34.8,31.4,23,10.6,90.1,0.8,2.9,9.9,61.2,24.5,96.9,42.5,96.8,3.2,0.07588693,669.2,252.7,0,1,1,1
2022,44593,SB,46,50_17_3,South Dakota,SD,0,12,1,2,2,"Rep. Beal, Arch [R]",1,0,0,1,0,0,0,0,0,0.73,2020,5621,5555,6799,17975,0.007343533,0.349841,,33.9,27.7,20.1,18.3,85.9,3.4,4.6,14.1,42.1,36.7,96.3,38.3,97.5,4.3,0.6479285,464.25,176.05,0,1,1,1
2022,44593,SB,46,50_17_3,South Dakota,SD,0,12,1,2,2,"Rep. Jamison, Greg [R]",1,0,0,1,0,0,0,0,0,0.621,2020,6799,5555,5621,17975,0.13841447,0.349841,,33.9,27.7,20.1,18.3,85.9,3.4,4.6,14.1,42.1,36.7,96.3,38.3,97.5,4.3,0.6479285,464.25,176.05,0,1,1,1
2022,44593,SB,46,50_17_3,South Dakota,SD,0,13,1,2,2,"Rep. Lucas-Peterson, Sue K. [R]",1,0,0,1,0,1,0,0,0,1.153,2020,6746,5846,11309,23901,0.075310655,0.1361804,,33.7,26.2,25.6,14.6,92.3,1.4,1.2,7.7,48.9,35,96.8,46.4,100,0,0.47902918,464.25,176.05,0,1,1,1
2022,44593,SB,46,50_17_3,South Dakota,SD,0,13,1,2,2,"Rep. Thomason, Richard L. [R]",1,0,0,1,0,0,0,0,0,,2020,6215,5846,11840,23901,0.030877369,0.1361804,,33.7,26.2,25.6,14.6,92.3,1.4,1.2,7.7,48.9,35,96.8,46.4,100,0,0.47902918,464.25,176.05,0,1,1,1
2022,44593,SB,46,50_17_3,South Dakota,SD,0,14,1,2,2,"Rep. Healy, Erin [D]",0,1,0,0,1,1,0,0,0,,2020,6388,5782,12161,24331,0.049812995,-0.06761237,,33.2,27,24.1,15.7,86,5.6,3.5,14,54.3,31.3,95.9,41.8,100,0,0.046399407,669.2,252.7,0,1,1,1
2022,44593,SB,46,50_17_3,South Dakota,SD,0,14,1,2,2,"Rep. Rehfeldt, Taylor Rae [R]",1,0,0,1,0,1,0,0,0,,2020,6933,5782,11616,24331,0.09461181,-0.06761237,,33.2,27,24.1,15.7,86,5.6,3.5,14,54.3,31.3,95.9,41.8,100,0,0.046399407,669.2,252.7,0,1,1,1
2022,44593,SB,46,50_17_3,South Dakota,SD,0,15,1,2,2,"Rep. Duba, Linda [D]",0,1,0,0,1,1,0,0,0,,2020,3918,2987,6670,13575,0.1371639,0.16838875,,29.8,34.3,25,11,63.1,17.2,9.3,36.9,29.5,47.1,86.4,21.5,100,0,0.5268051,669.2,252.7,0,1,1,1
2022,44593,SB,46,50_17_3,South Dakota,SD,0,15,1,2,2,"Rep. Smith, Jamie [D]",0,1,0,0,1,0,0,0,0,-0.262,2020,3727,2987,6861,13575,0.10902394,0.16838875,,29.8,34.3,25,11,63.1,17.2,9.3,36.9,29.5,47.1,86.4,21.5,100,0,0.5268051,669.2,252.7,0,1,1,1
2022,44593,SB,46,50_17_3,South Dakota,SD,0,16,1,2,2,"Rep. Anderson, David L. [R]",1,0,0,1,0,0,0,0,0,0.569,2020,1,0,,1,1,0.32731205,,30.1,24.8,27,18.1,91.4,0.7,2.6,8.6,57.9,24.2,92.6,25.8,35.1,64.9,0.16609572,364.53333,85.6,0,1,1,1
2022,44593,SB,46,50_17_3,South Dakota,SD,0,16,1,2,2,"Rep. Jensen, Kevin D. [R]",1,0,0,1,0,0,0,0,0,0.85,2020,1,0,,1,1,0.32731205,,30.1,24.8,27,18.1,91.4,0.7,2.6,8.6,57.9,24.2,92.6,25.8,35.1,64.9,0.16609572,364.53333,85.6,0,1,1,1
2022,44593,SB,46,50_17_3,South Dakota,SD,0,17,1,2,2,"Rep. Davis, Sydney [R]",1,0,0,1,0,1,0,0,0,,2020,5278,3645,7967,16890,0.19336885,-0.35066995,,42.6,21.9,20.2,15.3,89.7,1.3,2.8,10.3,46.2,40.6,93.3,38.7,45.4,54.6,0.023007017,338.2,49.5,0,1,1,1
2022,44593,SB,46,50_17_3,South Dakota,SD,0,17,1,2,2,"Rep. Vasgaard, Richard [R]",1,0,0,1,0,0,0,0,0,,2020,4786,3645,8459,16890,0.13510953,-0.35066995,,42.6,21.9,20.2,15.3,89.7,1.3,2.8,10.3,46.2,40.6,93.3,38.7,45.4,54.6,0.023007017,338.2,49.5,0,1,1,1
2022,44593,SB,46,50_17_3,South Dakota,SD,0,18,1,2,2,"Rep. Cwach, Ryan [D]",0,1,0,0,1,0,0,0,0,,2020,1,0,,1,1,0.15171096,,30.3,23.3,27.6,19,87.9,1.4,5,12.1,53.2,29.8,90.4,26.7,65.4,34.6,0,469.15,107.1,0,1,1,1
2022,44593,SB,46,50_17_3,South Dakota,SD,0,18,1,2,2,"Rep. Stevens, Mike [R]",0,1,0,1,0,0,0,0,0,0.335,2020,1,0,,1,1,0.15171096,,30.3,23.3,27.6,19,87.9,1.4,5,12.1,53.2,29.8,90.4,26.7,65.4,34.6,0,469.15,107.1,0,1,1,1
2022,44593,SB,46,50_17_3,South Dakota,SD,0,19,1,2,2,"Rep. Overweg, Marty [R]",1,0,0,1,0,0,0,0,0,,2020,1,0,,1,1,-0.002008009,,32.6,20.1,25.8,21.6,93.8,0.3,2.1,6.2,62,22.1,89.5,21.9,0,100,0.044296786,578.72,241.12,0,1,1,1
2022,44593,SB,46,50_17_3,South Dakota,SD,0,19,1,2,2,"Rep. Peterson, Kent S. [R]",1,0,0,1,0,0,0,0,0,0.502,2020,1,0,,1,1,-0.002008009,,32.6,20.1,25.8,21.6,93.8,0.3,2.1,6.2,62,22.1,89.5,21.9,0,100,0.044296786,578.72,241.12,0,1,1,1
2022,44593,SB,46,50_17_3,South Dakota,SD,0,20,1,2,2,"Rep. Koth, Lance [R]",1,0,0,1,0,0,0,0,0,,2020,1,0,,1,1,-0.050776742,,32,23.7,24.7,19.6,90.3,1.3,3.8,9.7,54.1,27,90.7,25,68.6,31.4,0.065025546,597.875,140.725,0,1,1,1
2022,44593,SB,46,50_17_3,South Dakota,SD,0,20,1,2,2,"Rep. Miskimins, Paul R. [R]",0,1,0,1,0,0,0,0,0,,2020,1,0,,1,1,-0.050776742,,32,23.7,24.7,19.6,90.3,1.3,3.8,9.7,54.1,27,90.7,25,68.6,31.4,0.065025546,597.875,140.725,0,1,1,1
2022,44593,SB,46,50_17_3,South Dakota,SD,0,21,1,2,2,"Rep. Blare, Rocky Dale [R]",1,0,0,1,0,0,0,0,0,,2020,6330,2911,5038,14279,0.47888508,0.27857575,,33.1,22.2,24.9,19.8,74.1,0.4,2.9,25.9,49.7,30.6,88.7,20.1,0,100,0.048245084,747.96,261.32,0,1,1,1
2022,44593,SB,46,50_17_3,South Dakota,SD,0,21,1,2,2,"Rep. Finck, Caleb [R]",1,0,0,1,0,0,0,0,0,,2020,5038,2911,6330,14279,0.29792002,0.27857575,,33.1,22.2,24.9,19.8,74.1,0.4,2.9,25.9,49.7,30.6,88.7,20.1,0,100,0.048245084,747.96,261.32,0,1,1,1
2022,44593,SB,46,50_17_3,South Dakota,SD,0,22,1,2,2,"Rep. Chase, Roger [R]",0,1,0,1,0,0,0,0,0,0.457,2020,6165,2640,8203,17008,0.41451082,0.4410056,,32.2,23.6,24.7,19.3,80.4,0.9,8.9,19.6,59.5,23.3,86.3,23.4,58,42,0,657.1667,238.06667,0,1,1,1
2022,44593,SB,46,50_17_3,South Dakota,SD,0,22,1,2,2,"Rep. Schneider, Lynn V. [R]",1,0,0,1,0,0,0,0,0,,2020,5855,2640,8513,17008,0.3780574,0.4410056,,32.2,23.6,24.7,19.3,80.4,0.9,8.9,19.6,59.5,23.3,86.3,23.4,58,42,0,657.1667,238.06667,0,1,1,1
2022,44593,SB,46,50_17_3,South Dakota,SD,0,23,1,2,2,"Rep. Gosch, Spencer [R]",1,0,0,1,0,0,0,0,0,0.955,2020,1,0,,1,1,0.46615726,,29.3,20.2,25.4,25.1,91.2,1.3,1.5,8.8,60.1,22.2,90.9,24.4,16.9,42,0.17495899,736.9375,242.325,0,1,1,1
2022,44593,SB,46,50_17_3,South Dakota,SD,0,23,1,2,2,"Rep. Hoffman, Charles B [R]",1,0,0,1,0,0,0,0,0,0.646,2020,1,0,,1,1,0.46615726,,29.3,20.2,25.4,25.1,91.2,1.3,1.5,8.8,60.1,22.2,90.9,24.4,16.9,42,0.17495899,736.9375,242.325,0,1,1,1
2022,44593,SB,46,50_17_3,South Dakota,SD,0,24,1,2,2,"Rep. Mortenson, Will D. [R]",1,0,0,1,0,0,0,0,0,,2020,8410,3079,7786,19275,0.5531517,-0.12109559,,29.4,24.9,27,18.9,83.4,0.2,3.3,16.6,55.7,25.2,95.4,33.7,67,33,0.060557127,616.32,164.8,0,1,1,1
2022,44593,SB,46,50_17_3,South Dakota,SD,0,24,1,2,2,"Rep. Weisgram, Mike [R]",0,1,0,1,0,0,0,0,0,,2020,7786,3079,8410,19275,0.48840466,-0.12109559,,29.4,24.9,27,18.9,83.4,0.2,3.3,16.6,55.7,25.2,95.4,33.7,67,33,0.060557127,616.32,164.8,0,1,1,1
2022,44593,SB,46,50_17_3,South Dakota,SD,0,25,1,2,2,"Rep. Hansen, Jon [R]",1,0,0,1,0,0,0,0,0,0.895,2020,7826,4460,11504,23790,0.28297603,0.1753178,,32,24.9,27.9,15.2,87.4,4.4,3.6,12.6,62.6,22.2,93.6,30.8,16.3,83.7,0.05191569,655.55,229.4,0,1,1,1
2022,44593,SB,46,50_17_3,South Dakota,SD,0,25,1,2,2,"Rep. Pischke, Tom [R]",1,0,0,1,0,0,0,0,0,1.355,2020,7784,4460,11546,23790,0.27944514,0.1753178,,32,24.9,27.9,15.2,87.4,4.4,3.6,12.6,62.6,22.2,93.6,30.8,16.2,83.7,0.05191569,655.55,229.4,0,1,1,1
2022,44593,SB,46,50_17_3,South Dakota,SD,0,26A,1,2,1,"Rep. Bordeaux, Shawn L. [D]",0,1,0,0,1,0,0,0,0,-0.333,2020,1,0,,1,1,-0.010361697,,49.1,24.6,17.4,8.7,12.7,0.1,3.3,87.3,25.1,56.5,80.2,13.6,0,100,0,524.9667,153.83333,0,1,1,1
2022,44593,SB,46,50_17_3,South Dakota,SD,0,27,1,2,2,"Rep. May, Elizabeth [R]",1,0,0,1,0,1,0,0,0,1.292,2020,3320,2480,3234,9034,0.18596414,0.4816621,,45.2,24.6,19.6,10.4,23,0.2,3.7,77,31.1,50.3,79.5,14,9.7,90.3,0.36263168,315.275,119.55,0,1,1,1
2022,44593,SB,46,50_17_3,South Dakota,SD,0,27,1,2,2,"Rep. Pourier, Peri [D]",0,1,0,0,1,1,0,0,0,,2020,3234,2480,3320,9034,0.16692495,0.4816621,,45.2,24.6,19.6,10.4,23,0.2,3.7,77,31.1,50.3,79.5,14,9.7,90.3,0.36263168,315.275,119.55,0,1,1,1
2022,44593,SB,46,50_17_3,South Dakota,SD,0,28B,1,2,1,"Rep. Marty, Sam [R]",1,0,0,1,0,0,0,0,0,1.496,2020,1,0,,1,1,-0.005894754,,31.5,21.3,26.9,20.3,91,0.5,3.4,9,53.7,23.9,92.5,22.8,0,100,0.05920663,588.56665,218.7,0,1,1,1
2022,44593,SB,46,50_17_3,South Dakota,SD,0,29,1,2,2,"Rep. Chaffee, Kirk [R]",1,0,0,1,0,0,0,0,0,,2020,6381,3174,8167,17722,0.36192304,0.5190784,,34.8,26.1,23.9,15.4,85.7,1.8,4.1,14.3,57.8,28.4,95,23.7,61.9,38.1,0.14410606,351.3,137.7,0,1,1,1
2022,44593,SB,46,50_17_3,South Dakota,SD,0,29,1,2,2,"Rep. Wink, Dean [R]",1,0,0,1,0,0,0,0,0,0.667,2020,8167,3174,6381,17722,0.56348044,0.5190784,,34.8,26.1,23.9,15.4,85.7,1.8,4.1,14.3,57.8,28.4,95,23.7,61.9,38.1,0.14410606,351.3,137.7,0,1,1,1
2022,44593,SB,46,50_17_3,South Dakota,SD,0,30,1,2,2,"Rep. Goodwin, Timothy \Tim\"" R. [R]""",1,0,0,1,0,0,0,0,0,1.42,2020,1,0,,1,1,0.53307503,,23.4,17.5,33.6,25.6,87,0.6,4,13,58,22,91.5,25.9,13.3,86.7,0.49723756,453.93332,211.6,0,1,1,1
2022,44593,SB,46,50_17_3,South Dakota,SD,0,30,1,2,2,"Rep. Ladner, Trish [R]",1,0,0,1,0,1,0,0,0,,2020,1,0,,1,1,0.53307503,,23.4,17.5,33.6,25.6,87,0.6,4,13,58,22,91.5,25.9,13.3,86.7,0.49723756,453.93332,211.6,0,1,1,1
2022,44593,SB,46,50_17_3,South Dakota,SD,0,31,1,2,2,"Rep. Fitzgerald, Mary [R]",1,0,0,1,0,1,0,0,0,,2020,6920,4590,8104,19614,0.2375854,0.003287666,,30.2,22.1,25.8,21.9,90.5,0.9,3.4,9.5,48.7,31.5,94,35,59,41,0.108873166,395.3,193.9,0,1,1,1
2022,44593,SB,46,50_17_3,South Dakota,SD,0,31,1,2,2,"Rep. Odenbach, Scott [R]",1,0,0,1,0,0,0,0,0,,2020,8104,4590,6920,19614,0.3583155,0.003287666,,30.2,22.1,25.8,21.9,90.5,0.9,3.4,9.5,48.7,31.5,94,35,59,41,0.108873166,395.3,193.9,0,1,1,1
2022,44593,SB,46,50_17_3,South Dakota,SD,0,32,1,2,2,"Rep. Drury, Becky [R]",1,0,0,1,0,1,0,0,0,,2020,5587,3932,10217,19736,0.16771382,0.21261935,,31.1,28.8,22.7,17.3,76.2,1.3,5.9,23.8,37.3,37.1,92.5,30.7,97.9,2.1,0.3420641,490.7,281.3,0,1,1,1
2022,44593,SB,46,50_17_3,South Dakota,SD,0,32,1,2,2,"Rep. Johnson, Chris [R]",1,0,0,1,0,0,0,0,0,0.819,2020,6391,3932,9413,19736,0.2491893,0.21261935,,31.1,28.8,22.7,17.3,76.2,1.3,5.9,23.8,37.3,37.1,92.5,30.7,97.9,2.1,0.3420641,490.7,281.3,0,1,1,1
2022,44593,SB,46,50_17_3,South Dakota,SD,0,33,1,2,2,"Rep. Howard, Taffy [R]",1,0,0,1,0,0,0,0,0,1.386,2020,1,0,,1,1,0.14484999,,28.4,22.1,29.3,20.2,80.2,0.8,6.6,19.8,55.1,24.9,93.5,30.6,60.5,39.5,0.20960176,421,209.5,0,1,1,1
2022,44593,SB,46,50_17_3,South Dakota,SD,0,33,1,2,2,"Rep. Jensen, Phil [R]",1,0,0,1,0,0,0,0,0,,2020,1,0,,1,1,0.14484999,,28.4,22.1,29.3,20.2,80.2,0.8,6.6,19.8,55.1,24.9,93.5,30.6,60.5,39.5,0.20960176,421,209.5,0,1,1,1
2022,44593,SB,46,50_17_3,South Dakota,SD,0,34,1,2,2,"Rep. Derby, Mike [R]",1,0,0,1,0,0,0,0,0,0.771,2020,7225,3806,10532,21563,0.31711727,0.20209971,,28.8,25.9,22.9,22.4,85.6,0.6,5,14.4,52.7,27.5,97.6,45.3,97.8,2.2,0.037474237,490.7,281.3,0,1,1,1
2022,44593,SB,46,50_17_3,South Dakota,SD,0,34,1,2,2,"Rep. Olson, Jess [R]",0,1,0,1,0,1,0,0,0,,2020,6756,3806,11001,21563,0.27361685,0.20209971,,28.8,25.9,22.9,22.4,85.6,0.6,5,14.4,52.7,27.5,97.6,45.3,97.8,2.2,0.037474237,490.7,281.3,0,1,1,1
2022,44593,SB,46,50_17_3,South Dakota,SD,0,35,1,2,2,"Rep. Mulally, Tina L. [R]",1,0,0,1,0,1,0,0,0,,2020,5777,2916,8115,16808,0.34043312,-0.03583427,,36.4,26.8,23.8,13,76,2.3,4.1,24,43.8,35.5,92.4,20.9,88.8,11.2,0.2764886,490.7,281.3,0,1,1,1
2022,44580,SB,46,26_7_2,South Dakota,SD,1,1,0,2,1,"Sen. Rohl, Michael H. [R]",1,0,0,1,0,0,0,0,0,,2020,6051,4913,,10964,0.10379424,0.043859854,,32.2,20.9,25.2,21.8,74.7,0.3,3.8,25.3,55,25.8,91.7,21.7,0,100,0.061989874,680.025,188.375,0,1,1,1
2022,44580,SB,46,26_7_2,South Dakota,SD,1,2,0,2,1,"Sen. Greenfield, Brock L. [R]",1,0,0,1,0,0,0,0,0,1.034,2020,1,0,,1,1,0.118733026,,34.7,23.4,25,17,91.5,0.3,4.6,8.5,59,23.5,93.1,24.8,36.626934,63.373066,0.061462816,669.2,252.7,0,1,1,1
2022,44580,SB,46,26_7_2,South Dakota,SD,1,3,0,2,1,"Sen. Novstrup, Al [R]",1,0,0,1,0,0,0,0,0,0.792,2020,1,0,,1,1,0.15652587,,33.7,23.8,23.9,18.6,83.8,2.9,2.8,16.2,46.9,35.2,93.2,33.1,82.51597,17.48403,0.41904423,751.9,202.5,0,1,1,1
2022,44580,SB,46,26_7_2,South Dakota,SD,1,4,0,2,1,"Sen. Wiik, John [R]",1,0,0,1,0,0,0,0,0,0.874,2020,9538,2007,,11545,0.65231705,0.3612389,,32,23.4,26.3,18.5,94.5,0.2,3.7,5.5,63.6,22.9,94.1,24,20.85313,79.14687,0.02081382,605.7833,183.93333,0,1,1,1
2022,44580,SB,46,26_7_2,South Dakota,SD,1,5,0,2,1,"Sen. Schoenbeck, Lee [R]",1,0,0,1,0,0,0,0,0,0.79,2020,8272,2193,,10465,0.5808887,0.29455364,,31.9,25.8,25.1,17.3,91.2,0.7,3.2,8.8,52,29.7,90.9,20.4,90.34237,9.657635,0,653.6,180.1,0,1,1,1
2022,44580,SB,46,26_7_2,South Dakota,SD,1,6,0,2,1,"Sen. Otten, Herman [R]",1,0,0,1,0,0,0,0,0,,2020,10194,5081,,15275,0.33472994,0.11751317,,38.3,33.3,18.8,9.5,91,2.6,2.6,9,57.6,30.6,96,36.1,0,100,0.14422582,259.3,99.4,0,1,1,1
2022,44580,SB,46,26_7_2,South Dakota,SD,1,7,0,2,1,"Sen. Smith, VJ [R]",0,1,0,1,0,0,0,0,0,,2020,1,0,,1,1,0.19861205,,50.3,22.3,16.6,10.9,87.9,1.5,3.2,12.1,36.1,53.2,96.1,48.1,85.64665,14.353344,0.0929464,506.1,186.9,0,1,1,1
2022,44580,SB,46,26_7_2,South Dakota,SD,1,8,0,2,1,"Sen. Crabtree, Casey [R]",1,0,0,1,0,0,0,0,0,,2020,1,0,,1,1,0.31773174,,31.5,20.8,27.1,20.8,88.6,0.4,3.2,11.4,56.1,26.4,91.5,28.4,27.005928,72.99407,0.053561863,614.375,128.4,0,1,1,1
2022,44580,SB,46,26_7_2,South Dakota,SD,1,9,0,2,1,"Sen. Steinhauer, Wayne [R]",1,0,0,1,0,0,0,0,0,0.638,2020,7654,5552,,13206,0.15917008,-0.029997546,,37.9,30.3,21.8,10,78.7,4.3,10.6,21.3,50,32.4,90.4,25.9,82.827415,17.172586,0.4416636,669.2,252.7,0,1,1,1
2022,44580,SB,46,26_7_2,South Dakota,SD,1,10,0,2,1,"Sen. Sutton, Margaret [R]",1,0,0,1,0,1,0,0,0,,2020,7205,4261,,11466,0.2567591,0.27276576,,36.3,28,24.3,11.4,75.5,9.8,4.1,24.5,57.4,27.3,90.5,31.3,68.47547,31.524529,0.08319467,669.2,252.7,0,1,1,1
2022,44580,SB,46,26_7_2,South Dakota,SD,1,11,0,2,1,"Sen. Stalzer, Jim [R]",1,0,0,1,0,0,0,0,0,0.95,2020,8244,5389,,13633,0.20941833,0.3040721,,34.8,31.4,23,10.6,90.1,0.8,2.9,9.9,61.2,24.5,96.9,42.5,96.80886,3.1911402,0.07588693,669.2,252.7,0,1,1,1
2022,44580,SB,46,26_7_2,South Dakota,SD,1,12,0,2,1,"Sen. Curd, Richard Blake [R]",1,0,0,1,0,0,0,0,0,0.77,2020,6599,5606,,12205,0.0813601,0.26094934,,33.9,27.7,20.1,18.3,85.9,3.4,4.6,14.1,42.1,36.7,96.3,38.3,95.72504,4.274961,0.6479285,464.25,176.05,0,1,1,1
2022,44580,SB,46,26_7_2,South Dakota,SD,1,13,0,2,1,"Sen. Kolbeck, Jack [R]",1,0,0,1,0,0,0,0,0,0.877,2020,7490,5819,,13309,0.12555413,0.024760446,,33.7,26.2,25.6,14.6,92.3,1.4,1.2,7.7,48.9,35,96.8,46.4,100,0,0.47902918,464.25,176.05,0,1,1,1
2022,44580,SB,46,26_7_2,South Dakota,SD,1,14,0,2,1,"Sen. Zikmund, Larry P. [R]",1,0,0,1,0,0,0,0,0,0.679,2020,7391,5808,,13199,0.11993333,0.29371795,,33.2,27,24.1,15.7,86,5.6,3.5,14,54.3,31.3,95.9,41.8,100,0,0.046399407,669.2,252.7,0,1,1,1
2022,44580,SB,46,26_7_2,South Dakota,SD,1,15,0,2,1,"Sen. Nesiba, Reynold F. [D]",0,1,0,0,1,0,0,0,0,-1.111,2020,4127,3411,,7538,0.09498541,-0.12549374,,29.8,34.3,25,11,63.1,17.2,9.3,36.9,29.5,47.1,86.4,21.5,100,0,0.5268051,669.2,252.7,0,1,1,1
2022,44580,SB,46,26_7_2,South Dakota,SD,1,16,0,2,1,"Sen. Bolin, Jim [R]",1,0,0,1,0,0,0,0,0,0.761,2020,1,0,,1,1,0.32079414,,30.1,24.8,27,18.1,91.4,0.7,2.6,8.6,57.9,24.2,92.6,25.8,35.13986,64.86014,0.16609572,364.53333,85.6,0,1,1,1
2022,44580,SB,46,26_7_2,South Dakota,SD,1,17,0,2,1,"Sen. Rusch, Arthur L. [R]",0,1,0,1,0,0,0,0,0,0.593,2020,6285,3122,434,9841,0.32141042,0.062307164,,42.6,21.9,20.2,15.3,89.7,1.3,2.8,10.3,46.2,40.6,93.3,38.7,45.448353,54.551647,0.023007017,338.2,49.5,0,1,1,1
2022,44580,SB,46,26_7_2,South Dakota,SD,1,18,0,2,1,"Sen. Hunhoff, Jean [R]",0,1,0,1,0,1,0,0,0,0.599,2020,6342,4255,,10597,0.19694254,0.33845767,,30.3,23.3,27.6,19,87.9,1.4,5,12.1,53.2,29.8,90.4,26.7,65.37505,34.624947,0,469.15,107.1,0,1,1,1
2022,44580,SB,46,26_7_2,South Dakota,SD,1,19,0,2,1,"Sen. Schoenfish, Kyle [R]",1,0,0,1,0,0,0,0,0,,2020,1,0,,1,1,0.33075902,,32.6,20.1,25.8,21.6,93.8,0.3,2.1,6.2,62,22.1,89.5,21.9,0,100,0.044296786,578.72,241.12,0,1,1,1
2022,44580,SB,46,26_7_2,South Dakota,SD,1,20,0,2,1,"Sen. Klumb, Joshua M. [R]",1,0,0,1,0,0,0,0,0,0.952,2020,8516,1492,,10008,0.70183855,0.09842351,,32,23.7,24.7,19.6,90.3,1.3,3.8,9.7,54.1,27,90.7,25,68.58294,31.417059,0.065025546,597.875,140.725,0,1,1,1
2022,44580,SB,46,26_7_2,South Dakota,SD,1,21,0,2,1,"Sen. Tobin, Erin [R]",1,0,0,1,0,1,0,0,0,,2020,7629,2002,,9631,0.58425915,0.15189491,,33.1,22.2,24.9,19.8,74.1,0.4,2.9,25.9,49.7,30.6,88.7,20.1,0,100,0.048245084,747.96,261.32,0,1,1,1
2022,44580,SB,46,26_7_2,South Dakota,SD,1,22,0,2,1,"Sen. Wheeler, David [R]",0,1,0,1,0,0,0,0,0,,2020,1,0,,1,1,0.3827947,,32.2,23.6,24.7,19.3,80.4,0.9,8.9,19.6,59.5,23.3,86.3,23.4,57.99635,42.00365,0,657.1667,238.06667,0,1,1,1
2022,44580,SB,46,26_7_2,South Dakota,SD,1,23,0,2,1,"Sen. Breitling, Bryan J. [R]",1,0,0,1,0,0,0,0,0,,2020,9519,1110,,10629,0.79113746,0.22855741,,29.3,20.2,25.4,25.1,91.2,1.3,1.5,8.8,60.1,22.2,90.9,24.4,16.911045,83.08895,0.17495899,736.9375,242.325,0,1,1,1
2022,44580,SB,46,26_7_2,South Dakota,SD,1,24,0,2,1,"Sen. Duvall, Mary [R]",1,0,0,1,0,1,0,0,0,0.433,2020,1,0,,1,1,0.39845812,,29.4,24.9,27,18.9,83.4,0.2,3.3,16.6,55.7,25.2,95.4,33.7,67.02182,32.978184,0.060557127,616.32,164.8,0,1,1,1
2022,44580,SB,46,26_7_2,South Dakota,SD,1,25,0,2,1,"Sen. Symens, Marsha [R]",1,0,0,1,0,1,0,0,0,,2020,7580,4205,1093,12878,0.26207486,0.28338793,,32,24.9,27.9,15.2,87.4,4.4,3.6,12.6,62.6,22.2,93.6,30.8,16.309393,83.690605,0.05191569,655.55,229.4,0,1,1,1
2022,44580,SB,46,26_7_2,South Dakota,SD,1,27,0,2,1,"Sen. Foster, Red Dawn [D]",0,1,0,0,1,1,0,0,1,,2020,3829,2978,,6807,0.12501836,-0.030723436,,45.2,24.6,19.6,10.4,23,0.2,3.7,77,31.1,50.3,79.5,14,9.699801,90.3002,0.36263168,315.275,119.55,0,1,1,1
2022,44580,SB,46,26_7_2,South Dakota,SD,1,28,0,2,1,"Sen. Maher, Ryan M. [R]",1,0,0,1,0,0,0,0,0,0.831,2020,1,0,,1,1,0.29056522,,38.2,22.2,24.5,15.1,56.5,0.3,3.1,43.5,44.4,34,89,19.9,9.954128,90.04587,0.115420125,525.05,157.63333,0,1,1,1
2022,44580,SB,46,26_7_2,South Dakota,SD,1,29,0,2,1,"Sen. Cammack, Gary L. [R]",1,0,0,1,0,0,0,0,0,0.659,2020,9350,2656,,12006,0.55755454,0.29834467,,34.8,26.1,23.9,15.4,85.7,1.8,4.1,14.3,57.8,28.4,95,23.7,61.89299,38.10701,0.14410606,351.3,137.7,0,1,1,1
2022,44580,SB,46,26_7_2,South Dakota,SD,1,30,0,2,1,"Sen. Frye-Mueller, Julie [R]",1,0,0,1,0,1,0,0,0,1.544,2020,10043,4046,,14089,0.42565122,0.3614322,,23.4,17.5,33.6,25.6,87,0.6,4,13,58,22,91.5,25.9,13.273952,86.72605,0.49723756,453.93332,211.6,0,1,1,1
2022,44580,SB,46,26_7_2,South Dakota,SD,1,31,0,2,1,"Sen. Johns, Timothy R. [R]",0,1,0,1,0,0,0,0,0,0.291,2020,1,0,,1,1,0.22222571,,30.2,22.1,25.8,21.9,90.5,0.9,3.4,9.5,48.7,31.5,94,35,58.95265,41.04735,0.108873166,395.3,193.9,0,1,1,1
2022,44580,SB,46,26_7_2,South Dakota,SD,1,32,0,2,1,"Sen. Duhamel, Helene M. [R]",1,0,0,1,0,1,0,0,0,,2020,7397,4143,,11540,0.28197575,0.48656625,,31.1,28.8,22.7,17.3,76.2,1.3,5.9,23.8,37.3,37.1,92.5,30.7,97.914314,2.0856822,0.3420641,490.7,281.3,0,1,1,1
2022,44580,SB,46,26_7_2,South Dakota,SD,1,33,0,2,1,"Sen. Johnson, David [R]",1,0,0,1,0,0,0,0,0,0.823,2020,11369,5317,,16686,0.36269927,0.34937832,,28.4,22.1,29.3,20.2,80.2,0.8,6.6,19.8,55.1,24.9,93.5,30.6,60.454716,39.545284,0.20960176,421,209.5,0,1,1,1
2022,44580,SB,46,26_7_2,South Dakota,SD,1,35,0,2,1,"Sen. Castleberry, Jessica [R]",1,0,0,1,0,1,0,0,0,,2020,6012,3747,,9759,0.23209345,0.014001206,,36.4,26.8,23.8,13,76,2.3,4.1,24,43.8,35.5,92.4,20.9,88.826324,11.173673,0.2764886,490.7,281.3,0,1,1,1
2021,44256,SB,228,27 Y 6 N,Tennessee,TN,1,1,0,4,1,"Sen. Southerland, Steve [R]",1,0,0,1,0,0,0,0,0,1.423,2018,1,0,,1,1,0.17777628,,29.4,22.9,28.3,19.5,89.3,2.2,5.7,10.7,50.1,24.7,82,14.5,49.3955,50.6045,0.21340731,554.55,453.775,0,1,1,1
2021,44256,SB,228,27 Y 6 N,Tennessee,TN,1,2,0,4,1,"Sen. Swann, Art [R]",1,0,0,1,0,0,0,0,0,0.775,2020,1,0,,1,1,0.5228084,,28.8,23.8,28.4,19.2,90.6,2,4.4,9.4,54,24.4,87.1,21.9,68.177864,31.822138,0.3937614,606.8,507.325,0,1,1,1
2021,44256,SB,228,27 Y 6 N,Tennessee,TN,1,3,0,4,1,"Sen. Crowe, Rusty [R]",1,0,0,1,0,0,0,0,0,0.728,2018,1,0,,1,1,0.22006069,,29.8,24.2,27.1,18.8,90.6,3.2,3.2,9.4,49.3,27.8,86.8,27.2,68.96,31.04,0.24117075,501.36667,423.83334,0,1,1,1
2021,44256,SB,228,27 Y 6 N,Tennessee,TN,1,4,0,4,1,"Sen. Lundberg, Jon C. [R]",1,0,0,1,0,0,0,0,0,0.796,2020,65638,17381,,83019,0.5812766,0.43186867,,27,22.8,29,21.2,93.7,1.8,1.8,6.3,52.3,22.7,85.6,20.8,26.905212,73.09479,0.13809858,580,450.05,0,1,1,1
2021,44256,SB,228,27 Y 6 N,Tennessee,TN,1,5,0,4,1,"Sen. McNally, Randy [R]",1,0,0,1,0,0,0,0,0,1.005,2018,48336,18948,,67284,0.43677545,0.36889514,,30,23.5,27.3,19.3,87.1,4.4,4.7,12.9,52.2,25.4,86.9,25.8,59.089596,40.910404,0.16554768,563.4667,406.63333,0,1,1,1
2021,44256,SB,228,27 Y 6 N,Tennessee,TN,1,6,0,4,1,"Sen. Massey, Becky Duncan [R]",1,0,0,1,0,1,0,0,0,0.723,2020,61286,35785,,97071,0.2627046,0.032459453,,31.5,24.9,27.5,15.9,83.5,9.7,2.9,16.5,52,28.2,90.9,36.4,81.58382,18.41618,0.34508955,566.5,370.1,0,1,1,1
2021,44256,SB,228,27 Y 6 N,Tennessee,TN,1,7,0,4,1,"Sen. Briggs, Richard M. [R]",1,0,0,1,0,0,0,0,0,0.77,2018,38558,30826,,69384,0.1114378,0.007262387,,34.9,26.9,23.5,14.6,81.3,7.9,5.3,18.7,45.1,35.6,92.1,39.7,98.25337,1.7466301,0.6879019,566.5,370.1,0,1,1,1
2021,44256,SB,228,27 Y 6 N,Tennessee,TN,1,8,0,4,1,"Sen. Niceley, Frank S. [R]",1,0,0,1,0,0,0,0,0,1.087,2020,1,0,,1,1,0.3446157,,28.7,22.9,29.1,19.4,94.5,1.2,2.2,5.5,53.4,22.5,81.8,13.8,50.13401,49.86599,0.11942517,567.25,506.16666,0,1,1,1
2021,44256,SB,228,27 Y 6 N,Tennessee,TN,1,9,0,4,1,"Sen. Bell, Mike [R]",1,0,0,1,0,0,0,0,0,1.585,2018,45006,12887,,57893,0.5547994,0.4063222,,30.9,23.6,26.8,18.7,88,3.8,4.9,12,52,23.8,83,17,48.102863,51.897137,0.21459515,515.58,388.34,0,1,1,1
2021,44256,SB,228,27 Y 6 N,Tennessee,TN,1,10,0,4,1,"Sen. Gardenhire, Todd [R]",1,0,0,1,0,0,0,0,0,1.084,2020,45049,39688,,84737,0.063266344,-0.018333448,,31.6,27,26.5,15.1,65.4,24.3,6.3,34.6,43.2,36,85.5,28,85.97436,14.02564,0.4731558,392.6,297.1,0,1,1,1
2021,44256,SB,228,27 Y 6 N,Tennessee,TN,1,11,0,4,1,"Sen. Watson, Bo [R]",1,0,0,1,0,0,0,0,0,1.182,2018,51082,27332,,78414,0.3028796,0.20996153,,28.2,25.8,27.4,18.7,81.4,10.6,4.2,18.6,52.7,26.5,91.5,31.7,84.19378,15.806225,0.20974281,590.7,397.3,0,1,1,1
2021,44256,SB,228,27 Y 6 N,Tennessee,TN,1,12,0,4,1,"Sen. Yager, Ken [R]",1,0,0,1,0,0,0,0,0,0.872,2020,1,0,,1,1,0.32131752,,28.7,23.1,28.5,19.7,94.3,1.8,2,5.7,52.4,23.6,81,13.9,30.878435,69.12157,0.2403144,406.0778,348.71112,0,1,1,1
2021,44256,SB,228,27 Y 6 N,Tennessee,TN,1,13,0,4,1,"Sen. White, Dawn [R]",1,0,0,1,0,1,0,0,0,1.191,2018,36594,25974,1559,64127,0.16560887,0.2708515,,37.6,29.2,24,9.2,70.4,14.7,8.8,29.6,50,32.6,90.7,30.3,57.6431,42.3569,0.2075114,381.6,259.5,0,1,1,1
2021,44256,SB,228,27 Y 6 N,Tennessee,TN,1,14,0,4,1,"Sen. Reeves, Shane [R]",1,0,0,1,0,0,0,0,0,,2020,62351,24440,,86791,0.43680796,0.38253662,,34.1,25.9,25.4,14.6,79.8,9.3,6.2,20.2,52,28.3,86.7,24.4,33.321415,66.67859,0.11189903,377.675,281.15,0,1,1,1
2021,44256,SB,228,27 Y 6 N,Tennessee,TN,1,15,0,4,1,"Sen. Bailey, Paul E. [R]",1,0,0,1,0,0,0,0,0,1.02,2018,48919,17512,,66431,0.47277626,0.3660775,,29.8,22.5,26.3,21.4,92.1,1.6,3.8,7.9,52,24.7,83.6,18.6,40.280216,59.719784,0.21939655,380.35,298.05,0,1,1,1
2021,44256,SB,228,27 Y 6 N,Tennessee,TN,1,16,0,4,1,"Sen. Bowling, Janince [R]",1,0,0,1,0,1,0,0,0,0.993,2020,62379,19687,,82066,0.52021545,0.41345966,,30.7,23.6,27.3,18.4,88.8,2.3,4.3,11.2,53.1,22.9,83.1,16.3,75.06717,24.932829,0.3447566,467.26666,354.33334,0,1,1,1
2021,44256,SB,228,27 Y 6 N,Tennessee,TN,1,17,0,4,1,"Sen. Pody, Mark [R]",1,0,0,1,0,0,0,0,0,0.858,2018,53364,22452,,75816,0.40772396,0.45736524,,31,24.8,28.2,16,88.1,4.9,4.2,11.9,58,22,87.4,23.7,40.910984,59.089016,0.28606358,564.15,300.4,0,1,1,1
2021,44256,SB,228,27 Y 6 N,Tennessee,TN,1,18,0,4,1,"Sen. Haile, Ferrell [R]",1,0,0,1,0,0,0,0,0,0.94,2020,68141,26261,,94402,0.44363466,0.40815437,,31.5,26.4,27.1,15.1,82,9.1,5,18,53.4,26.4,89.9,28,64.670204,35.3298,0.24100512,423.3,280.05,0,1,1,1
2021,44256,SB,228,27 Y 6 N,Tennessee,TN,1,19,0,4,1,"Sen. Gilmore, Brenda [D]",0,1,0,0,1,1,1,0,0,-0.63,2018,49586,6271,1945,57802,0.74936855,-0.55859876,,35.1,33.6,21.8,9.1,34.1,49.6,11,65.9,30.5,49.8,83.8,28.8,97.92579,2.0742087,0.5152169,617,273.7,0,1,1,1
2021,44256,SB,228,27 Y 6 N,Tennessee,TN,1,20,0,4,1,"Sen. Campbell, Heidi [D]",0,1,0,0,1,1,0,0,0,,2020,58746,54755,,113501,0.035162687,0.029810306,,26.9,31,26.2,15.9,75.8,12,6,24.2,50.7,30.5,93.5,50.6,95.20252,4.7974806,0.58950037,617,273.7,0,1,1,1
2021,44256,SB,228,27 Y 6 N,Tennessee,TN,1,21,0,4,1,"Sen. Yarbro, Jeff [D]",0,1,0,0,1,0,0,0,0,-1.895,2018,1,0,,1,1,-0.13218564,,31.8,36.2,22.4,9.6,57.3,21,13.7,42.7,40.4,41.7,87.2,40.5,97.228165,2.7718337,0.6570302,617,273.7,0,1,1,1
2021,44256,SB,228,27 Y 6 N,Tennessee,TN,1,22,0,4,1,"Sen. Powers, Bill [R]",1,0,0,1,0,0,0,0,0,,2020,49767,30383,,80150,0.24184653,0.31802425,,37.5,31.4,21.1,10,66.6,17.5,9.1,33.4,53.9,27.3,91.4,25.7,65.906235,34.093765,0.15033379,474.7,337.1,0,1,1,1
2021,44256,SB,228,27 Y 6 N,Tennessee,TN,1,23,0,4,1,"Sen. Johnson, Jack [R]",1,0,0,1,0,0,0,0,0,0.988,2018,68118,33710,,101828,0.33790314,0.48628026,,35.3,23.9,28.5,12.4,85,4.2,4.7,15,64.9,23.4,95.6,59,85.059494,14.940506,0.2588129,420.88333,319.78333,0,1,1,1
2021,44256,SB,228,27 Y 6 N,Tennessee,TN,1,24,0,4,1,"Sen. Stevens, John [R]",1,0,0,1,0,0,0,0,0,1.053,2020,63532,8795,,72327,0.756799,0.4160545,,31.2,22.2,27,19.6,84,10.9,2.7,16,50.8,25.5,84,17.3,22.771053,77.22894,0.19401799,572.7,441.2,0,1,1,1
2021,44256,SB,228,27 Y 6 N,Tennessee,TN,1,25,0,4,1,"Sen. Roberts, Kerry [R]",1,0,0,1,0,0,0,0,0,0.948,2018,47188,18795,,65983,0.4303078,0.31220728,,31.2,25.2,28.4,15.1,88.7,4.5,4.2,11.3,53.6,25.9,84.6,16.5,24.42087,75.57913,0.22179763,582.8143,455.55713,0,1,1,1
2021,44256,SB,228,27 Y 6 N,Tennessee,TN,1,26,0,4,1,"Sen. Walley, Page [R]",1,0,0,1,0,0,0,0,0,0.785,2020,62701,19918,,82619,0.5178349,0.4259619,,29.5,23.2,28,19.3,76.1,19.6,2.3,23.9,51.1,26.5,82.6,15.1,24.071936,75.92806,0.19874448,569.4375,429.95,0,1,1,1
2021,44256,SB,228,27 Y 6 N,Tennessee,TN,1,27,0,4,1,"Sen. Jackson, Edward S. [R]",1,0,0,1,0,0,0,0,0,0.87,2018,35837,19177,,55014,0.302832,0.08009431,,32.6,24.7,26.6,16.2,63.6,29.4,4,36.4,46.9,30.6,84.2,19.8,58.180637,41.819363,0.10256264,549.6,316.8,0,1,1,1
2021,44256,SB,228,27 Y 6 N,Tennessee,TN,1,28,0,4,1,"Sen. Hensley, Joseph \Joey\"" [R]""",1,0,0,1,0,0,0,0,0,1.302,2020,65050,17872,3,82925,0.5689237,0.15881361,,30.6,24.6,27.5,17.2,85.5,7.9,3.7,14.5,52.7,25.1,85.6,16.9,99.930275,0.06972791,0.28048068,473.78,327.56,0,1,1,1
2021,44256,SB,228,27 Y 6 N,Tennessee,TN,1,29,0,4,1,"Sen. Akbari, Raumesh A. [D]",0,1,0,0,1,1,1,0,0,-0.765,2018,43851,8679,,52530,0.66956025,-0.5264254,,32,26.9,26.6,14.5,21.5,72.8,3.2,78.5,27.6,48.9,85.4,23.3,95.09445,4.905549,0.56167185,686.4,310.1,0,1,1,1
2021,44256,SB,228,27 Y 6 N,Tennessee,TN,1,30,0,4,1,"Sen. Kyle, Sara [D]",0,1,0,0,1,1,0,0,0,,2020,1,0,,1,1,-0.48108998,,38.4,27.3,23.2,11,21.1,67.1,8.7,78.9,28.4,49.6,79.6,17.6,100,0,0.56620145,686.4,310.1,0,1,1,1
2021,44256,SB,228,27 Y 6 N,Tennessee,TN,1,31,0,4,1,"Sen. Kelsey, Brian [R]",1,0,0,1,0,0,0,0,0,1.231,2018,40504,39086,,79590,0.017816309,0.18522722,,32.5,27.7,25.1,14.5,58.2,29.9,5.6,41.8,50.3,32.4,95.4,49.3,98.741,1.2589995,0.28307873,686.4,310.1,0,1,1,1
2021,44256,SB,228,27 Y 6 N,Tennessee,TN,1,32,0,4,1,"Sen. Rose, Paul [R]",1,0,0,1,0,0,0,0,0,,2020,70649,31571,,102220,0.3822931,0.54144204,,33.3,24.2,28.4,13.9,73.3,17.5,3.2,26.7,58.6,25.8,93,35.9,61.43827,38.56173,0.12848149,578.06665,355.7,0,1,1,1
2021,44256,SB,228,27 Y 6 N,Tennessee,TN,1,33,0,4,1,"Sen. Robinson, Katrina [D]",0,1,0,0,1,1,0,0,0,,2018,1,0,,1,1,-0.42289042,,38,29,23.5,9.6,15.4,72,9.6,84.6,31,48.7,85.5,21.5,98.96322,1.0367787,0.34585115,686.4,310.1,0,1,1,1
2021,44277,SB,228,71 Y 16 N 5 NV,Tennessee,TN,0,1,0,2,1,"Rep. Crawford, John [R]",1,0,0,1,0,0,0,0,0,,2020,1,0,,1,1,0.5842211,,28.1,23.4,28,20.5,93.1,2,1.7,6.9,48.8,25.3,84.6,18.6,83.6935,16.306505,0.15686575,622.8,474.1,0,1,1,1
2021,44277,SB,228,71 Y 16 N 5 NV,Tennessee,TN,0,2,0,2,1,"Rep. Hulsey, Bud [R]",1,0,0,1,0,0,0,0,0,0.866,2020,23315,6915,,30230,0.54250747,0.18561122,,27.1,22.7,28.4,21.7,92.4,2.2,2.3,7.6,53.3,21.3,89.1,28.1,89.636475,10.3635235,0.17685506,622.8,474.1,0,1,1,1
2021,44277,SB,228,71 Y 16 N 5 NV,Tennessee,TN,0,3,0,2,1,"Rep. Campbell, Scotty [R]",1,0,0,1,0,0,0,0,0,0.554,2020,1,0,,1,1,0.26008168,,24.8,23.4,30.1,21.8,95.2,1.5,1.5,4.8,54.7,21.6,82.3,16.9,32.992218,67.00778,0.023584906,535.75,446.75,0,1,1,1
2021,44277,SB,228,71 Y 16 N 5 NV,Tennessee,TN,0,4,0,2,1,"Rep. Holsclaw Jr., John B. [R]",1,0,0,1,0,0,0,0,0,1.271,2020,20582,4708,,25290,0.62767893,0.2596409,,26.9,22.9,29.1,21.1,94.4,1.4,2.7,5.6,49,24.1,84.3,16.6,57.280327,42.719673,0.37934273,418.7,348.9,0,1,1,1
2021,44277,SB,228,71 Y 16 N 5 NV,Tennessee,TN,0,5,0,2,1,"Rep. Hawk, David B. [R]",1,0,0,1,0,0,0,0,0,0.899,2020,1,0,,1,1,0.04739018,,27.8,22.8,28.3,21,93.2,2.1,2.8,6.8,49,25,83.8,15.7,49.34279,50.65721,0.06647831,487.7,335.5,0,1,1,1
2021,44277,SB,228,71 Y 16 N 5 NV,Tennessee,TN,0,6,0,2,1,"Rep. Hicks, Tim [R]",1,0,0,1,0,0,0,0,0,0.382,2020,21557,8107,,29664,0.45341155,0.20451704,,29.6,25,26.8,18.6,89.2,2.6,4.4,10.8,53.5,25.7,89.3,34.1,63.712967,36.287033,0.27702823,521.1,384.6,0,1,1,1
2021,44277,SB,228,71 Y 16 N 5 NV,Tennessee,TN,0,7,0,2,1,"Rep. Alexander, Rebecca Kefauver [R]",1,0,0,1,0,1,0,0,0,,2020,1,0,,1,1,0.2812903,,33.9,23.8,26,16.3,88.5,5.4,2.2,11.5,45.6,33.2,87.9,30.4,85.61139,14.38861,0.11025792,521.1,384.6,0,1,1,1
2021,44277,SB,228,71 Y 16 N 5 NV,Tennessee,TN,0,8,0,2,1,"Rep. Moon, Jerome [R]",1,0,0,1,0,0,0,0,0,,2020,23762,7971,,31733,0.49762076,0.51867425,,27.3,22.4,29.6,20.5,92.4,2.1,2.7,7.6,53.9,25.1,88.9,22.6,36.196697,63.803303,0.43580824,520.8,368.9,0,1,1,1
2021,44277,SB,228,71 Y 16 N 5 NV,Tennessee,TN,0,9,0,2,1,"Rep. Hicks, Gary [R]",1,0,0,1,0,0,0,0,0,0.98,2020,1,0,,1,1,0.8116209,,27.9,22.7,29.5,20,95.4,1.3,1.4,4.6,51.3,22.3,82.9,13.8,33.322758,66.67724,0.16067944,640.06665,582.6,0,1,1,1
2021,44277,SB,228,71 Y 16 N 5 NV,Tennessee,TN,0,10,0,2,1,"Rep. Eldridge, Rick [R]",1,0,0,1,0,0,0,0,0,,2020,1,0,,1,1,0.13078171,,31.6,23.9,26.7,17.9,81.7,3.5,11.6,18.3,50.7,25.6,81.3,16.1,77.650856,22.349146,0.22940478,629.1,518.6,0,1,1,1
2021,44277,SB,228,71 Y 16 N 5 NV,Tennessee,TN,0,11,0,2,1,"Rep. Faison, Jeremy [R]",1,0,0,1,0,0,0,0,0,0.974,2020,1,0,,1,1,0.103942394,,28.5,21.3,30.2,19.9,92.1,1.9,3.1,7.9,50.2,23.8,79.9,12.5,24.377323,75.62267,0.18810059,564.26666,440.56668,0,1,1,1
2021,44277,SB,228,71 Y 16 N 5 NV,Tennessee,TN,0,12,0,2,1,"Rep. Carr, Dale [R]",1,0,0,1,0,0,0,0,0,0.833,2020,23858,5502,,29360,0.6252044,0.6990592,,28,23.5,28.7,19.9,89.9,1,6,10.1,54.6,23.1,83.8,18.1,45.525063,54.474937,0.2987539,589,459.7,0,1,1,1
2021,44277,SB,228,71 Y 16 N 5 NV,Tennessee,TN,0,13,0,2,1,"Rep. Johnson, Gloria [D]",0,1,0,0,1,1,0,0,0,-1.08,2020,14242,12664,,26906,0.058648627,-0.03813565,,31.1,27.8,25.7,15.4,76.3,12.3,5,23.7,40.2,35.2,87.7,30,100,0,0.7901391,381.6,259.5,0,1,1,1
2021,44277,SB,228,71 Y 16 N 5 NV,Tennessee,TN,0,14,0,2,1,"Rep. Zachary, Jason [R]",1,0,0,1,0,0,0,0,0,1.426,2020,26539,14558,,41097,0.2915298,0.17976323,,31.2,22.4,29.8,16.7,87.5,1.4,3.9,12.5,66.6,20.8,97.9,62.9,90.65695,9.343046,0.20838343,566.5,370.1,0,1,1,1
2021,44277,SB,228,71 Y 16 N 5 NV,Tennessee,TN,0,16,0,2,1,"Rep. Carringer, Michele [R]",1,0,0,1,0,1,0,0,0,,2020,21438,9517,,30955,0.38510743,0.39091182,,31.5,24.5,26.4,17.6,92.1,3,2.9,7.9,53.9,24.9,90,27.1,99.602394,0.39760214,0.3927948,566.5,370.1,0,1,1,1
2021,44277,SB,228,71 Y 16 N 5 NV,Tennessee,TN,0,17,0,2,1,"Rep. Farmer, Andrew E. [R]",1,0,0,1,0,0,0,0,0,1.064,2020,21608,4935,,26543,0.6281505,0.3576986,,30.5,24,27.7,17.8,92.8,0.8,4.1,7.2,53.1,24.3,85.1,15.9,47.30567,52.69433,0.3125257,577.65,462.15,0,1,1,1
2021,44277,SB,228,71 Y 16 N 5 NV,Tennessee,TN,0,18,0,2,1,"Rep. Mannis, Eddie [R]",0,1,1,1,0,0,0,0,0,,2020,17400,14350,,31750,0.096062995,-0.17207605,,30.5,30.5,23.1,15.9,80.8,6.5,7.3,19.2,47.6,31.8,93.6,46.2,100,0,0.6210078,566.5,370.1,0,1,1,1
2021,44277,SB,228,71 Y 16 N 5 NV,Tennessee,TN,0,19,0,2,1,"Rep. Wright, Dave [R]",1,0,0,1,0,0,0,0,0,,2020,1,0,,1,1,-0.0909524,,30.5,24.7,28.7,16.1,94.1,3.1,0.9,5.9,56.7,23.2,87.6,20.3,53.078842,46.921158,0.3431028,566.5,370.1,0,1,1,1
2021,44277,SB,228,71 Y 16 N 5 NV,Tennessee,TN,0,21,0,2,1,"Rep. Russell, Lowell [R]",1,0,0,1,0,0,0,0,0,,2020,1,0,,1,1,0.38348463,,28.9,20.7,26.2,24.3,89.2,1.9,6.4,10.8,58,20,82.6,20.4,43.83491,56.16509,0.12903225,574.2,467.5,0,1,1,1
2021,44277,SB,228,71 Y 16 N 5 NV,Tennessee,TN,0,22,0,2,1,"Rep. Howell, Dan [R]",1,0,0,1,0,0,0,0,0,1.551,2020,1,0,,1,1,0.15501554,,27.8,23.5,30,18.6,93.6,1.6,2.7,6.4,58.5,20,83.4,15.8,15.120954,84.87904,0.19871026,596.3333,515.56665,0,1,1,1
2021,44277,SB,228,71 Y 16 N 5 NV,Tennessee,TN,0,23,0,2,1,"Rep. Cochran, Mark [R]",1,0,0,1,0,0,0,0,0,,2020,24290,3711,,28001,0.734938,0.3026596,,29.1,23.4,28.3,19.3,90.2,2.9,3.9,9.8,51.6,22.7,82.8,13.8,33.139038,66.86096,0.27518094,642.25,543.75,0,1,1,1
2021,44277,SB,228,71 Y 16 N 5 NV,Tennessee,TN,0,24,0,2,1,"Rep. Hall, Mark [R]",1,0,0,1,0,0,0,0,0,,2020,19249,5960,,25209,0.527153,0.59601325,,34.6,25.2,24,16.1,81.9,6.2,7.6,18.1,48.3,28.6,84.2,23.4,88.83929,11.160714,0.11974136,621.6,514.5,0,1,1,1
2021,44277,SB,228,71 Y 16 N 5 NV,Tennessee,TN,0,25,0,2,1,"Rep. Sexton, Cameron [R]",1,0,0,1,0,0,0,0,0,1.067,2020,1,0,,1,1,0.4757662,,24.8,19.9,26.8,28.6,93.4,0.5,4,6.6,56.2,18.7,84.9,17.1,35.04975,64.95025,0.22994725,495.85,356.45,0,1,1,1
2021,44277,SB,228,71 Y 16 N 5 NV,Tennessee,TN,0,26,0,2,1,"Rep. Smith, Robin [R]",1,0,0,1,0,1,0,0,0,,2020,24396,13311,,37707,0.29397726,0.22799043,,26.8,27.3,27.9,17.9,87.3,6.6,2.9,12.7,55.3,24.4,93.8,36.6,76.66319,23.336805,0.23296656,590.7,397.3,0,1,1,1
2021,44277,SB,228,71 Y 16 N 5 NV,Tennessee,TN,0,27,0,2,1,"Rep. Hazlewood, Patsy [R]",1,0,0,1,0,1,0,0,0,0.815,2020,1,0,,1,1,0.13622597,,28.6,25.7,26,19.7,87.9,4.8,3.1,12.1,49.6,27.5,91.6,35.5,85.74535,14.254644,0.29391974,590.7,397.3,0,1,1,1
2021,44277,SB,228,71 Y 16 N 5 NV,Tennessee,TN,0,28,0,2,1,"Rep. Hakeem, Yusuf A. [D]",0,1,0,0,1,0,1,0,0,,2020,1,0,,1,1,-0.57165915,,34.9,26.2,24.5,14.3,34.8,57.6,4.5,65.2,26.8,49.3,82.4,20.4,99.93782,0.062176973,0.60625863,590.7,397.3,0,1,1,1
2021,44277,SB,228,71 Y 16 N 5 NV,Tennessee,TN,0,30,0,2,1,"Rep. Helton, Esther [R]",1,0,0,1,0,1,0,0,0,,2020,19146,11907,,31053,0.23311758,0.26347223,,30.9,27.6,26.1,15.3,68.1,15.2,10.6,31.9,49.2,32,87.1,32.1,98.95738,1.0426142,0.349925,590.7,397.3,0,1,1,1
2021,44277,SB,228,71 Y 16 N 5 NV,Tennessee,TN,0,31,0,2,1,"Rep. Travis, Ron [R]",1,0,0,1,0,0,0,0,0,1.102,2020,23293,4779,,28072,0.65951836,0.4104428,,29,23.7,28.3,19,91.1,2.2,3.7,8.9,51.9,24.1,79.4,14.7,50.252197,49.747803,0.44841254,307.975,257.1,0,1,1,1
2021,44277,SB,228,71 Y 16 N 5 NV,Tennessee,TN,0,32,0,2,1,"Rep. Calfee, Kent [R]",1,0,0,1,0,0,0,0,0,1.031,2020,1,0,,1,1,-0.07773903,,26.1,21.9,30.6,21.4,91.6,2.2,3.7,8.4,53.8,22.9,88.4,22.6,54.949413,45.050587,0.10797342,28.5,47.6,0,1,1,1
2021,44277,SB,228,71 Y 16 N 5 NV,Tennessee,TN,0,33,0,2,1,"Rep. Ragan, John D. [R]",1,0,0,1,0,0,0,0,0,1.071,2020,1,0,,1,1,0.44035098,,29,23.5,28.1,19.4,88.4,3.7,3.1,11.6,49.8,26.2,86.8,23.6,73.451515,26.548487,0.062465552,563.4667,406.63333,0,1,1,1
2021,44277,SB,228,71 Y 16 N 5 NV,Tennessee,TN,0,34,0,2,1,"Rep. Rudd, Tim [R]",1,0,0,1,0,0,0,0,0,,2020,26284,16381,,42665,0.23211063,0.29811537,,36.1,30.9,23.9,9.2,73.9,13.1,4.9,26.1,56.1,29,94.3,38.8,89.33007,10.66993,0.026560426,381.6,259.5,0,1,1,1
2021,44277,SB,228,71 Y 16 N 5 NV,Tennessee,TN,0,35,0,2,1,"Rep. Sexton, Jerry [R]",1,0,0,1,0,0,0,0,0,1.363,2020,1,0,,1,1,0.24141432,,28.5,23.1,29.1,19.3,95.1,0.8,1.9,4.9,55,22.2,79.7,12.8,23.127178,76.872826,0.08147635,423.3,280.05,0,1,1,1
2021,44277,SB,228,71 Y 16 N 5 NV,Tennessee,TN,0,36,0,2,1,"Rep. Powers, Dennis [R]",1,0,0,1,0,0,0,0,0,1.258,2020,19044,4053,,23097,0.64904535,0.41316384,,28.3,23.7,28.5,19.5,96.7,0.3,1.3,3.3,52,22.5,77,12.6,28.637117,71.362885,0.15286098,438.9,395.1,0,1,1,1
2021,44277,SB,228,71 Y 16 N 5 NV,Tennessee,TN,0,37,0,2,1,"Rep. Baum, Charlie [R]",1,0,0,1,0,0,0,0,0,,2020,17372,12509,,29881,0.16274555,0.2658987,,35.5,29.1,24,11.4,70.3,13.3,11.3,29.7,49.5,31.5,89.2,31.5,16.045382,83.95462,0.32763425,381.6,259.5,0,1,1,1
2021,44277,SB,228,71 Y 16 N 5 NV,Tennessee,TN,0,38,0,2,1,"Rep. Keisling, Kelly [R]",1,0,0,1,0,0,0,0,0,0.744,2020,22177,3724,,25901,0.71244353,0.4573204,,30.7,23,27.6,18.8,95.3,0.7,2.4,4.7,56.2,20.4,79.1,10.7,14.593865,85.406136,0.10435301,358.22,306.72,0,1,1,1
2021,44277,SB,228,71 Y 16 N 5 NV,Tennessee,TN,0,39,0,2,1,"Rep. Rudder, Iris [R]",1,0,0,1,0,1,0,0,0,,2020,1,0,,1,1,0.44749802,,30.4,22.2,28.1,19.4,90.3,3.4,2.7,9.7,54.7,24.5,85.5,18.5,24.21536,75.78464,0.35304144,454.6,334.1,0,1,1,1
2021,44277,SB,228,71 Y 16 N 5 NV,Tennessee,TN,0,40,0,2,1,"Rep. Weaver, Terri Lynn [R]",1,0,0,1,0,1,0,0,0,0.959,2020,25986,6991,,32977,0.57600754,0.44049478,,30.2,24.1,28.7,17,88,4.9,4.1,12,54.7,23.6,86.5,22.7,19.607843,80.39216,0.2237711,388.36,294.7,0,1,1,1
2021,44277,SB,228,71 Y 16 N 5 NV,Tennessee,TN,0,41,0,2,1,"Rep. Windle, John Mark [D]",1,0,0,0,1,0,0,0,0,0.01,2020,1,0,,1,1,0.5054801,,28.5,24.2,28.6,18.7,95.1,2.1,1.5,4.9,53.2,23.7,79.8,10.5,5.8560476,94.14395,0.076302156,480.12,400.38,0,1,1,1
2021,44277,SB,228,71 Y 16 N 5 NV,Tennessee,TN,0,42,0,2,1,"Rep. Williams, Ryan [R]",1,0,0,1,0,0,0,0,0,1.062,2020,1,0,,1,1,0.21810946,,36.4,23.9,23.6,16.2,89.3,2.4,5.2,10.7,46.6,32.7,86.7,26.5,65.960556,34.039444,0.3855687,455.4,323.5,0,1,1,1
2021,44277,SB,228,71 Y 16 N 5 NV,Tennessee,TN,0,43,0,2,1,"Rep. Sherrell, Paul [R]",1,0,0,1,0,0,0,0,0,,2020,20091,5112,,25203,0.594334,0.24610053,,30.3,23.7,27.2,19,88.2,1.6,4.9,11.8,50.8,23,78.4,12.5,34.394855,65.60514,0.13824703,475.35,394.3,0,1,1,1
2021,44277,SB,228,71 Y 16 N 5 NV,Tennessee,TN,0,44,0,2,1,"Rep. Lamberth, William G. [R]",1,0,0,1,0,0,0,0,0,0.851,2020,1,0,,1,1,0.46133086,,33.2,26.7,26,14.1,82.4,8.1,5.7,17.6,51.7,27,86.3,20.7,42.286198,57.713802,0.20197569,535.8,423.7,0,1,1,1
2021,44277,SB,228,71 Y 16 N 5 NV,Tennessee,TN,0,45,0,2,1,"Rep. Garrett, Johnny C. [R]",1,0,0,1,0,0,0,0,0,,2020,1,0,,1,1,0.33688203,,30.6,26.2,27.9,15.3,86.7,6.3,3.8,13.3,55.1,26,92.9,30.3,94.71225,5.28775,0.25900027,535.8,423.7,0,1,1,1
2021,44277,SB,228,71 Y 16 N 5 NV,Tennessee,TN,0,46,0,2,1,"Rep. Boyd, Clark [R]",1,0,0,1,0,0,0,0,0,,2020,1,0,,1,1,0.30402857,,31,25.3,26.3,17.4,85.8,6.2,5.2,14.2,52.8,24.9,85.4,20.2,38.906487,61.093513,0.44372135,511.3,327.1,0,1,1,1
2021,44277,SB,228,71 Y 16 N 5 NV,Tennessee,TN,0,47,0,2,1,"Rep. Bricken, Rush [R]",1,0,0,1,0,0,0,0,0,,2020,1,0,,1,1,0.33480915,,32.2,24.4,26.6,17,88.5,2.2,5.1,11.5,54.5,21.7,86.1,19.5,49.915386,50.084614,0.46349943,393,276.4,0,1,1,1
2021,44277,SB,228,71 Y 16 N 5 NV,Tennessee,TN,0,48,0,2,1,"Rep. Terry, Gregory Bryan [R]",1,0,0,1,0,0,0,0,0,1.057,2020,19724,12236,,31960,0.23429286,0.07433983,,42.2,25.6,21.5,10.8,72.8,15.5,5.3,27.2,46.1,39.9,91.7,34.1,73.24343,26.756569,0.19310136,381.6,259.5,0,1,1,1
2021,44277,SB,228,71 Y 16 N 5 NV,Tennessee,TN,0,49,0,2,1,"Rep. Sparks, Mike [R]",1,0,0,1,0,0,0,0,0,0.915,2020,15375,13167,,28542,0.07735968,0.24185117,,36.7,29.6,25.3,8.5,69.4,15,9.9,30.6,49.8,31.3,89.5,22.9,89.287506,10.712494,0.20088693,381.6,259.5,0,1,1,1
2021,44277,SB,228,71 Y 16 N 5 NV,Tennessee,TN,0,50,0,2,1,"Rep. Mitchell, Bo [D]",0,1,0,0,1,0,0,0,0,-0.592,2020,1,0,,1,1,0.020905817,,26.3,29.5,27.2,16.8,79.3,9.9,4.5,20.7,52,27.6,93.1,43.6,74.71768,25.282316,0.33398473,617,273.7,0,1,1,1
2021,44277,SB,228,71 Y 16 N 5 NV,Tennessee,TN,0,51,0,2,1,"Rep. Beck, Bill [D]",0,1,0,0,1,0,0,0,0,-0.482,2020,1,0,,1,1,-0.2086318,,27.4,37.3,25.3,10.1,60.1,25.6,10.5,39.9,36.1,42,86.9,35.1,100,0,0.9872053,617,273.7,0,1,1,1
2021,44277,SB,228,71 Y 16 N 5 NV,Tennessee,TN,0,52,0,2,1,"Rep. Stewart, Mike [D]",0,1,0,0,1,0,0,0,0,-1.004,2020,16421,6382,,22803,0.4402491,-0.13519445,,33,37.2,21.7,7.9,43.3,34.7,14.4,56.7,40,42.9,87.2,31.9,100,0,0.83835655,617,273.7,0,1,1,1
2021,44277,SB,228,71 Y 16 N 5 NV,Tennessee,TN,0,53,0,2,1,"Rep. Powell, Jason [D]",0,1,0,0,1,0,0,0,0,-0.559,2020,1,0,,1,1,-0.004217924,,30.7,37.9,21.6,9.7,57.8,15.3,16.2,42.2,44.5,36.5,87.1,40.8,100,0,0.7811359,617,273.7,0,1,1,1
2021,44277,SB,228,71 Y 16 N 5 NV,Tennessee,TN,0,54,0,2,1,"Rep. Dixie, Vincent [D]",0,1,0,0,1,0,1,0,0,,2020,1,0,,1,1,-0.3013125,,30.8,30,25.8,13.4,28.2,62.6,5.5,71.8,34.2,41.3,84.4,23.8,98.35854,1.6414534,0.5798342,617,273.7,0,1,1,1
2021,44277,SB,228,71 Y 16 N 5 NV,Tennessee,TN,0,55,0,2,1,"Rep. Clemmons, John Ray [D]",0,1,0,0,1,0,0,0,0,-1.06,2020,1,0,,1,1,-0.38554493,,34.2,35.6,19.4,10.8,72.9,11.1,6.3,27.1,36.6,50,93.3,60.7,99.98299,0.01701201,0.4028632,617,273.7,0,1,1,1
2021,44277,SB,228,71 Y 16 N 5 NV,Tennessee,TN,0,56,0,2,1,"Rep. Freeman, Bob [D]",0,1,0,0,1,0,0,0,0,,2020,22321,18891,,41212,0.083228186,-0.22462575,,27.7,26.5,26.7,19.2,87,5.1,2,13,57.7,27.8,97.8,73.1,94.964905,5.0350947,0.42725837,617,273.7,0,1,1,1
2021,44277,SB,228,71 Y 16 N 5 NV,Tennessee,TN,0,57,0,2,1,"Rep. Lynn, Susan [R]",1,0,0,1,0,1,0,0,0,1.223,2020,31239,13727,,44966,0.3894498,0.43049783,,31.2,25.3,29.7,13.8,87.1,6.2,3,12.9,63.8,20.2,94,35.6,75.27301,24.726986,0.19619782,511.3,327.1,0,1,1,1
2021,44277,SB,228,71 Y 16 N 5 NV,Tennessee,TN,0,59,0,2,1,"Rep. Potts, Jason [D]",0,1,0,0,1,0,0,0,0,,2020,1,0,,1,1,-0.26365504,,36.4,35,22.1,6.5,36.6,32,23.4,63.4,41.1,42.1,81.9,26.9,100,0,0.19997647,617,273.7,0,1,1,1
2021,44277,SB,228,71 Y 16 N 5 NV,Tennessee,TN,0,60,0,2,1,"Rep. Jernigan, Darren [D]",0,1,0,0,1,0,0,0,0,-0.368,2020,1,0,,1,1,0.34261918,,27.5,33.1,25.6,13.9,68.3,17.7,9.4,31.7,46.4,32.9,91.7,36.8,99.054344,0.94565374,0.58524513,617,273.7,0,1,1,1
2021,44277,SB,228,71 Y 16 N 5 NV,Tennessee,TN,0,61,0,2,1,"Rep. Ogles, Brandon [R]",1,0,0,1,0,0,0,0,0,,2020,27440,14178,,41618,0.3186602,0.66122246,,33.7,21.4,30.2,14.7,85.5,2.8,3.1,14.5,63.2,24.8,98.2,70.2,87.34475,12.655248,0.32229826,549.6,316.8,0,1,1,1
2021,44277,SB,228,71 Y 16 N 5 NV,Tennessee,TN,0,62,0,2,1,"Rep. Marsh, Pat [R]",1,0,0,1,0,0,0,0,0,1.158,2020,1,0,,1,1,0.55526614,,32.4,25.1,26.1,16.4,78,8.6,9.8,22,50.3,26.6,81,16.8,39.835594,60.164406,0.20237899,441.33334,333.33334,0,1,1,1
2021,44277,SB,228,71 Y 16 N 5 NV,Tennessee,TN,0,63,0,2,1,"Rep. Casada, Glen [R]",1,0,0,1,0,0,0,0,0,1.148,2020,33360,18088,4494,55942,0.27299702,0.45643845,,35.8,24.8,28.9,10.5,84.9,4.8,3,15.1,69.9,20.5,96.7,61.9,75.75749,24.242508,0.2786472,549.6,316.8,0,1,1,1
2021,44277,SB,228,71 Y 16 N 5 NV,Tennessee,TN,0,64,0,2,1,"Rep. Cepicky, Scott E. [R]",1,0,0,1,0,0,0,0,0,,2020,26003,10561,,36564,0.42232797,0.018450214,,29.7,26.4,28,15.9,84.2,7.6,5.1,15.8,55.2,24.9,90.3,23.6,65.43659,34.563408,0.41886866,431.4,288,0,1,1,1
2021,44277,SB,228,71 Y 16 N 5 NV,Tennessee,TN,0,65,0,2,1,"Rep. Whitson, Sam [R]",1,0,0,1,0,0,0,0,0,,2020,26616,12488,,39104,0.36129296,0.3888004,,36.1,25.3,26.4,12.3,84.6,4.9,8.3,15.4,61,25.2,91.6,44.1,31.762045,68.23795,0.17073373,549.6,316.8,0,1,1,1
2021,44277,SB,228,71 Y 16 N 5 NV,Tennessee,TN,0,66,0,2,1,"Rep. Kumar, Sabi \Doc\"" [R]""",1,0,0,1,0,0,0,0,1,0.998,2020,23348,6740,,30088,0.55198085,-0.045164026,,32.4,25.6,27.9,14.1,83.7,7,6.7,16.3,57.7,23.6,87.5,18.6,47.11723,52.88277,0.19300456,539.1,426,0,1,1,1
2021,44277,SB,228,71 Y 16 N 5 NV,Tennessee,TN,0,68,0,2,1,"Rep. Johnson, Curtis [R]",1,0,0,1,0,0,0,0,0,1.005,2020,1,0,,1,1,0.39822575,,34.8,30,23.9,11.4,75.5,12.4,6.6,24.5,57.8,23.8,93.1,33.1,80.183464,19.81654,0.17978004,474.7,337.1,0,1,1,1
2021,44277,SB,228,71 Y 16 N 5 NV,Tennessee,TN,0,69,0,2,1,"Rep. Curcio, Michael G. [R]",1,0,0,1,0,0,0,0,0,,2020,18804,7954,,26758,0.4054862,0.40907574,,32.2,25.2,27.1,15.3,81.8,10.6,4.2,18.2,46.3,30.5,81.9,12.9,26.49718,73.502815,0.43654504,372.33334,302.83334,0,1,1,1
2021,44277,SB,228,71 Y 16 N 5 NV,Tennessee,TN,0,70,0,2,1,"Rep. Doggett, Clay [R]",1,0,0,1,0,0,0,0,0,,2020,1,0,,1,1,0.24493708,,30.5,22.9,27.9,18.8,89.4,5.5,2,10.6,52.5,23.5,84.2,13.9,26.133045,73.86695,0.20486152,595.3333,461.66666,0,1,1,1
2021,44277,SB,228,71 Y 16 N 5 NV,Tennessee,TN,0,72,0,2,1,"Rep. Haston, Kirk [R]",1,0,0,1,0,0,0,0,0,,2020,1,0,,1,1,0.28416827,,31.6,23,26.8,18.7,88.4,7.2,1.9,11.6,53.6,24,82,13.9,17.530003,82.47,0.2523505,519.82,431.34,0,1,1,1
2021,44277,SB,228,71 Y 16 N 5 NV,Tennessee,TN,0,73,0,2,1,"Rep. Todd, Chris [R]",1,0,0,1,0,0,0,0,0,,2020,1,0,,1,1,0.19683588,,30.8,24.8,27.8,16.7,70.6,22.5,3.9,29.4,55,26.7,91,29.9,68.55326,31.446735,0.053087227,717.8,540.1,0,1,1,1
2021,44277,SB,228,71 Y 16 N 5 NV,Tennessee,TN,0,74,0,2,1,"Rep. Reedy, Jay D. [R]",1,0,0,1,0,0,0,0,0,1.142,2020,1,0,,1,1,0.24784571,,38,29.3,20.9,11.7,71.3,13,9.3,28.7,53.1,27.3,88,16.6,11.420459,88.579544,0.19343139,483.84,346.96,0,1,1,1
2021,44277,SB,228,71 Y 16 N 5 NV,Tennessee,TN,0,75,0,2,1,"Rep. Griffey, Bruce I. [R]",1,0,0,1,0,0,0,0,0,,2020,20140,4626,,24766,0.6264233,0.43128285,,27.5,21.4,28.9,22.2,89.9,5.5,2.4,10.1,52.9,21.3,84.6,15.4,21.230225,78.769775,0.14938281,474.7,337.1,0,1,1,1
2021,44277,SB,228,71 Y 16 N 5 NV,Tennessee,TN,0,76,0,2,1,"Rep. Darby, Tandy [R]",1,0,0,1,0,0,0,0,0,,2020,16948,5365,,22313,0.51911443,0.4008432,,34.3,21.8,25.6,18.4,84.4,10.2,3.3,15.6,47.8,29.8,83.3,18.6,27.259224,72.740776,0.18443379,596.13336,476.4,0,1,1,1
2021,44277,SB,228,71 Y 16 N 5 NV,Tennessee,TN,0,77,0,2,1,"Rep. Grills, Rusty [R]",1,0,0,1,0,0,0,0,0,,2020,1,0,,1,1,0.08878572,,30.4,24.4,27.5,17.7,81.4,12.4,3,18.6,50.9,25,81.9,16,33.79768,66.202324,0.07578477,643.9667,512.76666,0,1,1,1
2021,44277,SB,228,71 Y 16 N 5 NV,Tennessee,TN,0,78,0,2,1,"Rep. Littleton, Mary [R]",1,0,0,1,0,1,0,0,0,1.318,2020,23585,9060,,32645,0.44493797,0.46994022,,30.8,25.6,29.2,14.4,92.3,2.5,3.2,7.7,53.7,26.1,85.1,18.8,26.331892,73.668106,0.14818968,379.95,303.75,0,1,1,1
2021,44277,SB,228,71 Y 16 N 5 NV,Tennessee,TN,0,79,0,2,1,"Rep. Halford, Curtis [R]",1,0,0,1,0,0,0,0,0,1.034,2020,1,0,,1,1,0.22528373,,31.7,23.4,26.8,18,77.7,16.7,2.6,22.3,51.1,25.2,84.3,17.6,45.45384,54.54616,0.2487968,569.36664,461.4,0,1,1,1
2021,44277,SB,228,71 Y 16 N 5 NV,Tennessee,TN,0,81,0,2,1,"Rep. Moody, Debra [R]",1,0,0,1,0,1,0,0,0,1.214,2020,1,0,,1,1,0.6394099,,33.6,25.3,27.3,13.8,75.9,18.1,2.7,24.1,52,28.3,86.9,16.7,42.755634,57.244366,0.09847597,592.8,370.35,0,1,1,1
2021,44277,SB,228,71 Y 16 N 5 NV,Tennessee,TN,0,82,0,2,1,"Rep. Hurt, Chris [R]",1,0,0,1,0,0,0,0,0,,2020,12432,8684,,21116,0.17749573,0.2432791,,31.5,24.9,26.9,16.6,59,33.7,5,41,45.5,30.1,79.6,11,53.915733,46.084267,0.21181667,645.3,482.375,0,1,1,1
2021,44277,SB,228,71 Y 16 N 5 NV,Tennessee,TN,0,83,0,2,1,"Rep. White, Mark [R]",1,0,0,1,0,0,0,0,0,1.079,2020,17738,15136,,32874,0.0791507,0.056682758,,28.9,29.6,24.3,17.1,62.5,25.6,3.1,37.5,51.3,32,94.1,54.7,100,0,0.09375937,686.4,310.1,0,1,1,1
2021,44277,SB,228,71 Y 16 N 5 NV,Tennessee,TN,0,88,0,2,1,"Rep. Miller, Larry J. [D]",0,1,0,0,1,0,1,0,0,-0.559,2020,1,0,,1,1,-0.21280997,,39,26.3,25,9.8,22.1,70.9,4.4,77.9,33.8,47,84.7,19.4,96.83556,3.1644387,0.44574574,686.4,310.1,0,1,1,1
2021,44277,SB,228,71 Y 16 N 5 NV,Tennessee,TN,0,89,0,2,1,"Rep. Lafferty, Justin [R]",1,0,0,1,0,0,0,0,0,,2020,23905,9426,757,34088,0.42475358,0.49809432,,30.6,28.9,26,14.4,85.3,6.8,3.8,14.7,53.6,27,93.4,41.2,100,0,0.49180922,566.5,370.1,0,1,1,1
2021,44277,SB,228,71 Y 16 N 5 NV,Tennessee,TN,0,90,0,2,1,"Rep. Harris, Torrey C. [D]",0,1,1,0,1,0,1,0,0,,2020,15996,4689,,20685,0.546628,-0.46288958,,33.4,27.1,25.4,14,32.8,60.7,3.2,67.2,23.8,53.5,83.9,31.1,100,0,0.7662545,566.5,370.1,0,1,1,1
2021,44277,SB,228,71 Y 16 N 5 NV,Tennessee,TN,0,92,0,2,1,"Rep. Warner, Todd [R]",1,0,0,1,0,0,0,0,0,,2020,1,0,,1,1,0.024493221,,30.9,24.5,28,16.7,88.7,4.9,3.7,11.3,53.4,22.6,84.1,15.1,100,0,0,518.5,342,0,1,1,1
2021,44277,SB,228,71 Y 16 N 5 NV,Tennessee,TN,0,93,0,2,1,"Rep. Hardaway Sr., G A. [D]",0,1,0,0,1,0,1,0,0,-0.751,2020,1,0,,1,1,-0.527275,,34.6,27.5,23.7,14.1,28.2,59.6,9,71.8,24.1,51.5,79.3,20.3,100,0,0.42778724,686.4,310.1,0,1,1,1
2021,44277,SB,228,71 Y 16 N 5 NV,Tennessee,TN,0,94,0,2,1,"Rep. Gant, Ron M. [R]",1,0,0,1,0,0,0,0,0,,2020,1,0,,1,1,0.58911544,,28.2,22.5,29,20.2,76.7,19,2.3,23.3,54.1,25.1,84.2,17.8,26.466572,73.53343,0.19593067,606.8333,454.36667,0,1,1,1
2021,44277,SB,228,71 Y 16 N 5 NV,Tennessee,TN,0,95,0,2,1,"Rep. Vaughan, Kevin [R]",1,0,0,1,0,0,0,0,0,,2020,27747,12086,,39833,0.39316648,0.067201264,,32,22.3,31.1,14.5,78.6,9.5,2,21.4,68.3,20.9,97.1,60.2,92.47073,7.529266,0.11135398,686.4,310.1,0,1,1,1
2021,44277,SB,228,71 Y 16 N 5 NV,Tennessee,TN,0,96,0,2,1,"Rep. Thompson, Dwayne [D]",0,1,0,0,1,0,0,0,0,,2020,19613,13491,,33104,0.18493234,0.15568228,,``,28.4,25.5,13.1,47.8,40.3,4,52.2,49.5,32.4,95.9,44.4,99.97054,0.029459901,0.16944264,686.4,310.1,0,1,1,1
2021,44277,SB,228,71 Y 16 N 5 NV,Tennessee,TN,0,97,0,2,1,"Rep. Gillespie, John [R]",1,0,0,1,0,0,0,0,0,,2020,14712,14246,,28958,0.016092272,0.2880961,,33.6,28.6,24.4,13.3,56.3,29,11.2,43.7,48.1,33.8,92.1,32.3,99.95984,0.040163867,0.6102035,686.4,310.1,0,1,1,1
2021,44277,SB,228,71 Y 16 N 5 NV,Tennessee,TN,0,98,0,2,1,"Rep. Parkinson, Antonio \2 Shay\"" [D]""",1,0,0,0,1,0,1,0,0,-0.709,2020,1,0,,1,1,-0.3661096,,40,28,22.4,9.6,19.1,65.2,12.2,80.9,28.6,48.3,81.1,14.9,100,0,0.7676262,686.4,310.1,0,1,1,1
2021,44277,SB,228,71 Y 16 N 5 NV,Tennessee,TN,0,99,0,2,1,"Rep. Leatherwood, Tom [R]",1,0,0,1,0,0,0,0,0,0.87,2020,1,0,,1,1,0.5267529,,34.3,23.9,28.3,13.6,71.2,18.7,4.4,28.8,59.3,25.2,93.9,36.5,86.15958,13.840421,0.14204545,686.4,310.1,0,1,1,1
2021,10.15.21,HB,25,Y 18 N 13,Texas,TX,1,1,0,2_4_4,1,"Sen. Hughes, Bryan [R]",1,0,0,1,0,0,0,0,0,1.173,2020,267404,87885,,355289,0.50527596,0.64414144,,33.3,24.4,25.2,17.2,64.7,17,15.1,35.3,50.6,27.3,84.6,20.1,50.769184,49.230816,0.11726592,635.54736,437.00525,0,0,0,0
2021,10.15.21,HB,25,Y 18 N 13,Texas,TX,1,2,0,2_4_4,1,"Sen. Hall, Bob [R]",1,0,0,1,0,0,0,0,0,2.232,2018,153151,104897,,258048,0.18699622,0.11128871,,36.1,26.7,24.9,12.5,51.8,13.1,30.5,48.2,51.2,29.6,81.4,22.1,69.95279,30.047209,0.32405844,513.74286,306.22858,0,0,0,0
2021,10.15.21,HB,25,Y 18 N 13,Texas,TX,1,3,0,2_4_4,1,"Sen. Nichols, Robert [R]",1,0,0,1,0,0,0,0,0,1.372,2018,215058,56398,3301,274757,0.5774557,0.47706643,,32.4,24,26.2,17.3,70.4,11.8,15,29.6,50.8,26.5,82.8,15.7,41.622013,58.377987,0.16178864,543.3945,347.35556,0,0,0,0
2021,10.15.21,HB,25,Y 18 N 13,Texas,TX,1,4,0,2_4_4,1,"Sen. Creighton, Charles Brandon [R]",1,0,0,1,0,0,0,0,0,1.59,2020,281105,126019,10277,417401,0.37155157,0.4550717,,35.1,26.8,25.5,12.4,59,12.9,22.9,41,54.2,28.6,87.4,31.6,79.01037,20.989632,0.27446225,517.98,213.78,0,0,0,0
2021,10.15.21,HB,25,Y 18 N 13,Texas,TX,1,5,0,2_4_4,1,"Sen. Schwertner, Charles J. [R]",1,0,0,1,0,0,0,0,0,1.431,2018,182550,136792,10500,329842,0.13872702,0.22193559,,36.9,28.4,22.8,11.9,59.2,9.4,23.6,40.8,48.6,34.5,89.5,35.2,68.18215,31.817846,0.4243238,501.32727,259.6,0,0,0,0
2021,10.15.21,HB,25,Y 18 N 13,Texas,TX,1,6,0,2_4_4,1,"Sen. Alvarado, Carol [D]",0,1,0,0,1,1,0,1,0,-1.223,2020,137895,26166,,164061,0.6810211,-0.16149941,,41.2,29.4,21,8.2,10.1,11.7,75.3,89.9,43,39.9,61.3,10.6,99.949,0.05100025,0.2476443,587.2,256.4,0,0,0,0
2021,10.15.21,HB,25,Y 18 N 13,Texas,TX,1,7,0,2_4_4,1,"Sen. Bettencourt, Paul D. [R]",1,0,0,1,0,0,0,0,0,1.559,2018,177864,124232,5878,307974,0.17414457,0.27233908,,36.3,28.7,24.9,10,46.2,14.1,28.5,53.8,56.1,28.9,91,39.9,97.63919,2.3608065,0.29339793,542.8,238.05,0,0,0,0
2021,10.15.21,HB,25,Y 18 N 13,Texas,TX,1,8,0,2_4_4,1,"Sen. Paxton, Angela [R]",1,0,0,1,0,1,0,0,0,,2018,169995,162157,,332152,0.02359763,0.28362945,,34.4,29.1,25.7,10.7,53.6,11.2,16.4,46.4,56.6,28.7,92.8,52.4,99.62296,0.37703982,0.32359397,452.33334,291.03333,0,0,0,0
2021,10.15.21,HB,25,Y 18 N 13,Texas,TX,1,9,0,2_4_4,1,"Sen. Hancock, Kelly [R]",1,0,0,1,0,0,0,0,0,1.618,2018,132256,112537,,244793,0.08055378,0.11684479,,37.1,29.6,23.8,9.5,43.1,12.4,35,56.9,49,33.3,83.1,28.3,99.682724,0.3172745,0.397131,606.6,305.4,0,0,0,0
2021,10.15.21,HB,25,Y 18 N 13,Texas,TX,1,10,0,2_4_4,1,"Sen. Powell, Beverly [D]",0,1,0,0,1,1,0,0,0,,2018,148959,138968,,287927,0.034699768,-0.011676915,,36.4,27.1,24.7,12,43.9,19,30.7,56.1,48.5,33.3,83.7,31.3,98.50694,1.4930549,0.33862853,565.2625,413.5375,0,0,0,0
2021,10.15.21,HB,25,Y 18 N 13,Texas,TX,1,11,0,2_4_4,1,"Sen. Taylor, Larry [R]",1,0,0,1,0,0,0,0,0,1.28,2020,231268,148225,9519,389012,0.21347156,0.29160434,,34.1,27.8,25.9,12.2,51.5,11.1,28.9,48.5,52.4,29.5,88.8,31.7,93.42764,6.5723596,0.33205405,535.6667,232.26666,0,0,0,0
2021,10.15.21,HB,25,Y 18 N 13,Texas,TX,1,12,0,2_4_4,1,"Sen. Nelson, Jane [R]",1,0,0,1,0,1,0,0,0,1.336,2020,293399,177610,,471009,0.24583182,0.2062122,,33.8,30.5,25.9,9.9,59.8,8.8,21.1,40.2,54.5,29,91.6,41.6,96.34183,3.658172,0.407679,516.05,275.825,0,0,0,0
2021,10.15.21,HB,25,Y 18 N 13,Texas,TX,1,13,0,2_4_4,1,"Sen. Miles, Borris L. [D]",0,1,0,0,1,0,1,0,0,-1.29,2020,200195,48581,,248776,0.6094398,-0.3988956,,37.4,31.6,21.7,9.4,10.5,39.5,40.3,89.5,36.9,44.9,76,23.5,99.94184,0.058156442,0.34149787,506.85,211.5,0,0,0,0
2021,10.15.21,HB,25,Y 18 N 13,Texas,TX,1,14,0,2_4_4,1,"Sen. Eckhardt, Sarah [D]",0,1,0,0,1,1,0,0,0,,2018,59267,55949,4134,119350,0.027800586,-0.60696673,,31.6,35.6,23.3,9.6,50.7,8.5,31.2,49.3,43.8,39.8,89.3,48.3,94.10909,5.890908,0.81117696,438.7,130.2,0,0,0,0
2021,10.15.21,HB,25,Y 18 N 13,Texas,TX,1,15,0,2_4_4,1,"Sen. Whitmire, John [D]",0,1,0,0,1,0,0,0,0,-0.714,2018,153016,75518,6229,234763,0.33011165,-0.12722628,,35.6,32.9,22.5,8.7,25.5,22.8,44.8,74.5,43.6,38.9,80,29.1,99.19566,0.80434024,0.6683021,587.2,256.4,0,0,0,0
2021,10.15.21,HB,25,Y 18 N 13,Texas,TX,1,16,0,2_4_4,1,"Sen. Johnson, Nathan [D]",0,1,0,0,1,0,0,0,0,,2018,159228,134933,,294161,0.082590826,-0.10266403,,32.2,32.3,24.5,11,44.6,11.7,29.3,55.4,50,33.9,85.8,46.6,100,0,0.5880839,589.7,219.4,0,0,0,0
2021,10.15.21,HB,25,Y 18 N 13,Texas,TX,1,17,0,2_4_4,1,"Sen. Huffman, Joan [R]",1,0,0,1,0,1,0,0,0,1.204,2018,158263,143978,5396,307637,0.046434596,0.11472384,,32,29.9,25.7,12.5,44.6,13.9,24,55.4,53.8,30.9,91,49,93.71498,6.285021,0.30357465,553.65,213.5375,0,0,0,0
2021,10.15.21,HB,25,Y 18 N 13,Texas,TX,1,18,0,2_4_4,1,"Sen. Kolkhorst, Lois [R]",1,0,0,1,0,1,0,0,0,1.307,2020,277872,144489,,422361,0.31580332,0.35860997,,35.6,25.5,25.2,13.7,46.4,11.8,31.2,53.6,56.1,27.3,86,31.2,57.553066,42.446934,0.25647005,612.68335,228.62222,0,0,0,0
2021,10.15.21,HB,25,Y 18 N 13,Texas,TX,1,19,0,2_4_4,1,"Sen. Gutierrez, Roland [D]",0,1,0,0,1,0,0,1,0,-1.639,2020,158726,148213,11465,318404,0.0330178,-0.02216751,,39.1,27.9,21.4,11.4,22.3,6.4,67.8,77.7,45.6,35.3,77.4,18.9,74.183136,25.81686,0.3056464,625.2,231.38571,0,0,0,0
2021,10.15.21,HB,25,Y 18 N 13,Texas,TX,1,20,0,2_4_4,1,"Sen. Hinojosa, Juan \Chuy\"" [D]""",0,1,0,0,1,0,0,1,0,-0.59,2020,154311,109563,,263874,0.16958094,-0.051076,,40.4,26.8,21.1,11.6,16.3,1.8,79.7,83.7,47.3,34.2,73.8,20.9,91.526474,8.473523,0.404593,678.825,137.175,0,0,0,0
2021,10.15.21,HB,25,Y 18 N 13,Texas,TX,1,21,0,2_4_4,1,"Sen. Zaffirini, Judith [D]",0,1,0,0,1,1,0,1,0,-0.789,2020,167672,111142,,278814,0.20275165,-0.09270987,,39.3,28.7,21.2,10.5,22.6,3.2,72.3,77.4,43.8,38.1,73.5,18.4,73.16656,26.833443,0.33591846,638.2133,133.60667,0,0,0,0
2021,10.15.21,HB,25,Y 18 N 13,Texas,TX,1,22,0,2_4_4,1,"Sen. Birdwell, Brian [R]",1,0,0,1,0,0,0,0,0,1.803,2020,257208,118538,,375746,0.3690525,0.36813143,,36,25,24.9,14,59.2,12.3,23.8,40.8,52,29.3,84.7,22.4,62.79239,37.20761,0.24475756,570.55,376.65,0,0,0,0
2021,10.15.21,HB,25,Y 18 N 13,Texas,TX,1,23,0,2_4_4,1,"Sen. West, Royce [D]",0,1,0,0,1,0,1,0,0,-0.871,2018,192148,0,,192148,1,-0.4357084,,38.6,29.4,22.5,9.6,14.5,37.2,45.3,85.5,37.9,42.5,73.1,20,99.69866,0.30133602,0.5132079,598.15,262.4,0,0,0,0
2021,10.15.21,HB,25,Y 18 N 13,Texas,TX,1,24,0,2_4_4,1,"Sen. Buckingham, Dawn [R]",1,0,0,1,0,1,0,0,0,,2020,264517,115853,,380370,0.3908405,0.30083948,,34.9,26.2,23.4,15.7,61.6,11.1,21.3,38.4,53.2,27,89.8,27,63.398567,36.601433,0.2397268,568.2231,244.96924,0,0,0,0
2021,10.15.21,HB,25,Y 18 N 13,Texas,TX,1,25,0,2_4_4,1,"Sen. Campbell, Donna [R]",1,0,0,1,0,1,0,0,0,1.521,2018,263753,173698,,437451,0.20586306,0.20574419,,33.4,26.8,25.9,13.8,57.3,4.5,32.6,42.7,54.3,29.3,93.9,43.5,83.41552,16.58448,0.36367068,504.55713,171.97144,0,0,0,0
2021,10.15.21,HB,25,Y 18 N 13,Texas,TX,1,26,0,2_4_4,1,"Sen. Menendez, Jose [D]",0,1,0,0,1,0,0,1,0,-0.892,2020,199829,50004,,249833,0.5997006,-0.28426158,,35.8,30.2,22.3,11.6,19.8,6.6,69.1,80.2,38.9,40,79.7,21.6,99.95304,0.04695838,0.52983594,530,176.4,0,0,0,0
2021,10.15.21,HB,25,Y 18 N 13,Texas,TX,1,27,0,2_4_4,1,"Sen. Lucio Jr., Eddie [D]",1,0,0,0,1,0,0,1,0,-0.397,2020,134035,72768,,206803,0.2962578,-0.053502154,,42.9,25,19.8,12.3,8,0.4,90.7,92,48,34.5,65.1,16,91.22309,8.776909,0.09269802,555.675,130.17143,0,0,0,0
2021,10.15.21,HB,25,Y 18 N 13,Texas,TX,1,28,0,2_4_4,1,"Sen. Perry, Charles [R]",1,0,0,1,0,0,0,0,0,1.659,2020,1,0,,1,1,0.42336404,,36.9,25.7,22.6,14.7,53.3,5.5,38.1,46.7,46.9,32.5,82,21.4,67.830666,32.16934,0.3348145,837.8122,588.4122,0,0,0,0
2021,10.15.21,HB,25,Y 18 N 13,Texas,TX,1,29,0,2_4_4,1,"Sen. Blanco, Cesar [D]",0,1,0,0,1,0,0,1,0,-2.836,2020,176360,85619,,261979,0.34636745,-0.0760706,,39.3,27.2,21.9,11.8,12.4,3,82.2,87.6,45.6,34.9,77.2,22.7,98.06501,1.934992,0.27566406,540.375,143.575,0,0,0,0
2021,10.15.21,HB,25,Y 18 N 13,Texas,TX,1,30,0,2_4_4,1,"Sen. Springer, Drew [R]",1,0,0,1,0,0,0,0,0,1.998,2018,32599,25146,,57745,0.12906745,0.27970007,,35.4,25.6,25,14,72.8,5.4,17.2,27.2,52.5,28.6,87.8,25.5,58.939205,41.060795,0.32169846,566.86365,362.44547,0,0,0,0
2021,10.15.21,HB,25,Y 18 N 13,Texas,TX,1,31,0,2_4_4,1,"Sen. Seliger, Kel [R]",1,0,0,1,0,0,0,0,0,0.872,2018,174367,24869,,199236,0.7503564,0.54513264,,37.4,28,22.6,12,48.8,4.6,42.7,51.2,51,29,80.2,20.1,82.22525,17.774748,0.18844521,634.24164,358.8639,0,0,0,0
2021,10.14.21,HB,25,76Y 54N 1NV 18AB,Texas,TX,0,1,0,2,1,"Rep. Vandeaver, Gary [R]",1,0,0,1,0,0,0,0,0,0.96,2020,1,0,,1,1,0.6190866,,25.7,24.9,25.6,17.6,68.8,18.9,8,31.2,49.1,27.3,86.8,18.9,46.51995,53.48005,0.09693366,782.68,603.78,0,0,0,0
2021,10.14.21,HB,25,76Y 54N 1NV 18AB,Texas,TX,0,2,0,2,1,"Rep. Slaton, Bryan [R]",1,0,0,1,0,0,0,0,0,,2020,63074,14514,,77588,0.62587,0.37316966,,26.7,23.2,26.5,17.5,76,6.2,14.4,24,53,24.9,84.3,18.4,34.59639,65.40361,0.111639574,470,329.63333,0,0,0,0
2021,10.14.21,HB,25,76Y 54N 1NV 18AB,Texas,TX,0,3,0,2,1,"Bell, Cecil",1,0,0,1,0,0,0,0,0,1.741,2020,70385,20625,,91010,0.5467531,0.5068036,,31.9,24.1,25.1,12,61.1,7.8,27.1,38.9,53.9,29.4,84.1,24.7,42.19722,57.80278,0.22287096,498.4,219.7,0,0,0,0
2021,10.14.21,HB,25,76Y 54N 1NV 18AB,Texas,TX,0,4,0,2,1,"Bell, Keith",1,0,0,1,0,0,0,0,0,,2020,65903,17437,,83340,0.5815455,0.39311236,,27.1,25.1,26,15.1,70.1,9.1,17.7,29.9,53.8,26.1,85.6,20.1,44.068687,55.931313,0.24905407,446.9,291.55,0,0,0,0
2021,10.14.21,HB,25,76Y 54N 1NV 18AB,Texas,TX,0,5,0,2,1,"Rep. Hefner, Cole [R]",1,0,0,1,0,0,0,0,0,1.926,2020,59179,14824,,74003,0.5993676,0.52737933,,25.3,22,26.1,20.3,67.6,10.7,19.3,32.4,54.5,23.4,83.8,17,30.925827,69.07417,0.05565675,630.3,394.91666,0,0,0,0
2021,10.14.21,HB,25,76Y 54N 1NV 18AB,Texas,TX,0,6,0,2,1,"Rep. Schaefer, Matt [R]",1,0,0,1,0,0,0,0,0,2.555,2020,50143,23426,,73569,0.36315566,0.6160566,,28.9,25.7,23.2,15.1,57.3,18.4,20.3,42.7,48.7,31.4,85.1,28,76.56296,23.43704,0.116556026,615.6,394.6,0,0,0,0
2021,10.14.21,HB,25,76Y 54N 1NV 18AB,Texas,TX,0,7,0,2,1,"Rep. Dean, Jay [R]",1,0,0,1,0,0,0,0,0,1.428,2020,1,0,,1,1,0.5558953,,27.5,24.9,24.9,15.4,63.4,17.1,16,36.6,47.7,28.7,84,19.8,73.555725,26.444275,0.17291163,584.93335,378.53333,0,0,0,0
2021,10.14.21,HB,25,76Y 54N 1NV 18AB,Texas,TX,0,8,0,2,1,"Rep. Harris, Cody [R]",1,0,0,1,0,0,0,0,0,,2020,50433,8271,,58704,0.71821344,0.50339335,,24.9,26.4,25.8,16.9,62,14.6,20.7,38,50.1,27,80.3,14.3,39.9478,60.0522,0.3140774,517.275,328.85,0,0,0,0
2021,10.14.21,HB,25,76Y 54N 1NV 18AB,Texas,TX,0,9,0,2,1,"Rep. Paddie, Chris [R]",1,0,0,1,0,0,0,0,0,1.035,2020,1,0,,1,1,0.53013647,,26.3,22.6,26.3,18.9,68.8,18.6,10.5,31.2,53.8,24.4,83.4,16.9,28.476955,71.52305,0.11348346,516.4,340.41666,0,0,0,0
2021,10.14.21,HB,25,76Y 54N 1NV 18AB,Texas,TX,0,10,0,2,1,"Rep. Harrison, Brian [R]",1,0,0,1,0,0,0,0,0,,2020,65062,0,20733,85795,0.75834256,0.4173331,,28.8,25.5,25.9,13.3,62.9,9.2,24.9,37.1,56.8,26.5,85,22.3,56.938553,43.061447,0.2261928,507.1,347.7,0,0,0,0
2021,10.14.21,HB,25,76Y 54N 1NV 18AB,Texas,TX,0,11,0,2,1,"Rep. Clardy, Travis [R]",1,0,0,1,0,0,0,0,0,0.93,2020,49864,15965,,65829,0.5149554,0.5632178,,30.4,23.7,23.9,15.5,61.4,16,19.5,38.6,47.7,31.7,81,18.7,27.876656,72.123344,0.18727845,528.45,343.98334,0,0,0,0
2021,10.14.21,HB,25,76Y 54N 1NV 18AB,Texas,TX,0,12,0,2,1,"Rep. Kacal, Kyle J. [R]",1,0,0,1,0,0,0,0,0,0.886,2020,1,0,,1,1,0.29521295,,31.4,23.1,24.5,14.3,53.5,18.1,25.5,46.5,45.4,34.4,80.6,19,32.593876,67.40612,0.19533257,548.13336,220.43333,0,0,0,0
2021,10.14.21,HB,25,76Y 54N 1NV 18AB,Texas,TX,0,13,0,2,1,"Rep. Leman, Ben [R]",1,0,0,1,0,0,0,0,0,,2020,1,0,,1,1,0.43816087,,25.4,21.4,26.9,20.4,64.3,11.5,22,35.7,53,27,83.2,19.6,39.791847,60.208153,0.21168034,566.97144,331.62857,0,0,0,0
2021,10.14.21,HB,25,76Y 54N 1NV 18AB,Texas,TX,0,14,0,2,1,"Rep. Raney, John [R]",1,0,0,1,0,0,0,0,0,0.838,2020,35922,26520,,62442,0.15057173,0.06392458,,42.8,27.5,15.6,7.8,53.3,11.2,26.4,46.7,34.3,53.6,86.5,41,88.93887,11.061123,0.42617688,397.7,144.1,0,0,0,0
2021,10.14.21,HB,25,76Y 54N 1NV 18AB,Texas,TX,0,15,0,2,1,"Rep. Toth, Steve [R]",1,0,0,1,0,0,0,0,0,1.654,2020,71586,36111,,107697,0.32939637,0.4441134,,27,27.7,26.7,11.7,68.5,6.2,18.2,31.5,61,24.5,95.1,52.9,85.49795,14.502055,0.46497995,498.4,219.7,0,0,0,0
2021,10.14.21,HB,25,76Y 54N 1NV 18AB,Texas,TX,0,16,0,2,1,"Rep. Metcalf, William \Will\"" [R]""",1,0,0,1,0,0,0,0,0,1.612,2020,1,0,,1,1,0.3608415,,27.9,26.1,25.3,13.7,64.9,4.6,27.5,35.1,53.1,28,80.7,21.3,72.57764,27.422361,0.21928869,498.4,219.7,0,0,0,0
2021,10.14.21,HB,25,76Y 54N 1NV 18AB,Texas,TX,0,17,0,2,1,"Rep. Cyrier, John [R]",1,0,0,1,0,0,0,0,0,1.504,2020,45219,25881,,71100,0.27198312,0.1196656,,27.9,24.8,26.3,14.7,48.3,7.3,42,51.7,48.7,31.2,79.8,17.2,31.433619,68.56638,0.42220402,566.62,235.64,0,0,0,0
2021,10.14.21,HB,25,76Y 54N 1NV 18AB,Texas,TX,0,18,0,2,1,"Bailes, Ernest",1,0,0,1,0,0,0,0,0,0.883,2020,1,0,,1,1,0.34966654,,28.4,26.3,25.5,13.9,63,15.1,19.6,37,45.6,32.8,81.5,14,34.70896,65.29104,0.120364234,417.975,250.275,0,0,0,0
2021,10.14.21,HB,25,76Y 54N 1NV 18AB,Texas,TX,0,19,0,2,1,"Rep. White, James [R]",1,0,0,1,0,0,1,0,0,1.56,2020,1,0,,1,1,0.46369496,,25.2,23.4,27.2,18.4,77.9,10.9,8.5,22.1,51.2,24.7,84.3,13.5,48.697643,51.302357,0.082843445,606.72,206.66,0,0,0,0
2021,10.14.21,HB,25,76Y 54N 1NV 18AB,Texas,TX,0,20,0,2,1,"Rep. Wilson, Terry [R]",1,0,0,1,0,0,0,0,0,1.817,2020,78884,31648,,110532,0.42735136,0.46804687,,24.2,21.8,26.2,22.5,72.6,3.3,21.3,27.4,58,23.1,90.3,30.8,77.0197,22.9803,0.14702794,407.3,139,0,0,0,0
2021,10.14.21,HB,25,76Y 54N 1NV 18AB,Texas,TX,0,22,0,2,1,"Rep. Deshotel, Joe [D]",0,1,0,0,1,0,1,0,0,-0.626,2020,35903,16685,,52588,0.3654446,0.07905148,,27.2,28.6,24.3,12.8,28,47.4,20.3,72,39.4,39.2,81.8,19.4,97.47664,2.5233588,0.13286999,699.4,254.9,0,0,0,0
2021,10.14.21,HB,25,76Y 54N 1NV 18AB,Texas,TX,0,23,0,2,1,"Rep. Middleton II, David Mayes [R]",1,0,0,1,0,0,0,0,0,,2020,47068,31154,,78222,0.2034466,0.11713383,,26.6,26.7,26.8,13.7,50.3,17.4,27.7,49.7,45.6,32.9,83.6,21.5,77.007,22.992996,0.2759862,402.45,168.95,0,0,0,0
2021,10.14.21,HB,25,76Y 54N 1NV 18AB,Texas,TX,0,24,0,2,1,"Bonnen, Greg",1,0,0,1,0,0,0,0,0,1.639,2020,65560,25848,1994,93402,0.4251729,0.39201733,,27.5,26.3,26.7,12.8,67,6.5,20.5,33,58.3,25.5,92.5,36.7,95.28675,4.713249,0.34221685,448.2,172.6,0,0,0,0
2021,10.14.21,HB,25,76Y 54N 1NV 18AB,Texas,TX,0,25,0,2,1,"Rep. Vasut, Cody Thane [R]",1,0,0,1,0,0,0,0,0,,2020,48492,19261,,67753,0.43143478,0.6058823,,27.5,26.5,26.5,13.3,50.6,10.5,35.7,49.4,50.9,29,82.2,17.8,67.71222,32.28778,0.12697808,571.6,267.8,0,0,0,0
2021,10.14.21,HB,25,76Y 54N 1NV 18AB,Texas,TX,0,26,0,2,1,"Rep. Jetton, Jacey [R]",1,0,0,1,0,0,0,0,0,,2020,43438,40436,,83874,0.035791785,0.27832395,,26.7,25.6,28.8,13.4,40.4,11.4,17.5,59.6,61.2,26.2,91.7,52,99.86971,0.13028373,0.23990054,426.5,166.6,0,0,0,0
2021,10.14.21,HB,25,76Y 54N 1NV 18AB,Texas,TX,0,27,0,2,1,"Rep. Reynolds, Ron [D]",0,1,0,0,1,0,1,0,0,-1.342,2020,56373,26766,,83139,0.35611445,-0.13731064,,29.1,27.4,26.8,10.3,19.2,41.3,22.2,80.8,50.6,32.9,88.9,38.9,93.693016,6.306985,0.29438093,426.5,166.6,0,0,0,0
2021,10.14.21,HB,25,76Y 54N 1NV 18AB,Texas,TX,0,28,0,2,1,"Rep. Gates Jr., Gary W. [R]",1,0,0,1,0,0,0,0,0,,2020,66619,53908,,120527,0.10546184,0.36274105,,30.4,29.6,24.2,7.6,41.7,14.2,22.1,58.3,65.2,24.6,93.8,53.9,71.31726,28.682743,0.22434323,426.5,166.6,0,0,0,0
2021,10.14.21,HB,25,76Y 54N 1NV 18AB,Texas,TX,0,29,0,2,1,"Rep. Thompson, Ed [R]",1,0,0,1,0,0,0,0,0,1.486,2020,54594,41712,,96306,0.13376114,0.30212346,,28,29.7,24,10.3,45.3,15.2,27.4,54.7,59.8,26.3,91,38.2,79.42851,20.571486,0.36746162,571.6,267.8,0,0,0,0
2021,10.14.21,HB,25,76Y 54N 1NV 18AB,Texas,TX,0,30,0,2,1,"Rep. Morrison, Geanie W. [R]",1,0,0,1,0,1,0,0,0,1.107,2020,1,0,,1,1,0.30743638,,26.1,24,25.2,18.1,49.6,5,42.3,50.4,51.5,27,83,18.3,53.61439,46.38561,0.5005975,570.88336,204.06667,0,0,0,0
2021,10.14.21,HB,25,76Y 54N 1NV 18AB,Texas,TX,0,31,0,2,1,"Rep. Guillen, Ryan [R]",1,0,0,1,0,0,0,1,0,-0.422,2020,32235,22950,,55185,0.16825224,0.089127325,,31,25.8,21.4,13.9,16.5,0.5,82.2,83.5,45.1,34.3,66.1,11.8,74.868614,25.131388,0.09993925,696.0455,127.51,0,0,0,0
2021,10.14.21,HB,25,76Y 54N 1NV 18AB,Texas,TX,0,33,0,2,1,"Rep. Holland, Justin [R]",1,0,0,1,0,0,0,0,0,1.47,2020,77503,41827,,119330,0.29896924,0.22903703,,30.1,28.5,25.6,9.6,64.4,7.2,15.2,35.6,63.1,24,93.2,48.2,99.681526,0.3184767,0.26993573,606.9,359.6,0,0,0,0
2021,10.14.21,HB,25,76Y 54N 1NV 18AB,Texas,TX,0,37,0,2,1,"Rep. Dominguez, Alex [D]",0,1,0,0,1,0,0,1,0,,2020,1,0,,1,1,-0.19586542,,33.5,23.4,21.3,13.1,8.3,0.1,91,91.7,48,33.9,61.6,15.3,96.48917,3.5108328,0.052672096,387.6,91.35,0,0,0,0
2021,10.14.21,HB,25,76Y 54N 1NV 18AB,Texas,TX,0,38,0,2,1,"Rep. Lucio III, Eddie [D]",0,1,0,0,1,0,0,1,0,-0.395,2020,1,0,,1,1,0.024057696,,34.2,25.6,20.2,12,8,0.6,90.1,92,48.5,33.7,69.9,18.9,91.18651,8.813491,0.1888041,545.5,130.7,0,0,0,0
2021,10.14.21,HB,25,76Y 54N 1NV 18AB,Texas,TX,0,40,0,2,1,"Rep. Canales, Terry [D]",0,1,0,0,1,0,0,1,0,-0.711,2020,1,0,,1,1,0.11439819,,37.3,28.3,17.6,7,4.1,0.7,94.5,95.9,47.4,36.9,63.1,16.1,87.377365,12.622632,0.2758703,614.5,100.3,0,0,0,0
2021,10.14.21,HB,25,76Y 54N 1NV 18AB,Texas,TX,0,42,0,2,1,"Rep. Raymond, Richard Pena [D]",0,1,0,0,1,0,0,1,0,-0.708,2020,1,0,,1,1,-0.24178685,,33.3,25.6,20.5,11.1,4,0.4,94.7,96,44.5,36.9,68.4,19.3,98.576614,1.4233872,0.35180655,686.8,59.1,0,0,0,0
2021,10.14.21,HB,25,76Y 54N 1NV 18AB,Texas,TX,0,43,0,2,1,"Rep. Lozano, J. M. [R]",1,0,0,1,0,0,0,1,0,0.783,2020,1,0,,1,1,0.45030615,,30.4,26.6,22.5,13.7,29.2,2.7,65.9,70.8,45.7,34.6,77.1,15,79.4294,20.570602,0.21564505,676.3333,229.85,0,0,0,0
2021,10.14.21,HB,25,76Y 54N 1NV 18AB,Texas,TX,0,44,0,2,1,"Rep. Kuempel, John [R]",1,0,0,1,0,0,0,0,0,0.998,2020,67308,29433,3100,99841,0.37935317,0.4200896,,28,25.9,26.1,13.7,52.3,5.8,38.1,47.7,54.9,27.4,88.1,25.8,54.30764,45.69236,0.1828021,586.75,231.05,0,0,0,0
2021,10.14.21,HB,25,76Y 54N 1NV 18AB,Texas,TX,0,45,0,2,1,"Rep. Zwiener, Erin [D]",0,1,1,0,1,1,0,0,0,,2020,57383,56175,,113558,0.010637736,-0.024035376,,33.6,26.8,22.5,11.1,55.7,3.4,37.4,44.3,48.2,37.1,89.6,36.8,60.084106,39.915894,0.5320706,390.7,151.9,0,0,0,0
2021,10.14.21,HB,25,76Y 54N 1NV 18AB,Texas,TX,0,46,0,2,1,"Rep. Cole, Sheryl [D]",0,1,0,0,1,1,1,0,0,,2020,1,0,,1,1,-0.36964533,,25.8,39,20.2,6.9,30.1,16.3,46.6,69.9,39.8,41.8,80.3,32.7,94.91551,5.084485,0.63101315,438.7,130.2,0,0,0,0
2021,10.14.21,HB,25,76Y 54N 1NV 18AB,Texas,TX,0,47,0,2,1,"Rep. Goodwin, Vikki [D]",0,1,0,0,1,1,0,0,0,,2020,66816,65474,3311,135601,0.009896682,-0.09902223,,25,26.5,29.8,13.2,70.6,2,16.7,29.4,64.1,22.4,96.3,61.7,91.257484,8.742517,0.36485332,438.7,130.2,0,0,0,0
2021,10.14.21,HB,25,76Y 54N 1NV 18AB,Texas,TX,0,48,0,2,1,"Rep. Howard, Donna [D]",0,1,0,0,1,1,0,0,0,-0.499,2020,73590,31382,,104972,0.40208817,-0.50205237,,20.9,36.1,25.4,11.5,61.3,4.1,25.1,38.7,47.4,36.3,95.4,61.1,90.46004,9.53996,0.9922205,438.7,130.2,0,0,0,0
2021,10.14.21,HB,25,76Y 54N 1NV 18AB,Texas,TX,0,49,0,2,1,"Rep. Hinojosa, Gina [D]",0,1,0,0,1,1,0,1,0,-1.723,2020,80258,18277,3248,101783,0.6089524,-0.71958435,,28.8,39.8,18.3,8,60.9,4.3,25.4,39.1,31.1,55.1,92.5,60.7,100,0,1.1300051,438.7,130.2,0,0,0,0
2021,10.14.21,HB,25,76Y 54N 1NV 18AB,Texas,TX,0,50,0,2,1,"Rep. Israel, Celia [D]",0,1,1,0,1,1,0,1,0,-1.512,2020,63449,28805,,92254,0.37552842,-0.62243485,,22.9,35.8,24.7,8.9,43,11.7,31.2,57,48.8,33.5,90.2,43.1,97.92165,2.078344,0.70781934,438.7,130.2,0,0,0,0
2021,10.14.21,HB,25,76Y 54N 1NV 18AB,Texas,TX,0,51,0,2,1,"Rep. Rodriguez, Eddie [D]",0,1,0,0,1,0,0,1,0,-1.527,2020,59257,12431,,71688,0.6531916,-0.7367496,,28.5,38.7,19.5,6.4,28.3,9.1,58.6,71.7,33.4,50.8,78.3,30.5,93.68779,6.312211,0.69207984,438.7,130.2,0,0,0,0
2021,10.14.21,HB,25,76Y 54N 1NV 18AB,Texas,TX,0,52,0,2,1,"Rep. Talarico, James [D]",0,1,0,0,1,0,0,0,0,,2020,50520,47611,,98131,0.029644048,0.066888735,,29.5,32.1,23.2,8.1,50.9,9.7,30.8,49.1,52.7,30.1,91.7,37.6,93.45117,6.5488286,0.5572271,407.3,139,0,0,0,0
2021,10.14.21,HB,25,76Y 54N 1NV 18AB,Texas,TX,0,53,0,2,1,"Rep. Murr, Andrew S. [R]",1,0,0,1,0,0,0,0,0,1.16,2020,67127,18713,,85840,0.5640028,0.49458846,,22.8,20.3,27.6,24.1,63.2,1.3,33.1,36.8,53.4,23.9,85.7,22.7,43.677246,56.322754,0.16859421,678.25,299,0,0,0,0
2021,10.14.21,HB,25,76Y 54N 1NV 18AB,Texas,TX,0,54,0,2,1,"Buckley, Brad",1,0,0,1,0,0,0,0,0,,2020,38853,33918,,72771,0.067815475,0.2955798,,30.7,31.1,21,8.5,42,25.7,22.8,58,55.3,27.5,92.6,25.1,76.37216,23.627842,0.27155668,468.7,247.8,0,0,0,0
2021,10.14.21,HB,25,76Y 54N 1NV 18AB,Texas,TX,0,55,0,2,1,"Rep. Shine, Hugh [R]",1,0,0,1,0,0,0,0,0,0.857,2020,1,0,,1,1,0.003761929,,30.4,27.7,20.6,13.2,54.5,14.2,25.7,45.5,48.7,31.9,88.3,23.3,75.45397,24.546028,0.22966632,468.7,247.8,0,0,0,0
2021,10.14.21,HB,25,76Y 54N 1NV 18AB,Texas,TX,0,56,0,2,1,"Anderson, Charles \Doc\""""",1,0,0,1,0,0,0,0,0,1.311,2020,49030,23833,,72863,0.34581336,0.1894372,,31.3,24.7,22.5,14.7,61.8,10.6,24,38.2,49.4,32.7,87.1,27.9,70.74125,29.25875,0.159109,573.3,273.7,0,0,0,0
2021,10.14.21,HB,25,76Y 54N 1NV 18AB,Texas,TX,0,57,0,2,1,"Ashby, Trent",1,0,0,1,0,0,0,0,0,1.067,2020,53930,13946,,67876,0.5890742,0.38603982,,25.6,24.1,25.6,18.6,64,15.1,17.8,36,48.7,27.1,81.2,15.3,54.823147,45.176853,0.1924518,407.1,231.5,0,0,0,0
2021,10.14.21,HB,25,76Y 54N 1NV 18AB,Texas,TX,0,58,0,2,1,"Burns, Dewayne",1,0,0,1,0,0,0,0,0,1.399,2020,62176,16489,,78665,0.58077925,0.59695035,,27.7,25.1,26.1,14.7,73.4,2.9,20.5,26.6,56.9,23.5,84.8,18.3,54.67577,45.32423,0.3951449,464.95,348.3,0,0,0,0
2021,10.14.21,HB,25,76Y 54N 1NV 18AB,Texas,TX,0,59,0,2,1,"Rep. Slawson, Shelby [R]",1,0,0,1,0,1,0,0,0,,2020,1,0,,1,1,0.4605398,,30.2,26.9,22,14.6,67.1,6.7,20.5,32.9,48.9,30.9,85.7,20.2,50.87145,49.12855,0.1600262,470.075,323.675,0,0,0,0
2021,10.14.21,HB,25,76Y 54N 1NV 18AB,Texas,TX,0,60,0,2,1,"Rep. Rogers, Glenn [R]",1,0,0,1,0,0,0,0,0,,2020,1,0,,1,1,0.5902972,,24.5,21.6,26.8,21.4,78.9,2,16.6,21.1,53.6,22.8,86.1,20.3,51.684307,48.315693,0.17565644,608.23334,451,0,0,0,0
2021,10.14.21,HB,25,76Y 54N 1NV 18AB,Texas,TX,0,61,0,2,1,"Rep. King, Phil [R]",1,0,0,1,0,0,0,0,0,1.286,2020,87526,14940,3049,105515,0.68792117,0.38069424,,26.7,24.1,28.1,14.9,81.6,1.3,14.3,18.4,57.8,23.3,87.7,23.7,36.978226,63.021774,0.29396245,472.3,186.5,0,0,0,0
2021,10.14.21,HB,25,76Y 54N 1NV 18AB,Texas,TX,0,62,0,2,1,"Rep. Smith, Reggie [R]",1,0,0,1,0,0,0,0,0,,2020,59020,16074,,75094,0.57189655,0.29769132,,25.8,23.7,26.7,17.8,76.6,5.6,12.5,23.4,51.6,24.9,87.7,19.7,49.06652,50.93348,0.29580566,483.3,358.425,0,0,0,0
2021,10.14.21,HB,25,76Y 54N 1NV 18AB,Texas,TX,0,63,0,2,1,"Rep. Parker, Tan [R]",1,0,0,1,0,0,0,0,0,1.374,2020,73297,35426,,108723,0.34832555,0.14843482,,27.8,26.7,29.5,9.4,68.3,4.8,15.9,31.7,62.4,24.9,93.5,50.4,80.31668,19.683315,0.2934828,407.1,231.5,0,0,0,0
2021,10.14.21,HB,25,76Y 54N 1NV 18AB,Texas,TX,0,64,0,2,1,"Rep. Stucky, Lynn [R]",1,0,0,1,0,0,0,0,0,1.105,2020,48188,39504,,87692,0.099028416,0.16298665,,32.6,27.9,22.5,11.3,63.8,7.5,22.4,36.2,44.8,38.9,90.2,37,97.51912,2.4808817,0.49827868,433.95,289.25,0,0,0,0
2021,10.14.21,HB,25,76Y 54N 1NV 18AB,Texas,TX,0,66,0,2,1,"Rep. Shaheen, Matthew \Matt\"" F. [R]""",1,0,0,1,0,0,0,0,0,2.138,2020,42728,41879,1600,86207,0.009848388,0.26130947,,24.6,30.7,28,11.3,52.5,9.7,10.6,47.5,56.1,29.1,96.5,65.1,100,0,0.3092146,472.3,186.5,0,0,0,0
2021,10.14.21,HB,25,76Y 54N 1NV 18AB,Texas,TX,0,68,0,2,1,"Rep. Spiller, David [R]",1,0,0,1,0,0,0,0,0,,2020,56656,9630,,66286,0.7094409,0.53259957,,25.6,24.1,25.5,18.9,69,3.7,24.6,31,54.7,24.4,81.5,17.2,37.133114,62.866886,0.10376178,698.45,512.7083,0,0,0,0
2021,10.14.21,HB,25,76Y 54N 1NV 18AB,Texas,TX,0,69,0,2,1,"Rep. Frank, James [R]",1,0,0,1,0,0,0,0,0,1.494,2020,1,0,,1,1,0.010535648,,28.7,25.3,24.3,15.4,68.9,8.5,17.6,31.1,47,31.7,86.9,22.5,86.193085,13.806914,0.42086253,472.3,186.5,0,0,0,0
2021,10.14.21,HB,25,76Y 54N 1NV 18AB,Texas,TX,0,70,0,2,1,"Rep. Sanford, Scott [R]",1,0,0,1,0,0,0,0,0,1.818,2020,76754,47343,,124097,0.2370001,0.49990544,,29.7,29.6,23.6,9.4,64,10.1,17.5,36,60.1,25.6,92.1,43.6,98.74089,1.2591102,0.31163836,472.3,186.5,0,0,0,0
2021,10.14.21,HB,25,76Y 54N 1NV 18AB,Texas,TX,0,71,0,2,1,"Rep. Lambert, Stan [R]",1,0,0,1,0,0,0,0,0,0.858,2020,51376,13783,,65159,0.57694256,0.25929365,,30.2,26.1,22,14.4,62,8.1,25.6,38,47.4,31.9,86.3,21.9,81.75257,18.247433,0.27418077,547.875,365.925,0,0,0,0
2021,10.14.21,HB,25,76Y 54N 1NV 18AB,Texas,TX,0,73,0,2,1,"Biedermann, Kyle",1,0,0,1,0,0,0,0,0,2.423,2020,95385,32091,,127476,0.496517,0.5062137,,24.6,22.2,28.3,19.4,70,1.4,25.8,30,58.1,24,92.2,36.2,43.09607,56.90393,0.15316011,497.7,157.6,0,0,0,0
2021,10.14.21,HB,25,76Y 54N 1NV 18AB,Texas,TX,0,74,0,2,1,"Rep. Morales Jr., Eddie [D]",0,1,0,0,1,0,0,1,0,,2020,26131,22334,,48465,0.078345194,-0.1633303,,30.2,26,21.7,14.1,15.7,1.1,81.2,84.3,50.5,31.3,65.8,16,62.07366,37.92634,0.07479579,600.4636,178.68182,0,0,0,0
2021,10.14.21,HB,25,76Y 54N 1NV 18AB,Texas,TX,0,75,0,2,1,"Rep. Gonzalez, Mary E. [D]",0,1,1,0,1,1,0,1,0,-1.651,2020,1,0,,1,1,0.10041799,,34.6,29.1,20.1,7.4,5.8,1.6,91.6,94.2,49.9,34.1,73.4,17,94.58934,5.4106603,0.21853063,623.8,99.1,0,0,0,0
2021,10.14.21,HB,25,76Y 54N 1NV 18AB,Texas,TX,0,76,0,2,1,"Rep. Ordaz Perez, Claudia [D]",0,1,0,0,1,1,0,1,0,,2020,1,0,,1,1,-0.24113788,,30,24.1,22.5,17,8,1.7,89.1,92,39.8,37.2,69.1,13.9,100,0,0.3064207,426.5,166.6,0,0,0,0
2021,10.14.21,HB,25,76Y 54N 1NV 18AB,Texas,TX,0,77,0,2,1,"Rep. Ortega, Lina [D]",0,1,0,0,1,1,0,1,0,-1.952,2020,1,0,,1,1,-0.2692326,,29.3,26.8,21.8,14.7,15.3,3.8,77.5,84.7,41.2,36.4,74.3,24.4,99.543175,0.4568278,0.2865735,623.8,99.1,0,0,0,0
2021,10.14.21,HB,25,76Y 54N 1NV 18AB,Texas,TX,0,78,0,2,1,"Rep. Moody, Joseph E. [D]",0,1,0,0,1,0,0,1,0,-1.056,2020,38876,24180,,63056,0.23306267,0.14581071,,30.1,27.6,23.1,10.5,20.5,4.5,71.2,79.5,50.4,31.8,85,33.5,96.641556,3.3584447,0.33862245,623.8,99.1,0,0,0,0
2021,10.14.21,HB,25,76Y 54N 1NV 18AB,Texas,TX,0,79,0,2,1,"Rep. Fierro, Art [D]",0,1,0,0,1,0,0,1,0,,2020,1,0,,1,1,-0.1948186,,33.1,28.1,21.8,9.9,11.5,3.6,82.4,88.5,45.5,36.3,85.1,24.2,99.44774,0.5522615,0.24283633,623.8,99.1,0,0,0,0
2021,10.14.21,HB,25,76Y 54N 1NV 18AB,Texas,TX,0,81,0,2,1,"Rep. Landgraf, Brooks [R]",1,0,0,1,0,0,0,0,0,1.541,2020,1,0,,1,1,0.3680725,,31.6,28.5,21,9.9,34.6,3.9,58.9,65.4,49.3,30.7,75.7,14.7,90.20818,9.791815,0.5157056,564.63336,340.26666,0,0,0,0
2021,10.14.21,HB,25,76Y 54N 1NV 18AB,Texas,TX,0,82,0,2,1,"Rep. Craddick, Tom [R]",1,0,0,1,0,0,0,0,0,1.363,2020,1,0,,1,1,0.52083796,,29,29.8,21.9,10.7,45.3,5.8,45.6,54.7,52.5,28.9,82.6,25.4,83.144745,16.855255,0.1376537,642.3333,358.2,0,0,0,0
2021,10.14.21,HB,25,76Y 54N 1NV 18AB,Texas,TX,0,83,0,2,1,"Burrows, Dustin",1,0,0,1,0,0,0,0,0,1.697,2020,61959,16185,,78144,0.58576477,0.26367825,,29.7,26.8,23.1,12.9,58.5,3.7,35.1,41.5,52.9,28,82.4,26.3,70.39637,29.603634,0.40899795,656.4636,401.96362,0,0,0,0
2021,10.14.21,HB,25,76Y 54N 1NV 18AB,Texas,TX,0,84,0,2,1,"Rep. Frullo, John [R]",1,0,0,1,0,0,0,0,0,1.163,2020,35066,22208,,57274,0.22449978,0.4055012,,37.7,25.7,18.7,11.5,48,9.2,38,52,36.9,44.6,84,26.3,97.089165,2.9108372,0.3599982,512.1,285.8,0,0,0,0
2021,10.14.21,HB,25,76Y 54N 1NV 18AB,Texas,TX,0,85,0,2,1,"Rep. Stephenson, Phil [R]",1,0,0,1,0,0,0,0,0,1.216,2020,43024,31372,1838,76234,0.15284519,0.12616259,,29.5,26,25,12.3,35.3,13.4,40.4,64.7,53.3,30.3,81.9,27.8,52.06171,47.93829,0.11930802,591.2167,176.11667,0,0,0,0
2021,10.14.21,HB,25,76Y 54N 1NV 18AB,Texas,TX,0,87,0,2,1,"Rep. Price, Four [R]",1,0,0,1,0,0,0,0,0,,2020,1,0,,1,1,0.50894004,,29.2,27.2,23.2,12.4,47.9,7.4,37.3,52.1,47.8,29.9,77.8,15.3,83.96973,16.030277,0.18505478,707.4125,444.35,0,0,0,0
2021,10.14.21,HB,25,76Y 54N 1NV 18AB,Texas,TX,0,88,0,2,1,"Rep. King, Ken [R]",1,0,0,1,0,0,0,0,0,0.827,2020,1,0,,1,1,0.57135856,,30,25.3,23,14.5,46.1,2.9,48.6,53.9,51.8,28.1,76.2,15.6,54.491085,45.508915,0.14394407,717.68945,437.4,0,0,0,0
2021,10.14.21,HB,25,76Y 54N 1NV 18AB,Texas,TX,0,89,0,2,1,"Rep. Noble, Candy [R]",1,0,0,1,0,1,0,0,0,,2020,58102,37837,2466,98405,0.20593466,0.37544286,,29.8,27,26.4,9.9,58.2,10.5,16.8,41.8,61.3,25.5,93.1,44.3,79.1211,20.878899,0.28592902,472.3,186.5,0,0,0,0
2021,10.14.21,HB,25,76Y 54N 1NV 18AB,Texas,TX,0,90,0,2,1,"Rep. Romero Jr., Ramon [D]",0,1,0,0,1,0,0,1,0,-1.227,2020,25329,9656,,34985,0.447992,-0.5079209,,34.3,28,20.9,8.2,11.4,9.6,77.2,88.6,41.4,41.2,52.8,8.5,100,0,0.17452008,606.6,305.4,0,0,0,0
2021,10.14.21,HB,25,76Y 54N 1NV 18AB,Texas,TX,0,91,0,2,1,"Rep. Klick, Stephanie [R]",1,0,0,1,0,1,0,0,0,1.642,2020,45108,25521,,70629,0.27732235,0.3320876,,28.4,27.7,25,11.8,59.1,5.7,24.8,40.9,51,30.6,87.9,27,100,0,0.29334748,606.6,305.4,0,0,0,0
2021,10.14.21,HB,25,76Y 54N 1NV 18AB,Texas,TX,0,92,0,2,1,"Rep. Cason, Jeff [R]",1,0,0,1,0,0,0,0,0,,2020,39875,36996,1513,78384,0.036729436,0.1876062,,23.5,32.3,25.4,12.2,54.7,14.1,19.5,45.3,47.3,31.7,91.4,35.7,100,0,0.46595585,606.6,305.4,0,0,0,0
2021,10.14.21,HB,25,76Y 54N 1NV 18AB,Texas,TX,0,93,0,2,1,"Rep. Krause, Matt [R]",1,0,0,1,0,0,0,0,0,2.247,2020,45876,38339,,84215,0.08949712,0.15581055,,29.6,32.9,22,7.7,50.1,14.1,26,49.9,50.4,32.5,88.4,34.7,99.994316,0.00568715,0.7185906,606.6,305.4,0,0,0,0
2021,10.14.21,HB,25,76Y 54N 1NV 18AB,Texas,TX,0,94,0,2,1,"Rep. Tinderholt, Tony [R]",1,0,0,1,0,0,0,0,0,2.773,2020,38602,34757,2371,75730,0.05077248,0.11630697,,28.8,25.8,25.9,13.8,55,16.1,19.4,45,48.6,33.7,89.8,35.2,100,0,0.22493212,606.6,305.4,0,0,0,0
2021,10.14.21,HB,25,76Y 54N 1NV 18AB,Texas,TX,0,95,0,2,1,"Rep. Collier, Nicole [D]",0,1,0,0,1,1,1,0,0,-1.834,2020,1,0,,1,1,-0.11786372,,29.1,29,22.2,11.2,20.3,41,33.1,79.7,36.3,40,76.9,15.9,99.7873,0.21270181,0.3257329,606.6,305.4,0,0,0,0
2021,10.14.21,HB,25,76Y 54N 1NV 18AB,Texas,TX,0,96,0,2,1,"Rep. Cook, David [R]",1,0,0,1,0,0,0,0,0,,2020,45053,40550,2362,87965,0.051190816,0.113045044,,30.4,28,24.9,9.6,51.1,21.4,19.9,48.9,56.2,28.5,92.1,33.3,97.209885,2.790118,0.35006025,606.6,305.4,0,0,0,0
2021,10.14.21,HB,25,76Y 54N 1NV 18AB,Texas,TX,0,97,0,2,1,"Rep. Goldman, Craig [R]",1,0,0,1,0,0,0,0,0,1.681,2020,43852,37707,1884,83443,0.07364309,-0.015149322,,26.6,27.2,24.2,14.9,58.3,13.9,22.1,41.7,46.6,34.1,90.6,40,97.35624,2.6437585,0.57465076,606.6,305.4,0,0,0,0
2021,10.14.21,HB,25,76Y 54N 1NV 18AB,Texas,TX,0,98,0,2,1,"Rep. Capriglione, Giovanni [R]",1,0,0,1,0,0,0,0,0,1.521,2020,71459,33867,,105326,0.3569109,0.48518014,,28.4,24.5,30.5,10.5,73.9,3.5,12.5,26.1,62.6,24.1,95.7,55.1,99.546265,0.4537352,0.2845342,606.6,305.4,0,0,0,0
2021,10.14.21,HB,25,76Y 54N 1NV 18AB,Texas,TX,0,100,0,2,1,"Rep. Crockett, Jasmine Felicia [D]",0,1,0,0,1,1,1,0,0,,2020,1,0,,1,1,-0.5364853,,28.8,29,24.1,9.8,18.9,34.1,44.8,81.1,37,41.7,71.4,19.1,100,0,0.49646312,589.7,219.4,0,0,0,0
2021,10.14.21,HB,25,76Y 54N 1NV 18AB,Texas,TX,0,101,0,2,1,"Rep. Turner, Chris [D]",0,1,0,0,1,0,0,0,0,-1.553,2020,1,0,,1,1,-0.10371669,,33.4,29.6,23,6.6,20.4,29.2,37.4,79.6,45.4,38,79.6,24,98.4179,1.5820985,0.1822698,606.6,305.4,0,0,0,0
2021,10.14.21,HB,25,76Y 54N 1NV 18AB,Texas,TX,0,102,0,2,1,"Rep. Ramos, Ana-Maria [D]",0,1,0,0,1,1,0,1,0,,2020,37219,31785,,69004,0.07874906,-0.09878667,,25.9,31.5,22.5,12.3,39.7,15.8,30.8,60.3,46.8,35.5,85.4,43.4,100,0,0.52226615,589.7,219.4,0,0,0,0
2021,10.14.21,HB,25,76Y 54N 1NV 18AB,Texas,TX,0,103,0,2,1,"Anchia, Rafael",0,1,0,0,1,0,0,1,0,-1.088,2020,37908,12934,,50842,0.49120805,-0.23616335,,28,36,21.4,6.9,27.6,8.1,57.4,72.4,42.2,42.1,64.8,27.3,100,0,1.2199109,589.7,219.4,0,0,0,0
2021,10.14.21,HB,25,76Y 54N 1NV 18AB,Texas,TX,0,104,0,2,1,"Rep. Gonzalez, Jessica [D]",0,1,1,0,1,1,0,1,0,,2020,1,0,,1,1,-0.38469183,,33.8,28.1,21.1,8.3,9.8,12.1,75.1,90.2,43.4,39.8,60.1,10.3,100,0,0.5067789,589.7,219.4,0,0,0,0
2021,10.14.21,HB,25,76Y 54N 1NV 18AB,Texas,TX,0,105,0,2,1,"Rep. Meza, Thresa \Terry\"" [D]""",0,1,0,0,1,1,0,1,0,,2020,31502,24087,1724,57313,0.12937728,-0.026982574,,29.8,29.3,23.4,9.6,26.3,12.6,51,73.7,46.6,36.4,76.3,23.9,100,0,0.41543972,589.7,219.4,0,0,0,0
2021,10.14.21,HB,25,76Y 54N 1NV 18AB,Texas,TX,0,106,0,2,1,"Rep. Patterson, Jared [R]",1,0,0,1,0,0,0,0,0,0.698,2020,73692,52257,,125949,0.17018794,0.26108915,,28.3,32.3,23.9,8.7,62.4,10.3,15.9,37.6,60.4,24.7,94.4,47,99.83945,0.16055465,0.4696578,407.1,231.5,0,0,0,0
2021,10.14.21,HB,25,76Y 54N 1NV 18AB,Texas,TX,0,107,0,2,1,"Rep. Neave, Victoria [D]",0,1,0,0,1,1,0,1,0,-1.122,2020,34940,26906,,61846,0.1299033,-0.0884145,,28.3,28.1,23.6,11.8,35.8,17.8,40.4,64.2,47.1,32.7,80.6,24.9,100,0,0.3341552,589.7,219.4,0,0,0,0
2021,10.14.21,HB,25,76Y 54N 1NV 18AB,Texas,TX,0,108,0,2,1,"Rep. Meyer, Morgan [R]",1,0,0,1,0,0,0,0,0,1.243,2020,50229,48590,2340,101159,0.016202215,-0.39982057,,22.1,39.3,22.8,10.8,66.9,6.4,19.2,33.1,40.2,44.2,91.8,67.4,100,0,0.88349724,589.7,219.4,0,0,0,0
2021,10.14.21,HB,25,76Y 54N 1NV 18AB,Texas,TX,0,110,0,2,1,"Rep. Rose, Toni [D]",0,1,0,0,1,1,1,0,0,-1.535,2020,1,0,,1,1,-0.44367757,,35,26.2,21.4,9,7.3,34.6,57.2,92.7,38.9,41.4,60.9,5.8,96.43506,3.5649428,0.20924482,589.7,219.4,0,0,0,0
2021,10.14.21,HB,25,76Y 54N 1NV 18AB,Texas,TX,0,111,0,2,1,"Rep. Davis, Yvonne [D]",0,1,0,0,1,1,1,0,0,-1.396,2020,1,0,,1,1,-0.10963612,,31.4,27,22.6,11.4,13.7,48.2,34.6,86.3,40.3,39.9,81.2,20.2,99.80103,0.19896868,0.22346726,589.7,219.4,0,0,0,0
2021,10.14.21,HB,25,76Y 54N 1NV 18AB,Texas,TX,0,112,0,2,1,"Rep. Button, Angie Chen [R]",1,0,0,1,0,1,0,0,1,1.346,2020,33759,33537,1719,69015,0.003216692,0.11139622,,28,28.3,25.5,10.7,36.4,15,33.2,63.6,50.8,33.4,81,30.2,100,0,0.29164127,589.7,219.4,0,0,0,0
2021,10.14.21,HB,25,76Y 54N 1NV 18AB,Texas,TX,0,113,0,2,1,"Bowers, Rhetta Andrews",0,1,0,0,1,1,1,0,0,,2020,35627,33194,,68821,0.03535258,0.16146876,,30.2,27.2,25.8,10,35.2,20,35.5,64.8,52,30.8,81.6,23.1,99.4749,0.5250979,0.33570543,589.7,219.4,0,0,0,0
2021,10.14.21,HB,25,76Y 54N 1NV 18AB,Texas,TX,0,114,0,2,1,"Rep. Turner, John [D]",0,1,0,0,1,0,0,0,0,,2020,42842,37014,,79856,0.072981365,-0.4355198,,23,31.7,23.7,13.6,49.8,18.2,24.4,50.2,47.5,34.2,87,48.8,100,0,0.7863745,589.7,219.4,0,0,0,0
2021,10.14.21,HB,25,76Y 54N 1NV 18AB,Texas,TX,0,115,0,2,1,"Rep. Johnson, Julie E. [D]",0,1,1,0,1,1,0,0,0,,2020,40961,31026,,71987,0.13801102,0.003298423,,25.4,33.5,25.2,9,35.2,11.4,27.9,64.8,54.7,30.1,89.8,50.1,100,0,0.47813568,589.7,219.4,0,0,0,0
2021,10.14.21,HB,25,76Y 54N 1NV 18AB,Texas,TX,0,116,0,2,1,"Rep. Martinez Fischer III, Trey [D]",0,1,0,0,1,0,0,1,0,-1.341,2020,41426,18510,,59936,0.38234118,-0.28895783,,29.5,32.7,19.8,10.8,24.4,7,60.6,75.6,34.1,46.1,83.4,29.5,100,0,0.48281136,530,176.4,0,0,0,0
2021,10.14.21,HB,25,76Y 54N 1NV 18AB,Texas,TX,0,117,0,2,1,"Rep. Cortez, Philip [D]",0,1,0,0,1,0,0,1,0,-1.386,2020,50092,37711,3518,91321,0.1355767,0.075892866,,34.2,30.6,17.8,8.4,24.1,6,65.4,75.9,49.2,34.6,82.5,25.5,89.8075,10.192494,0.32597265,530,176.4,0,0,0,0
2021,10.14.21,HB,25,76Y 54N 1NV 18AB,Texas,TX,0,119,0,2,1,"Rep. Campos, Elizabeth \Liz\"" [D]""",0,1,0,0,1,1,0,1,0,,2020,37574,21154,828,59556,0.2757069,-0.17919363,,28.6,28.4,23.5,11.9,21.2,8.9,66.2,78.8,40.5,35.6,80.6,15.4,96.89114,3.1088529,0.60165155,530,176.4,0,0,0,0
2021,10.14.21,HB,25,76Y 54N 1NV 18AB,Texas,TX,0,120,0,2,1,"Rep. Gervin-Hawkins, Barbara [D]",0,1,0,0,1,1,1,0,0,-1.297,2020,40004,18830,1950,60784,0.34834826,-0.21522969,,30.6,28.4,22.6,11.2,21.1,23.4,50.2,78.9,38.7,40.4,82,18.7,99.64611,0.35389113,0.39203656,530,176.4,0,0,0,0
2021,10.14.21,HB,25,76Y 54N 1NV 18AB,Texas,TX,0,121,0,2,1,"Allison, Stephen \Steve\""""",1,0,0,1,0,0,0,0,0,,2020,50367,43863,,94230,0.0690226,0.04641479,,25.2,27.7,26.2,14.1,50.7,6.2,38.1,49.3,49.4,31.9,93.4,41.8,99.4679,0.5320965,0.360916,530,176.4,0,0,0,0
2021,10.14.21,HB,25,76Y 54N 1NV 18AB,Texas,TX,0,123,0,2,1,"Bernal, Diego",0,1,0,0,1,0,0,1,0,-1.723,2020,1,0,,1,1,-0.3439222,,27.1,30.2,23.5,13.3,22.3,3.4,71.3,77.7,35.8,41.7,78,24.8,100,0,0.7071414,530,176.4,0,0,0,0
2021,10.14.21,HB,25,76Y 54N 1NV 18AB,Texas,TX,0,124,0,2,1,"Rep. Minjarez, Ina A. [D]",0,1,0,0,1,1,0,1,0,-1.688,2020,1,0,,1,1,-0.14643227,,30,30.8,22.3,8.9,18,6.3,71.5,82,44,35.9,83.7,20.5,100,0,0.39853653,530,176.4,0,0,0,0
2021,10.14.21,HB,25,76Y 54N 1NV 18AB,Texas,TX,0,125,0,2,1,"Rep. Lopez, Ray [D]",0,1,0,0,1,0,0,1,0,,2020,45500,,11515,57015,0.7980356,-0.26795766,,29.5,28.9,22.3,12.6,19.3,3.7,73.3,80.7,42.7,37.3,78.6,21.8,100,0,0.41823712,530,176.4,0,0,0,0
2021,10.14.21,HB,25,76Y 54N 1NV 18AB,Texas,TX,0,127,0,2,1,"Rep. Huberty, Dan [R]",1,0,0,1,0,0,0,0,0,1.006,2020,60599,,25653,86252,0.7025808,0.49357176,,29.7,27.7,24.5,10.8,52.6,16.4,25.2,47.4,58.1,26.5,92.8,37.7,90.33467,9.665329,0.20051381,587.2,256.4,0,0,0,0
2021,10.14.21,HB,25,76Y 54N 1NV 18AB,Texas,TX,0,128,0,2,1,"Rep. Cain, Briscoe [R]",1,0,0,1,0,0,0,0,0,2.975,2020,48831,22569,,71400,0.36781514,0.29408988,,28.8,26.5,25.1,12.1,50.2,9.7,35.5,49.8,51.1,30.2,86.1,18.7,97.39769,2.6023085,0.37253198,587.2,256.4,0,0,0,0
2021,10.14.21,HB,25,76Y 54N 1NV 18AB,Texas,TX,0,129,0,2,1,"Rep. Paul, Dennis R. [R]",1,0,0,1,0,0,0,0,0,1.495,2020,49972,34823,,84795,0.1786544,0.23946293,,26.7,27.9,26.2,12.6,49.4,9.2,27.6,50.6,50.3,31.1,91.2,39.8,99.97823,0.021769892,0.44668755,587.2,256.4,0,0,0,0
2021,10.14.21,HB,25,76Y 54N 1NV 18AB,Texas,TX,0,130,0,2,1,"Rep. Oliverson, Tom [R]",1,0,0,1,0,0,0,0,0,1.218,2020,71722,32229,,103951,0.37991938,0.35003698,,29.2,28,25.2,9.7,57.8,9.5,22.6,42.2,60.6,25.6,93,42.9,93.60296,6.3970447,0.19993241,587.2,256.4,0,0,0,0
2021,10.14.21,HB,25,76Y 54N 1NV 18AB,Texas,TX,0,131,0,2,1,"Allen, Alma",0,1,0,0,1,1,1,0,0,-1.157,2020,1,0,,1,1,-0.41360942,,31.8,29.9,21.7,8.5,7.8,39.2,46.4,92.2,40.3,43.2,74.9,20,99.81498,0.18502338,0.36540255,587.2,256.4,0,0,0,0
2021,10.14.21,HB,25,76Y 54N 1NV 18AB,Texas,TX,0,132,0,2,1,"Rep. Schofield, Michael \Mike\"" [R]""",1,0,0,1,0,0,0,0,0,1.596,2020,52299,48514,116,100929,0.03750161,0.27579057,,30.2,31.4,23.3,7.5,38.2,15.2,37,61.8,55.4,29.3,89.3,36,96.881516,3.1184866,0.25698417,587.2,256.4,0,0,0,0
2021,10.14.21,HB,25,76Y 54N 1NV 18AB,Texas,TX,0,133,0,2,1,"Rep. Murphy, Jim [R]",1,0,0,1,0,0,0,0,0,1.12,2020,50785,36550,1490,88825,0.16025893,0.086383246,,22.8,30.7,24.6,14.9,57,10.2,17.5,43,54.1,29.9,95.1,64.6,100,0,0.20091501,587.2,256.4,0,0,0,0
2021,10.14.21,HB,25,76Y 54N 1NV 18AB,Texas,TX,0,134,0,2,1,"Rep. Johnson, Ann [D]",0,1,1,0,1,1,0,0,0,,2020,56895,51960,,108855,0.04533554,-0.19597079,,19.8,35.3,24.7,14,65,5.5,12.8,35,52.6,34.3,97.2,76.7,100,0,0.84769744,587.2,256.4,0,0,0,0
2021,10.14.21,HB,25,76Y 54N 1NV 18AB,Texas,TX,0,135,0,2,1,"Rep. Rosenthal, Jon E. [D]",0,1,0,0,1,0,0,0,0,,2020,36760,36460,1703,74923,0.004004111,0.33842376,,28.5,30.3,25.4,8.9,35.8,15.4,34.5,64.2,54.5,30.1,87.7,35.2,100,0,0.27933395,587.2,256.4,0,0,0,0
2021,10.14.21,HB,25,76Y 54N 1NV 18AB,Texas,TX,0,136,0,2,1,"Bucy, John",0,1,0,0,1,0,0,0,0,,2020,53887,43533,3653,101073,0.10244081,0.01728026,,27.8,32.9,23.9,8.4,61.4,4.2,20.1,38.6,53.2,30.6,95.1,47.6,100,0,0.70245427,407.3,139,0,0,0,0
2021,10.14.21,HB,25,76Y 54N 1NV 18AB,Texas,TX,0,137,0,2,1,"Rep. Wu, Eugene \Gene\"" [D]""",0,1,0,0,1,0,0,0,1,-1.42,2020,23502,5342,,28844,0.6295937,-0.14929335,,27.5,38.9,17.9,6.2,14.7,18.5,55,85.3,38.9,45,73,26.5,100,0,0.2566423,587.2,256.4,0,0,0,0
2021,10.14.21,HB,25,76Y 54N 1NV 18AB,Texas,TX,0,138,0,2,1,"Rep. Hull, Lacey [R]",1,0,0,1,0,1,0,0,0,,2020,33081,30982,,64063,0.03276462,0.06730791,,27.8,29.9,25,10,32.3,9.6,46.6,67.7,50.6,33.5,82.9,33.5,100,0,0.2126788,587.2,256.4,0,0,0,0
2021,10.14.21,HB,25,76Y 54N 1NV 18AB,Texas,TX,0,139,0,2,1,"Rep. Johnson, Jarvis [D]",0,1,0,0,1,0,1,0,0,-0.66,2020,48841,,8029,56870,0.85881835,-0.2583347,,29.6,29.2,24.1,9.4,12.7,34.5,46.9,87.3,40.9,40.6,74.7,19.2,100,0,0.7434544,587.2,256.4,0,0,0,0
2021,10.14.21,HB,25,76Y 54N 1NV 18AB,Texas,TX,0,140,0,2,1,"Rep. Walle, Armando Lucio [D]",0,1,0,0,1,0,0,1,0,-1.512,2020,1,0,,1,1,0.015456241,,34.7,28.2,20.7,7.5,5.8,8.4,83.3,94.2,42.4,43.1,49.8,4.4,100,0,0.22458945,587.2,256.4,0,0,0,0
2021,10.14.21,HB,25,76Y 54N 1NV 18AB,Texas,TX,0,141,0,2,1,"Rep. Thompson, Senfronia [D]",0,1,0,0,1,1,1,0,0,-1.011,2020,1,0,,1,1,-0.08900215,,32.1,30.9,19.7,7.9,6.3,46.1,44.8,93.7,35.3,43.9,73.8,11.7,99.650696,0.34930065,0.12839785,587.2,256.4,0,0,0,0
2021,10.14.21,HB,25,76Y 54N 1NV 18AB,Texas,TX,0,142,0,2,1,"Rep. Dutton Jr., Harold V. [D]",0,1,0,0,1,0,1,0,0,-0.934,2020,42127,14213,,56340,0.49545616,-0.25128946,,29,32.2,22.5,7.8,13.1,37.7,46.2,86.9,40.9,40.2,75.3,18.5,99.274605,0.7253975,0.22400336,587.2,256.4,0,0,0,0
2021,10.14.21,HB,25,76Y 54N 1NV 18AB,Texas,TX,0,144,0,2,1,"Rep. Perez, Mary Ann [D]",0,1,0,0,1,1,0,1,0,-1.133,2020,17516,13528,,31044,0.12846282,-0.10934898,,32.9,28.1,21.6,8.2,15.8,3.4,79.4,84.2,45.8,35.1,62,6.9,100,0,0.16269752,587.2,256.4,0,0,0,0
2021,10.14.21,HB,25,76Y 54N 1NV 18AB,Texas,TX,0,145,0,2,1,"Rep. Morales, Christina [D]",0,1,0,0,1,1,0,1,0,,2020,27415,14445,970,42830,0.30282512,-0.08973417,,30.5,31,21.8,8.9,13.4,7.4,75.2,86.6,41,40.9,67.3,15.9,100,0,0.5791403,587.2,256.4,0,0,0,0
2021,10.14.21,HB,25,76Y 54N 1NV 18AB,Texas,TX,0,147,0,2,1,"Rep. Coleman, Garnet [D]",0,1,0,0,1,0,1,0,0,-1.368,2020,1,0,,1,1,-0.6500775,,29.4,33.6,21.1,9.7,22.3,33.7,35.8,77.7,32.7,50.2,81,34.2,99.987724,0.012272762,0.8266895,587.2,256.4,0,0,0,0
2021,10.14.21,HB,25,76Y 54N 1NV 18AB,Texas,TX,0,148,0,2,1,"Rep. Morales Shaw, Penny [D]",0,1,0,0,1,1,0,1,0,,2020,38287,21844,,60131,0.27345297,-0.2717662,,24.7,35.2,22.9,9,26.5,5.9,64,73.5,41.9,40.4,72.7,30,100,0,0.8378959,587.2,256.4,0,0,0,0
2021,10.14.21,HB,25,76Y 54N 1NV 18AB,Texas,TX,0,150,0,2,1,"Rep. Swanson, Valoree [R]",1,0,0,1,0,1,0,0,0,2.54,2020,56512,37466,3206,97184,0.19597876,0.29786038,,28.8,29.4,23.9,10.6,49.9,14.2,26.7,50.1,56.4,28.9,92.3,38.5,98.41515,1.5848464,0.30680808,587.2,256.4,0,0,0,0
2022,44608,HB,11,52_16,Utah,UT,0,1,0,2,1,"Rep. Ferry, Joel [R]",1,0,0,1,0,0,0,0,0,,2020,15098,2514,1402,19014,0.6618281,0.22988868,,41.1,25.9,20.4,12.5,85.8,0.4,10.5,14.2,61.6,24.5,92.7,21.7,49.19315,50.80685,0.35848004,861.05,14.65,0,1,1,1
2022,44608,HB,11,52_16,Utah,UT,0,2,0,2,1,"Rep. Moss, Jefferson [R]",1,0,0,1,0,0,0,0,0,1.004,2020,1,0,,1,1,0.34652066,,54,32.1,11.1,2.7,86.5,0.4,8.8,13.5,70.4,23.3,98,40.1,73.48641,26.513588,0.3112968,821.6,13,0,1,1,1
2022,44608,HB,11,52_16,Utah,UT,0,3,0,2,1,"Rep. Petersen, Mike J. [R]",1,0,0,1,0,0,0,0,0,,2020,15197,5415,,20612,0.4745779,0.25991213,,48.2,26.1,17.1,8.5,84.5,0.6,9.7,15.5,59.8,30.5,94.2,38.2,80.73526,19.264742,0.40641055,821.6,13,0,1,1,1
2022,44608,HB,11,52_16,Utah,UT,0,4,0,2,1,"Rep. Johnson, Dan N. [R]",1,0,0,1,0,0,0,0,0,,2020,8196,5595,,13791,0.18860126,-0.04366149,,54.7,25.5,11.7,8.1,80.3,1.4,11,19.7,45.9,45,91.8,39.6,77.79728,22.202724,0.04809619,713.6,23.6,0,1,1,1
2022,44608,HB,11,52_16,Utah,UT,0,5,0,2,1,"Rep. Snider, Casey [R]",1,0,0,1,0,0,0,0,0,,2020,15841,4068,,19909,0.5913406,0.43980172,,45.6,25.1,17.8,11.5,85.2,0.1,11.8,14.8,66.4,24.5,94,38.6,85.78147,14.218532,0,821.6,13,0,1,1,1
2022,44608,HB,11,52_16,Utah,UT,0,6,0,2,1,"Rep. Maloy, Cory [R]",1,0,0,1,0,0,0,0,0,0.98,2020,19551,4767,,24318,0.6079447,0.37836748,,50.3,33.2,12.1,4.3,84.1,0.1,9.6,15.9,68,25.1,97.3,45.6,85.68279,14.31721,0.2375297,772.3,30.5,0,1,1,1
2022,44608,HB,11,52_16,Utah,UT,0,7,0,2,1,"Rep. Wilcox, Ryan D. [R]",1,0,0,1,0,0,1,0,0,1.267,2020,12055,6607,,18662,0.29193014,-0.019879198,,37.2,27.6,22.4,12.8,74.7,0.5,19.5,25.3,56.9,28.6,91.7,27.2,99.85041,0.14958863,0.0555732,644.1,44.7,0,1,1,1
2022,44608,HB,11,52_16,Utah,UT,0,8,0,2,1,"Rep. Waldrip, Steve [R]",1,0,0,1,0,0,0,0,0,,2020,10067,7600,,17667,0.13963887,0.43651426,,35.4,29.9,22.2,12.5,75.4,0.7,19.9,24.6,52.1,28,89.7,25.1,68.44526,31.554737,0.04992511,759.45,25.95,0,1,1,1
2022,44608,HB,11,52_16,Utah,UT,0,9,0,2,1,"Rep. Musselman, Calvin R. [R]",1,0,0,1,0,0,0,0,0,,2020,8426,5999,,14425,0.16824956,-0.2715607,,38.6,32.7,20.8,7.9,68,1.5,25.1,32,42.1,35.4,89.1,19,100,0,0.14134802,644.1,44.7,0,1,1,1
2022,44608,HB,11,52_16,Utah,UT,0,10,0,2,1,"Rep. Lesser, Rosemary \Lou\"" T. [D]""",0,1,0,0,1,1,0,0,0,,2020,7054,6771,,13825,0.020470163,0.1426602,,36.7,29.8,21.2,12.2,66.6,1.8,26.1,33.4,47.6,33,87.7,29.5,98.95763,1.0423748,0.15018575,644.1,44.7,0,1,1,1
2022,44608,HB,11,52_16,Utah,UT,0,11,0,2,1,"Rep. Miles, Kelly B. [R]",1,0,0,1,0,0,0,0,0,,2020,10996,7238,,18234,0.2060985,0.18658355,,38.4,26.3,20.4,14.8,84,1.2,10.5,16,58.9,25.2,95.2,31.9,99.061554,0.9384488,0.5080376,702.75,32.05,0,1,1,1
2022,44608,HB,11,52_16,Utah,UT,0,12,0,2,1,"Rep. Schultz, Mike [R]",1,0,0,1,0,0,0,0,0,0.956,2020,13478,3983,,17461,0.5437833,0.008339068,,39.1,28.4,21.7,10.8,81.3,0.4,14.2,18.7,59.1,26.6,95.1,22.8,100,0,0.15754561,702.75,32.05,0,1,1,1
2022,44608,HB,11,52_16,Utah,UT,0,14,0,2,1,"Rep. Lisonbee, Karianne [R]",1,0,0,1,0,1,0,0,0,1.278,2020,10336,5462,,15798,0.30852008,0.46991575,,44.5,30.3,18,7.1,75.7,1.8,16,24.3,55.3,30.1,91.9,26.1,100,0,0.10442047,761.4,19.4,0,1,1,1
2022,44608,HB,11,52_16,Utah,UT,0,16,0,2,1,"Rep. Handy, Stephen G. [R]",1,0,0,1,0,0,0,0,0,,2020,10890,5272,1361,17523,0.32060722,0.21476254,,40.6,29.9,20.3,9.2,74.8,1.8,15.5,25.2,56,29.9,94.8,35.4,99.97084,0.029160187,0.31484258,761.4,19.4,0,1,1,1
2022,44608,HB,11,52_16,Utah,UT,0,17,0,2,1,"Rep. Barlow, Stewart E. [R]",1,0,0,1,0,0,0,0,0,0.799,2020,13881,5214,1077,20172,0.42965496,0.47158745,,38.1,25.6,22.4,14,87.9,1,6.5,12.1,60.5,23.7,97.3,45.1,99.49347,0.5065343,0,761.4,19.4,0,1,1,1
2022,44608,HB,11,52_16,Utah,UT,0,18,0,2,1,"Rep. Hawkes, Timothy D. [R]",1,0,0,1,0,0,0,0,0,,2020,17281,6431,,23712,0.45757422,0.43281162,,40.2,27,19.5,13.4,89.2,0.9,5.3,10.8,64.9,23.5,98.3,47.8,98.87613,1.1238741,0.12240838,761.4,19.4,0,1,1,1
2022,44608,HB,11,52_16,Utah,UT,0,19,0,2,1,"Rep. Ward, Raymond P. [R]",1,0,0,1,0,0,0,0,0,0.273,2020,15870,3876,,19746,0.6074142,0.113479614,,37.2,30.1,17.7,14.9,88.4,0.6,6.5,11.6,60.7,24.9,97.3,48.7,99.638466,0.3615329,0.2570694,761.4,19.4,0,1,1,1
2022,44608,HB,11,52_16,Utah,UT,0,20,0,2,1,"Rep. Garff Ballard, Melissa [R]",1,0,0,1,0,1,0,0,0,,2020,13828,6717,,20545,0.34611827,0.1510342,,38.7,33.7,18.7,9,80.6,0.5,12.2,19.4,60.5,28.6,95.4,38.3,98.62216,1.3778397,0.2449525,761.4,19.4,0,1,1,1
2022,44608,HB,11,52_16,Utah,UT,0,21,0,2,1,"Rep. Sagers, Douglas V. [R]",1,0,0,1,0,0,0,0,0,0.589,2020,10468,5968,,16436,0.27378926,0.20599206,,40.8,30.2,19.6,9.3,79.8,0.7,13.9,20.2,55.5,28.3,92,20.2,91.06721,8.932796,0.18976833,673.8,24.9,0,1,1,1
2022,44608,HB,11,52_16,Utah,UT,0,22,0,2,1,"Rep. Collard, Clare [D]",0,1,0,0,1,1,0,0,0,,2020,7239,6973,,14212,0.018716577,0.11222625,,40,31.4,21.3,7.2,58,1.1,30.6,42,51.7,30.9,84,12.6,98.78712,1.2128817,0.52537847,673.8,24.9,0,1,1,1
2022,44608,HB,11,52_16,Utah,UT,0,23,0,2,1,"Rep. Hollins, Sandra [D]",0,1,0,0,1,1,1,0,0,-1.67,2020,7879,2825,,10704,0.47215995,-0.25611973,,39.5,29.9,21.7,8.8,35.5,3.7,44.9,64.5,42.6,40.9,75.9,21.3,99.95083,0.04917388,0.3845168,586.95,16.95,0,1,1,1
2022,44608,HB,11,52_16,Utah,UT,0,25,0,2,1,"Rep. Briscoe, Joel K. [D]",0,1,0,0,1,0,0,0,0,-1.433,2020,16475,2827,607,19909,0.6855191,-0.6272381,,30,40.5,19,10.5,75.1,2.1,14.7,24.9,34.2,48.9,92.6,51.8,78.75651,21.243494,0.40459716,673.8,24.9,0,1,1,1
2022,44608,HB,11,52_16,Utah,UT,0,26,0,2,1,"Rep. Romero, Angela [D]",0,1,0,0,1,1,0,0,1,-1.667,2020,1,0,,1,1,-0.48666757,,37.4,37.2,17.5,7.8,43.7,2.9,39.4,56.3,37.9,43.9,81.3,26.6,99.95607,0.04393287,1.4103607,673.8,24.9,0,1,1,1
2022,44608,HB,11,52_16,Utah,UT,0,27,0,2,1,"Rep. Brammer, Brady [R]",1,0,0,1,0,0,0,0,0,,2020,1,0,,1,1,0.64725965,,48.1,21,22,8.9,92.5,0.9,3.9,7.5,65.8,27.6,98.5,59.6,95.6386,4.3613944,0.2528691,673.8,24.9,0,1,1,1
2022,44608,HB,11,52_16,Utah,UT,0,28,0,2,1,"Rep. King, Brian S. [D]",0,1,0,0,1,0,0,0,0,-1.038,2020,16416,6403,,22819,0.438801,0.05300702,,33.4,29.3,23.3,13.8,84.4,1.1,5.6,15.6,57.9,30,97.7,73.7,100,0,0.65317714,710.8,15.3,0,1,1,1
2022,44608,HB,11,52_16,Utah,UT,0,29,0,2,1,"Rep. Gwynn, Matthew \Matt\"" H. [R]""",1,0,0,1,0,0,0,0,0,,2020,17452,4054,691,22197,0.6035951,0.16527225,,40.6,26,22.5,10.8,88.7,0.3,6.9,11.3,62.3,24.9,94.8,26.6,100,0,0.3314501,733.2,24.15,0,1,1,1
2022,44608,HB,11,52_16,Utah,UT,0,30,0,2,1,"Rep. Winder, Mike [R]",1,0,0,1,0,0,0,0,0,0.324,2020,7611,5443,,13054,0.16607936,-0.15425701,,41.3,27.8,21.9,9.1,55.7,2.1,32.7,44.3,52.1,34.3,85.4,14.3,100,0,0.29727146,673.8,24.9,0,1,1,1
2022,44608,HB,11,52_16,Utah,UT,0,31,0,2,1,"Rep. Weight, Elizabeth [D]",0,1,0,0,1,1,0,0,0,-1.291,2020,6261,4799,,11060,0.13218807,-0.22344556,,42.9,28.2,20.7,8.1,39.8,1.2,46.5,60.2,46.6,35.5,81.8,15.3,100,0,0.7543927,673.8,24.9,0,1,1,1
2022,44608,HB,11,52_16,Utah,UT,0,33,0,2,1,"Rep. Weeks-Rohner, Judy [R]",1,0,0,1,0,1,0,0,0,,2020,,,,,1,-0.18405753,,38.7,32.2,18.5,10.7,41.1,5,41.8,58.9,42.4,38.4,80,16.3,100,0,0.27299097,673.8,24.9,0,1,1,1
2022,44608,HB,11,52_16,Utah,UT,0,34,0,2,1,"Rep. Kwan, Karen [D]",0,1,0,0,1,1,0,0,1,-1.402,2020,8558,6458,,15016,0.13985083,-0.15874831,,35.4,32.8,19.7,12.1,61.3,2.2,25.4,38.7,48,35.1,90.4,25.3,100,0,0.25415727,673.8,24.9,0,1,1,1
2022,44608,HB,11,52_16,Utah,UT,0,35,0,2,1,"Rep. Wheatley, Mark A. [D]",0,1,0,0,1,0,0,0,0,-0.821,2020,9867,4031,662,14560,0.4008242,-0.16786094,,32.8,39.7,18.9,8.7,57.6,5.3,20.5,42.4,35.9,42.9,87.2,29.3,100,0,0.71476984,673.8,24.9,0,1,1,1
2022,44608,HB,11,52_16,Utah,UT,0,36,0,2,1,"Rep. Owens, Doug [D]",0,1,0,0,1,0,0,0,0,,2020,14350,9365,321,24036,0.20739724,-0.4149313,,35.2,25.2,25.3,14.4,88.3,0.7,4.9,11.7,60.3,28.1,97.7,62.3,98.959656,1.0403473,0.0890538,673.8,24.9,0,1,1,1
2022,44608,HB,11,52_16,Utah,UT,0,37,0,2,1,"Rep. Moss, Carol Spackman [D]",0,1,0,0,1,1,0,0,0,-0.936,2020,13037,8288,,21325,0.22269636,-0.098740324,,28.5,28,23.9,19.6,82.1,1.6,10.6,17.9,49.5,28.6,95.3,45.5,99.98484,0.015161853,0.16583748,673.8,24.9,0,1,1,1
2022,44608,HB,11,52_16,Utah,UT,0,38,0,2,1,"Rep. Matthews, Ashlee [D]",0,1,0,0,1,1,0,0,0,,2020,6143,5747,,11890,0.0333053,-0.23977181,,43.2,29.9,21.7,5.2,57.4,4.2,29.8,42.6,55.5,31.3,86.2,16.8,100,0,0.48741668,673.8,24.9,0,1,1,1
2022,44608,HB,11,52_16,Utah,UT,0,39,0,2,1,"Rep. Dunnigan, James \Jim\"" A. [R]""",1,0,0,1,0,0,0,0,0,0.658,2020,7836,7752,,15588,0.005388761,-0.038128745,,37,27.9,23.3,11.9,60.9,1.1,25.1,39.1,53.4,29,87.7,18.8,100,0,0,673.8,24.9,0,1,1,1
2022,44608,HB,11,52_16,Utah,UT,0,40,0,2,1,"Rep. Pitcher, Stephanie [D]",0,1,0,0,1,1,0,0,0,,2020,13261,5841,,19102,0.388441,-0.18642661,,27.8,36.9,19.6,15.7,79.2,1.5,11.3,20.8,44,33.3,95.1,48.5,100,0,0.22474717,673.8,24.9,0,1,1,1
2022,44608,HB,11,52_16,Utah,UT,0,42,0,2,1,"Rep. Teuscher, Jordan D. [R]",1,0,0,1,0,0,0,0,0,,2020,14011,8749,1178,23938,0.21981786,-0.006840068,,43.6,30.9,19.8,5.8,77.7,0.9,13.1,22.3,62.8,27.4,95.8,33.9,99.837006,0.16299388,0.12819485,673.8,24.9,0,1,1,1
2022,44608,HB,11,52_16,Utah,UT,0,43,0,2,1,"Rep. Acton, Cheryl K. [R]",1,0,0,1,0,1,0,0,0,3.037,2020,7988,6443,825,15256,0.10127163,0.07145146,,38.5,29.4,21.9,10.2,68.7,0.7,21.9,31.3,54.6,31.8,91.2,24.7,100,0,0.21332878,673.8,24.9,0,1,1,1
2022,44608,HB,11,52_16,Utah,UT,0,44,0,2,1,"Rep. Stoddard, Andrew [D]",0,1,0,0,1,0,0,0,0,,2020,10346,7498,733,18577,0.15330786,-0.35860685,,33.6,36.5,19.3,10.6,69.5,3.2,18.5,30.5,48.3,32.6,91.7,30.4,100,0,0.6506347,673.8,24.9,0,1,1,1
2022,44608,HB,11,52_16,Utah,UT,0,45,0,2,1,"Rep. Eliason, Steve [R]",1,0,0,1,0,0,0,0,0,0.565,2020,9748,9671,,19419,0.003965189,0.3057072,,32,33.4,20.3,14.3,80.3,0.3,11,19.7,49.7,31.3,93.5,35.5,100,0,0.41060367,673.8,24.9,0,1,1,1
2022,44608,HB,11,52_16,Utah,UT,0,46,0,2,1,"Rep. Bennion, Gay Lynn [D]",0,1,0,0,1,1,0,0,0,,2020,12467,8520,1034,22021,0.179238,-0.24655549,,28.7,24.8,28.2,18.1,86.5,0.5,5.7,13.5,58.3,25.3,97.1,50.3,87.92361,12.076397,0.14986084,673.8,24.9,0,1,1,1
2022,44608,HB,11,52_16,Utah,UT,0,47,0,2,1,"Rep. Ivory, Ken [R]",1,0,0,1,0,0,0,0,0,1.161,2020,,,,,1,0.10524261,,37.3,30.8,22.7,9.4,68.4,1.1,21.7,31.6,52.1,31.1,89.2,24.9,100,0,0.18453279,673.8,24.9,0,1,1,1
2022,44608,HB,11,52_16,Utah,UT,0,48,0,2,1,"Rep. Stratton, Keven J. [R]",1,0,0,1,0,0,0,0,0,1.127,2020,12858,4278,654,17790,0.48229343,0.5483501,,50.8,19.6,17.4,12.2,84.6,0.3,7.7,15.4,51,39,97.9,54.2,98.92054,1.0794569,0.10281719,673.8,24.9,0,1,1,1
2022,44608,HB,11,52_16,Utah,UT,0,50,0,2,1,"Rep. Pulsipher, Susan [R]",1,0,0,1,0,1,0,0,0,0.875,2020,19125,7636,,26761,0.4293188,0.059017967,,37.4,27.6,22.5,12.6,85.1,0.4,7.1,14.9,63.6,23.6,97.6,42.7,97.092064,2.9079356,0.14931451,890.4,3.8,0,1,1,1
2022,44608,HB,11,52_16,Utah,UT,0,51,0,2,1,"Rep. Stenquist, Jeffrey \Jeff\"" D. [R]""",1,0,0,1,0,0,0,0,0,,2020,12773,7385,,20158,0.26728842,0.31191278,,38.7,30.7,22.6,7.9,82.5,2.5,6.7,17.5,58.4,29.7,94.3,46.6,98.427475,1.5725238,0.46480182,890.4,3.8,0,1,1,1
2022,44608,HB,11,52_16,Utah,UT,0,52,0,2,1,"Rep. Pierucci, Candice B. [R]",1,0,0,1,0,1,0,0,0,,2020,21126,9113,,30239,0.3972684,0.18034531,,45.5,33.5,16.4,4.6,82.5,1.2,10.2,17.5,64.1,23.9,96.8,40.2,96.3646,3.6353996,0.120962,890.4,3.8,0,1,1,1
2022,44608,HB,11,52_16,Utah,UT,0,53,0,2,1,"Rep. Birkeland, Kera [R]",1,0,0,1,0,1,0,0,0,,2020,15142,8657,,23799,0.27249044,0.06965203,,38.6,22.9,26.1,12.5,88.7,0.6,8.2,11.3,64.9,24.4,95,41.9,36.86243,63.13757,0.34607282,890.4,3.8,0,1,1,1
2022,44608,HB,11,52_16,Utah,UT,0,54,0,2,1,"Rep. Kohler, Michael \Mike\"" L. [R]""",1,0,0,1,0,0,0,0,0,,2020,14275,11999,,26274,0.08662556,0.16083598,,37,25.2,26.1,11.8,83.2,0.4,12.8,16.8,61.6,26.7,95.6,50.7,40.939156,59.060844,0.38347107,890.4,3.8,0,1,1,1
2022,44608,HB,11,52_16,Utah,UT,0,55,0,2,1,"Rep. Chew, Scott H. [R]",1,0,0,1,0,0,0,0,0,0.725,2020,1,0,,1,1,0.3361634,,41.5,28.1,19.7,10.8,81.9,0.4,8,18.1,53.9,28.1,89,16,59.850147,40.149853,0.5415764,890.4,3.8,0,1,1,1
2022,44608,HB,11,52_16,Utah,UT,0,56,0,2,1,"Rep. Christofferson, Kay J. [R]",1,0,0,1,0,0,0,0,0,1.045,2020,15844,3576,,19420,0.6317199,0.50832874,,45.4,26.8,18.6,9.1,87,0.5,7.3,13,60.1,29.2,94.6,39.5,95.41454,4.5854583,0.2333094,890.4,3.8,0,1,1,1
2022,44608,HB,11,52_16,Utah,UT,0,57,0,2,1,"Rep. Hawkins, Jon [R]",1,0,0,1,0,0,0,0,0,,2020,1,0,,1,1,0.3970874,,44.9,27.2,18.1,10,85.1,0.4,9.2,14.9,60.4,28.7,96.4,41.8,99.929924,0.070077084,0.15732384,890.4,3.8,0,1,1,1
2022,44608,HB,11,52_16,Utah,UT,0,58,0,2,1,"Rep. Lund, Steven J. [R]",1,0,0,1,0,0,0,0,0,,2020,14401,1807,809,17017,0.74008346,0.28268513,,41.3,25.3,20.2,13.1,87.7,0.6,8.3,12.3,56.6,29.8,92.2,20.3,99.97484,0.025160398,0.12290405,890.4,3.8,0,1,1,1
2022,44608,HB,11,52_16,Utah,UT,0,59,0,2,1,"Rep. Peterson, Val L. [R]",1,0,0,1,0,0,0,0,0,1.187,2020,15142,4841,,19983,0.51548815,0.5073228,,47.6,29.7,15.3,7.5,76.7,0.8,15.9,23.3,57.9,32.4,93.8,38.7,100,0,0.12466885,519.5,6.75,0,1,1,1
2022,44608,HB,11,52_16,Utah,UT,0,60,0,2,1,"Rep. Abbott, Nelson T. [R]",1,0,0,1,0,0,0,0,0,,2020,11683,3540,846,16069,0.50675213,0.5054049,,45.9,27.4,15.2,11.6,74.6,0.5,17.7,25.4,54.9,31.7,93.9,40.3,100,0,0.07403142,890.4,3.8,0,1,1,1
2022,44608,HB,11,52_16,Utah,UT,0,61,0,2,1,"Rep. Judkins, Marsha [R]",1,0,0,1,0,1,0,0,0,,2020,11893,3034,,14927,0.59348834,0.19448023,,48.1,28.4,14.6,8.8,71.3,1.3,22.2,28.7,54.2,33.9,91.5,37.4,99.034645,0.96535546,0.3067739,890.4,3.8,0,1,1,1
2022,44608,HB,11,52_16,Utah,UT,0,62,0,2,1,"Rep. Seegmiller, Travis M. [R]",1,0,0,1,0,0,0,0,0,,2020,1,0,,1,1,0.6583817,,37.6,27,17.6,17.7,82.7,0.7,10.2,17.3,60.1,25.3,94.8,32.1,95.47008,4.529924,0.057918783,890.4,3.8,0,1,1,1
2022,44608,HB,11,52_16,Utah,UT,0,63,0,2,1,"Rep. Robertson, Adam [R]",1,0,0,1,0,0,0,0,0,,2020,4731,2443,588,7762,0.29476938,0.33170924,,75,17.8,4.5,2.7,79.6,0.4,9.3,20.4,29.3,68.5,95.5,49.5,100,0,0.17572762,890.4,3.8,0,1,1,1
2022,44608,HB,11,52_16,Utah,UT,0,64,0,2,1,"Rep. Thurston, Norman \Norm\"" K. [R]""",0,1,0,1,0,0,0,0,0,1.133,2020,1,0,,1,1,0.11214941,,50.1,33.1,11.9,4.9,65.6,1.4,25.4,34.4,57.4,32,91.7,36.3,92.17242,7.827586,0.33791938,890.4,3.8,0,1,1,1
2022,44608,HB,11,52_16,Utah,UT,0,65,0,2,1,"Rep. Whyte, Stephen L. [R]",1,0,0,1,0,0,0,0,0,,2020,1,0,,1,1,0.38786224,,48.3,24.8,17.4,9.6,84.5,0.2,11.9,15.5,64.7,26.3,94.4,40.6,97.08868,2.911321,0,890.4,3.8,0,1,1,1
2022,44608,HB,11,52_16,Utah,UT,0,66,0,2,1,"Rep. Burton, Jefferson S. [R]",1,0,0,1,0,0,0,0,0,,2020,1,0,,1,1,0.48927423,,46.5,25.6,18.6,9.3,86.9,0.5,8.9,13.1,63.7,27.2,95.2,35.8,95.14572,4.8542805,0,675,7.2,0,1,1,1
2022,44608,HB,11,52_16,Utah,UT,0,68,0,2,1,"Rep. Nelson, Merrill F. [R]",1,0,0,1,0,0,0,0,0,0.569,2020,16036,3334,1920,21290,0.5966181,0.10328561,,41.9,25.3,21.5,11.3,84.2,0.4,11.6,15.8,61.9,24.7,91.3,25,42.888477,57.111523,0.10251557,547.5,46.15,0,1,1,1
2022,44608,HB,11,52_16,Utah,UT,0,69,0,2,1,"Rep. Watkins, Christine F. [R]",1,0,0,1,0,1,0,0,0,-0.116,2020,1,0,,1,1,0.11390367,,35.8,25.6,23,15.4,82.8,0.6,12.1,17.2,57.3,22.1,91.2,17.4,39.58885,60.41115,0.051580574,644.88336,28.666666,0,1,1,1
2022,44608,HB,11,52_16,Utah,UT,0,70,0,2,1,"Rep. Albrecht, Carl R. [R]",1,0,0,1,0,0,0,0,0,0.723,2020,14488,3212,,17700,0.63706213,0.3862658,,35.6,26.1,21.2,17.1,89.3,0.5,6.6,10.7,62,20.7,92.2,21.5,37.507824,62.492176,0.05265137,595.025,13.675,0,1,1,1
2022,44608,HB,11,52_16,Utah,UT,0,71,0,2,1,"Rep. Last, Bradley \Brad\"" G. [R]""",1,0,0,1,0,0,0,0,0,0.752,2020,1,0,,1,1,0.29718348,,37.9,23.8,22.1,16.3,88.8,0.8,6.8,11.2,58.7,25.8,92.6,21.7,80.349594,19.650406,0.09804661,541.5,24.6,0,1,1,1
2022,44608,HB,11,52_16,Utah,UT,0,72,0,2,1,"Rep. Shipp, Rex P. [R]",1,0,0,1,0,0,0,0,0,,2020,13858,3149,1374,18381,0.58261245,0.35984525,,44,24.9,18.3,12.9,84.2,0.8,9.8,15.8,54,32.7,93,29.9,75.14777,24.852224,0.19882236,740.6,19.3,0,1,1,1
2022,44608,HB,11,52_16,Utah,UT,0,73,0,2,1,"Rep. Lyman, Phil [R]",1,0,0,1,0,0,0,0,0,,2020,1,0,,1,1,0.014203158,,34.8,23.3,23.1,18.8,71.6,0.1,5.8,28.4,53.1,28.7,89.7,24,21.334297,78.6657,0.059620135,740.6,19.3,0,1,1,1
2022,44608,HB,11,52_16,Utah,UT,0,74,0,2,1,"Rep. Snow, V. Lowry [R]",1,0,0,1,0,0,0,0,0,0.566,2020,18196,6607,,24803,0.46724185,0.30149826,,29.9,19.5,22.8,27.7,83.7,0.3,11.7,16.3,63.5,19.8,94.3,34.2,78.328545,21.671452,0.24577971,740.6,19.3,0,1,1,1
2022,44608,HB,11,52_16,Utah,UT,0,75,0,2,1,"Rep. Brooks, Walt [R]",1,0,0,1,0,0,0,0,0,0.894,2020,13984,4310,,18294,0.5288073,0.150757,,35.4,22.6,18.8,23.1,82.1,0.6,13.3,17.9,58.2,24.5,93.7,26.7,84.59528,15.404716,0.08106116,740.6,19.3,0,1,1,1
2022,44624,HB,11,16_13,Utah,UT,1,1,0,4,1,"Sen. Escamilla, Luz [D]",0,1,0,0,1,1,0,1,0,-1.655,2020,17764,9681,,27445,0.2945163,-0.23284736,,41.9,30.3,19.6,8,39,2.8,45.2,61,44.9,37,80,17.2,99.73739,0.26261282,0.5572711,810.9667,14.866667,0,1,1,1
2022,44624,HB,11,16_13,Utah,UT,1,2,0,4,1,"Sen. Kitchen, Derek Lloyd [D]",0,1,1,0,1,0,0,0,0,,2018,32930,10030,1,42961,0.5330416,-0.2347082,,31.1,37.4,19.2,12.4,71.1,2.1,15.8,28.9,37.6,47.5,93.1,54.8,99.21236,0.78764445,0.81302637,961.2,13,0,1,1,1
2022,44624,HB,11,16_13,Utah,UT,1,3,0,4,1,"Sen. Davis, Gene [D]",0,1,0,0,1,0,0,0,0,-0.788,2018,22362,9566,,31928,0.40077674,0.06604376,,31.6,36.7,19.8,11.7,63.1,4,20.8,36.9,39.4,39.6,88.9,33.8,100,0,0.4254893,673,20.3,0,1,1,1
2022,44624,HB,11,16_13,Utah,UT,1,4,0,4,1,"Sen. Iwamoto, Jani [D]",0,1,0,0,1,1,0,0,1,-1.277,2018,34651,17000,,51651,0.34173587,0.21925367,,33.3,28.5,23.3,15,86,1.3,6,14,55.5,29.6,97.1,60.6,100,0,0.39776596,702.75,32.05,0,1,1,1
2022,44624,HB,11,16_13,Utah,UT,1,5,0,4,1,"Sen. Mayne, Karen [D]",0,1,0,0,1,1,0,0,0,-0.694,2018,17129,7814,,24943,0.37345147,-0.0585058,,39.4,29.8,21,10,51.9,2.7,33.7,48.1,50.3,33.6,84.5,15.8,100,0,0.20418221,760.1,23.766666,0,1,1,1
2022,44624,HB,11,16_13,Utah,UT,1,6,0,4,1,"Sen. Harper, Wayne A. [R]",1,0,0,1,0,0,0,0,0,0.975,2020,23525,18774,,42299,0.11231944,0.09599781,,35.3,29,23.8,11.9,67.4,1.1,21.1,32.6,54.3,29.8,89.7,24.3,99.87961,0.12038926,0.13875124,761.4,19.4,0,1,1,1
2022,44624,HB,11,16_13,Utah,UT,1,7,0,4,1,"Sen. McKell, Mike K. [R]",0,1,0,1,0,0,0,0,0,0.933,2020,39515,11351,,50866,0.5536901,-0.2970129,,48,28.3,15.7,7.9,81.4,0.7,13.6,18.6,62.4,27.7,94,33.6,96.837524,3.1624768,0.15792906,761.4,19.4,0,1,1,1
2022,44624,HB,11,16_13,Utah,UT,1,8,0,4,1,"Sen. Riebe, Kathleen A. [D]",0,1,0,0,1,1,0,0,0,,2020,28811,22078,,50889,0.13230757,0.1601288,,31.3,32.1,22.2,14,76.3,1.7,13.7,23.7,50.1,30.2,93.6,40.1,95.43739,4.5626097,0.31477928,717.6,22.15,0,1,1,1
2022,44624,HB,11,16_13,Utah,UT,1,9,0,4,1,"Sen. Cullimore Jr., Kirk A. [R]",1,0,0,1,0,0,0,0,0,,2018,24410,12639,381,37430,0.31448036,0.2026671,,33.6,26.7,24.6,15,82.6,0.8,8.9,17.4,59.3,26.5,96.2,44,98.51833,1.4816633,0.3077411,673.8,24.9,0,1,1,1
2022,44624,HB,11,16_13,Utah,UT,1,10,0,4,1,"Sen. Fillmore, Lincoln [R]",0,1,0,1,0,0,0,0,0,1.126,2020,44126,23586,,67712,0.30334356,0.24775565,,41.5,30.4,19.8,8.3,81.3,1,10.5,18.7,62.2,25.7,96.6,38.5,97.08471,2.9152944,0.1886225,673.8,24.9,0,1,1,1
2022,44624,HB,11,16_13,Utah,UT,1,11,0,4,1,"Sen. McCay, Daniel \Dan\"" [R]""",1,0,0,1,0,0,0,0,0,1.499,2018,27995,13327,,41322,0.3549683,0.5433554,,41.6,30.8,20.3,7.3,84.8,1.3,7.8,15.2,61.8,27,95.3,42.5,97.688446,2.3115525,0.22451136,692.3,20.1,0,1,1,1
2022,44624,HB,11,16_13,Utah,UT,1,12,0,4,1,"Sen. Thatcher, Daniel W. [R]",0,1,0,1,0,0,0,0,0,0.898,2018,13835,12400,1225,27460,0.05225783,0.17337345,,40.7,30.7,21.4,7.3,68.4,1.4,23.4,31.6,53.5,31.3,88.8,15.7,99.15217,0.84782827,0.31792778,673.8,24.9,0,1,1,1
2022,44624,HB,11,16_13,Utah,UT,1,13,0,4,1,"Sen. Anderegg, Jacob \Jake\"" L. [R]""",1,0,0,1,0,0,0,0,0,1.382,2020,1,0,,1,1,0.5628938,,51,31,13.5,4.5,86.4,0.3,8.4,13.6,68.6,24.2,97.7,43.1,90.01158,9.988419,0.2568387,673.8,24.9,0,1,1,1
2022,44624,HB,11,16_13,Utah,UT,1,14,0,4,1,"Sen. Kennedy, Michael \Mike\"" S. [R]""",0,1,0,1,0,0,0,0,0,1.041,2020,1,0,,1,1,0.8399017,,46.1,23.4,20.4,10.1,88.9,0.6,5.9,11.1,62.7,28.1,96.3,47.1,99.65875,0.3412479,0.16498625,673.8,24.9,0,1,1,1
2022,44624,HB,11,16_13,Utah,UT,1,15,0,4,1,"Sen. Grover, Keith [R]",1,0,0,1,0,0,0,0,0,1.102,2018,20010,3425,2738,26173,0.6336683,0.59336394,,47.2,29,15,8.9,73.9,0.8,18.7,26.1,53.7,34.2,93.2,38,99.8765,0.12349375,0.11487998,673.8,24.9,0,1,1,1
2022,44624,HB,11,16_13,Utah,UT,1,16,0,4,1,"Sen. Bramble, Curtis \Curt\"" S. [R]""",1,0,0,1,0,0,0,0,0,0.903,2020,1,0,,1,1,0.4260962,,59.4,22.8,10.7,7.2,78.3,0.6,12.1,21.7,43.2,50.3,95.4,46.9,98.26788,1.7321157,0.2036509,673.8,24.9,0,1,1,1
2022,44624,HB,11,16_13,Utah,UT,1,17,0,4,1,"Sen. Sandall, Scott D. [R]",1,0,0,1,0,0,0,0,0,0.809,2018,28471,8110,,36581,0.5566004,0.576428,,42.4,26.6,20.2,10.8,85.6,0.4,10.4,14.4,62.3,25.2,92.6,27.8,72.05293,27.947067,0.25096464,673.8,24.9,0,1,1,1
2022,44624,HB,11,16_13,Utah,UT,1,18,0,4,1,"Sen. Millner, Ann [R]",0,1,0,1,0,1,0,0,0,0.576,2018,20278,9489,2095,31862,0.33861652,0.083812535,,37.9,28.4,21,12.6,75.3,1.6,17.7,24.7,52.9,29.2,91.2,29.9,99.75707,0.24292846,0.24923924,782.1,14.35,0,1,1,1
2022,44624,HB,11,16_13,Utah,UT,1,19,0,4,1,"Sen. Johnson, John D. [R]",1,0,0,1,0,0,0,0,0,,2020,27728,20857,,48585,0.14142226,0.39159217,,37.2,28.4,22.6,11.7,75.1,0.7,19.7,24.9,54.3,28.9,91.2,28.6,66.49889,33.501102,0.38238168,673.8,24.9,0,1,1,1
2022,44624,HB,11,16_13,Utah,UT,1,20,0,4,1,"Sen. Buxton, Gregg D. [R]",1,0,0,1,0,0,0,0,0,,2020,1,0,,1,1,-0.014314256,,40.4,28.7,21,10,81.6,0.6,13.4,18.4,56.3,28.2,94.4,22.5,93.70485,6.29515,0.097995825,529.04,26.45,0,1,1,1
2022,44624,HB,11,16_13,Utah,UT,1,21,0,4,1,"Sen. Stevenson, Jerry W. [R]",1,0,0,1,0,0,0,0,0,0.803,2018,23889,9435,,33324,0.43374145,0.41700417,,44.6,29.1,19.4,6.8,81.3,1.8,10.9,18.7,58.2,29.6,94.6,30.8,98.957565,1.042438,0.16016914,890.4,3.8,0,1,1,1
2022,44624,HB,11,16_13,Utah,UT,1,22,0,4,1,"Sen. Adams, J. Stuart [R]",1,0,0,1,0,0,0,0,0,0.905,2018,1,0,,1,1,0.51218694,,40.7,26.9,21.1,11.3,84.8,1,8.8,15.2,61.5,25.7,96.9,44.1,99.15854,0.8414625,0.12151804,782.1,14.35,0,1,1,1
2022,44624,HB,11,16_13,Utah,UT,1,23,0,4,1,"Sen. Weiler, Todd D. [R]",0,1,0,1,0,0,0,0,0,0.707,2020,40575,2656,,43231,0.8771252,0.37301967,,36.7,31.2,19.1,13,80.7,0.7,12.2,19.3,59,27.5,94.4,41.4,99.381775,0.6182227,0.3073526,890.4,3.8,0,1,1,1
2022,44624,HB,11,16_13,Utah,UT,1,24,0,4,1,"Sen. Owens, Derrin R. [R]",1,0,0,1,0,0,0,0,0,0.847,2020,41010,4441,,45451,0.80458075,0.2495292,,38.5,24.7,21.1,15.8,87.8,0.5,8.3,12.2,58.9,25.6,91.4,21.5,48.85526,51.14474,0.06640526,714.65,4.15,0,1,1,1
2022,44624,HB,11,16_13,Utah,UT,1,25,0,4,1,"Sen. Wilson, Chris H. [R]",1,0,0,1,0,0,0,0,0,,2020,32677,13075,,45752,0.42844027,0.3757743,,49.6,25.4,15.8,9.3,83.3,0.8,10.5,16.7,55.7,34.6,93.7,39,79.38821,20.611792,0.18830067,890.4,3.8,0,1,1,1
2022,44624,HB,11,16_13,Utah,UT,1,26,0,4,1,"Sen. Winterton, Ronald M. [R]",1,0,0,1,0,0,0,0,0,,2018,24727,13758,943,39428,0.2782033,0.1809519,,38.8,26.6,23.1,11.3,82.8,0.4,10.7,17.2,59,26.6,92.1,34.5,49.30595,50.69405,0.3210592,591.3,30.233334,0,1,1,1
2022,44624,HB,11,16_13,Utah,UT,1,27,0,4,1,"Sen. Hinkins, David P. [R]",1,0,0,1,0,0,0,0,0,0.804,2020,1,0,,1,1,0.26087093,,40.3,24.9,20.9,13.9,77.6,0.4,11.4,22.4,58.6,25.8,92.2,27.3,60.560722,39.439278,0.022239873,723.66,14.822222,0,1,1,1
2022,44624,HB,11,16_13,Utah,UT,1,28,0,4,1,"Sen. Vickers, Evan J. [R]",0,1,0,1,0,0,0,0,0,0.65,2018,28236,7442,,35678,0.5828242,0.41552797,,40.4,24.7,19.5,15.4,86,0.6,8.8,14,58.9,27.5,93.2,27.8,47.262474,52.737526,0.11170624,642.5333,18.133333,0,1,1,1
2022,44624,HB,11,16_13,Utah,UT,1,29,0,4,1,"Sen. Ipson, Don L. [R]",1,0,0,1,0,0,0,0,0,0.728,2020,45543,13581,,59124,0.5405927,0.46044,,33.7,22.7,20.3,23.2,82.7,0.6,11.8,17.3,59.6,23.3,94.1,30.1,83.74223,16.257765,0.15177684,740.6,19.3,0,1,1,1
2023,44973,HB,1387,51-47,Virginia,VA,0,1,0,2,1,"Del. Kilgore, Terry G. [R]",1,0,0,1,0,0,0,0,0,0.699,2021,21910,,,21910,1,0.20851909,30.6,26.8,24.8,28.6,19.7,93.6,3.4,1.3,6.4,49.6,25.6,77.6,14.3,16.61706,83.38294,0.51456827,348,56.7,0,0,0,0
2023,44973,HB,1387,51-47,Virginia,VA,0,2,0,2,1,"Del. Mundon King, Candi [D]",0,1,0,0,1,1,1,0,0,,2021,15310,11393,,26703,0.14668764,-0.1810142,37.7,38.6,28.9,25.2,7.4,42.8,26.6,18.8,57.2,52.5,32.8,90,40.5,25.27613,74.72387,0.1470318,348,56.7,0,0,0,0
2023,44973,HB,1387,51-47,Virginia,VA,0,3,0,2,1,"Del. Morefield, James \Will\"" W. [R]""",1,0,0,1,0,0,0,0,0,0.596,2021,21193,,,21193,1,0.6388259,28.7,25.8,23.3,30.4,20.6,94.7,2.8,0.8,5.3,51.9,22.9,78.4,13.8,22.345346,77.654655,0.02649533,373.1,62.15,0,0,0,0
2023,44973,HB,1387,51-47,Virginia,VA,0,4,0,2,1,"Del. Wampler III, William C. [R]",1,0,0,1,0,0,0,0,0,0.513,2021,22965,,,22965,1,0.4832267,29.3,26.1,24.3,29.5,20.1,95.2,2.2,1.3,4.8,50.4,24.2,79.9,16.3,45.813446,54.186554,0.1159607,439.05,98.15,0,0,0,0
2023,44973,HB,1387,51-47,Virginia,VA,0,5,0,2,1,"Del. O'Quinn, Israel D. [R]",1,0,0,1,0,0,0,0,0,0.793,2021,24601,,,24601,1,-0.14834489,28.2,27.4,22.8,27.9,21.8,91.2,3.6,2.9,8.8,52.9,22.7,82.9,18.2,18.918842,81.08116,0.14432673,398.2,67.6,0,0,0,0
2023,44973,HB,1387,51-47,Virginia,VA,0,6,0,2,1,"Del. Campbell, Jeffrey L. [R]",1,0,0,1,0,0,0,0,0,0.686,2021,25454,,,25454,1,0.053849734,27.3,26.5,22.2,29.8,21.5,93.9,2.1,2.2,6.1,53.8,22.1,82.9,15.2,49.394535,50.605465,0.14110862,479.9,128.7,0,0,0,0
2023,44973,HB,1387,51-47,Virginia,VA,0,7,0,2,1,"Del. March, Marie E. [R]",1,0,0,1,0,1,0,0,0,,2021,21098,10914,,32012,0.3181307,0.21516232,28.9,30.9,23.3,27.2,18.5,89.8,4.2,2.5,10.2,50.4,29.5,88.1,25.2,66.10393,33.896072,0.19096725,479.9,128.7,0,0,0,0
2023,44973,HB,1387,51-47,Virginia,VA,0,8,0,2,1,"Del. McNamara, Joseph P. [R]",1,0,0,1,0,0,0,0,0,,2021,25030,10090,,35120,0.42539865,0.18207929,29.6,29,23.4,29,18.6,89.8,4,2.2,10.2,52.4,26.5,90.9,34,83.78875,16.211252,0.18640487,479.9,128.7,0,0,0,0
2023,44973,HB,1387,51-47,Virginia,VA,0,9,0,2,1,"Del. Williams, Wren M. [R]",1,0,0,1,0,0,0,0,0,,2021,23926,7210,,31136,0.5368705,0.35204476,25.2,26.8,19.7,30.4,23,85.3,9.6,2.9,14.7,54.9,21.9,82.4,16.6,6.6583004,93.3417,0.120751075,479.9,128.7,0,0,0,0
2023,44973,HB,1387,51-47,Virginia,VA,0,10,0,2,1,"Del. Gooditis, Gwendolyn \Wendy\"" W. [D]""",0,1,0,0,1,1,0,0,0,-0.937,2021,21229,20408,,41637,0.01971804,-0.10746745,33.5,36.1,28.1,25.8,10.1,65.5,7.3,12.7,34.5,60.3,26.1,92.1,53.7,18.956934,81.04307,0.30472764,479.9,128.7,0,0,0,0
2023,44973,HB,1387,51-47,Virginia,VA,0,11,0,2,1,"Del. Rasoul, Sam [D]",0,1,0,0,1,0,1,0,0,-0.969,2021,14532,7963,,22495,0.29202044,-0.18860951,34.4,30.3,28.2,26.6,14.9,54.8,32,6.3,45.2,35.8,37.7,83.9,22.9,100,0,0.575799,711,165.9,0,0,0,0
2023,44973,HB,1387,51-47,Virginia,VA,0,12,0,2,1,"Del. Ballard, Jason S. [R]",1,0,0,1,0,0,0,0,0,,2021,13871,11224,,25095,0.10547918,-0.06326392,45.9,47.5,21.6,18.9,12,82.8,4.9,3,17.2,33.9,51.9,91.8,45.6,61.596573,38.403427,0.35175046,479.9,128.7,0,0,0,0
2023,44973,HB,1387,51-47,Virginia,VA,0,13,0,2,1,"Del. Roem, Danica A. [D]",0,1,1,0,1,1,0,0,0,-1.238,2021,15604,13125,,28729,0.086289115,-0.23625095,37.7,35.7,32,22.4,9.7,44.4,13,28,55.6,52.9,30.6,85.7,38.3,87.87735,12.122653,0.21915556,727.15,190,0,0,0,0
2023,44973,HB,1387,51-47,Virginia,VA,0,14,0,2,1,"Del. Marshall III, Daniel \Danny\"" W. [R]""",1,0,0,1,0,0,0,0,0,0.641,2021,17750,9286,,27036,0.31306407,-0.08268842,27.9,28.9,22.4,28.1,20.5,56.3,35.4,4.3,43.7,45.2,29.6,82,16.2,73.46902,26.530985,0.2940294,479.9,128.7,0,0,0,0
2023,44973,HB,1387,51-47,Virginia,VA,0,15,0,2,1,"Del. Gilbert, C. Todd \Todd\"" [R]""",1,0,0,1,0,0,0,0,0,1.288,2021,26613,7601,,34214,0.55567896,0.1442656,27.4,27.8,22,29.2,20.9,90.7,1.7,5,9.3,52.5,24.9,84.2,17.6,23.442795,76.557205,0.17651977,479.9,128.7,0,0,0,0
2023,44973,HB,1387,51-47,Virginia,VA,0,16,0,2,1,"Del. Adams, Les R. [R]",1,0,0,1,0,0,0,0,0,1.092,2021,19412,8303,,27715,0.40082988,0.26756328,26.7,27.4,21.2,29.7,21.5,66.6,26.6,3.9,33.4,49.5,27.3,81.4,15.3,36.75161,63.24839,0.027640428,479.9,128.7,0,0,0,0
2023,44973,HB,1387,51-47,Virginia,VA,0,17,0,2,1,"Del. Head, Chris T. [R]",1,0,0,1,0,0,0,0,0,0.865,2021,26102,,,26102,1,0.1767647,30.7,28.2,24.8,26.6,20.4,83,7.8,3.8,17,53,25.5,92.3,30.8,91.963844,8.036156,0.53659093,479.9,128.7,0,0,0,0
2023,44973,HB,1387,51-47,Virginia,VA,0,18,0,2,1,"Del. Webert, Michael J. [R]",1,0,0,1,0,0,0,0,0,1.116,2021,25737,13249,,38986,0.32032013,0.12065119,28.6,31.5,22.9,29.7,16,82.1,6.2,6.7,17.9,55.6,26.2,90.5,33.5,46.73038,53.26962,0.23712511,479.9,128.7,0,0,0,0
2023,44973,HB,1387,51-47,Virginia,VA,0,19,0,2,1,"Del. Austin, Terry Lee [R]",1,0,0,1,0,0,0,0,0,0.556,2021,27515,6918,640,35073,0.58726084,0.526687,26.2,27,20.9,30.7,21.5,90.1,6.4,1.5,9.9,55.7,23.4,88.2,21,28.660616,71.339386,0.10822845,445.1,128.8,0,0,0,0
2023,44973,HB,1387,51-47,Virginia,VA,0,20,0,2,1,"Del. Avoli, G. \John\"" [R]""",1,0,0,1,0,0,0,0,0,,2021,21978,12491,,34469,0.27523282,0.08454034,29.3,27.8,23.9,26.9,21.6,84.4,8.3,4,15.6,52,26,88.6,29.7,57.987946,42.012054,0.21495381,461.16666,83.333336,0,0,0,0
2023,44973,HB,1387,51-47,Virginia,VA,0,21,0,2,1,"Del. Convirs-Fowler, Kelly K. [D]",0,1,1,0,1,1,0,1,1,-1.105,2021,15162,14818,,29980,0.011474316,0.14702746,36.9,32.5,30.8,25,11.7,51.5,21.3,9.2,48.5,54.8,28.3,93.8,33.6,100,0,0.24580231,410.3,128.9,0,0,0,0
2023,44973,HB,1387,51-47,Virginia,VA,0,22,0,2,1,"Del. Byron, Kathy J. [R]",1,0,0,1,0,1,0,0,0,1.013,2021,23922,8415,537,32874,0.47171018,0.3569622,31.1,31.7,22.8,26.9,18.5,72.6,20.3,3.4,27.4,49.7,29.1,89.5,26.8,31.296412,68.70359,0.36838067,410.3,128.9,0,0,0,0
2023,44973,HB,1387,51-47,Virginia,VA,0,23,0,2,1,"Del. Walker, Wendell Scott [R]",1,0,0,1,0,0,0,0,0,,2021,22045,11007,,33052,0.33395863,0.25497583,35.3,39.9,21.2,22.6,16.3,74.9,15.8,3.6,25.1,43.9,40.4,90.6,38.2,91.57108,8.428918,0.3181684,358.3,151.1,0,0,0,0
2023,44973,HB,1387,51-47,Virginia,VA,0,24,0,2,1,"Del. Campbell, Ellen H. [R]",1,0,0,1,0,1,0,0,0,,2021,24445,8934,,33379,0.46469337,0.082645565,29.2,30.1,20.7,28.3,21,86.4,7.6,2.6,13.6,48.8,29.5,85.9,21.6,34.240685,65.759315,0.16301817,410.3,128.9,0,0,0,0
2023,44973,HB,1387,51-47,Virginia,VA,0,25,0,2,1,"Del. Runion, Chris S. [R]",1,0,0,1,0,0,0,0,0,,2021,25674,15553,,41227,0.24549446,0.05579741,28,29.5,21.9,28.8,19.6,90.3,3.4,3.7,9.7,58.8,23.6,89.7,39.8,53.671597,46.328403,0.25192013,410.3,128.9,0,0,0,0
2023,44973,HB,1387,51-47,Virginia,VA,0,26,0,2,1,"Del. Wilt, Tony O. [R]",1,0,0,1,0,0,0,0,0,0.834,2021,15062,10321,,25383,0.18677856,-0.1808911,38.2,43.2,24.8,20.3,11.7,74.7,4.5,15.4,25.3,38.9,46.4,83.3,30.9,70.494804,29.505194,0.28977695,287.2,47.9,0,0,0,0
2023,44973,HB,1387,51-47,Virginia,VA,0,27,0,2,1,"Del. Robinson, Roxann L. [R]",1,0,0,1,0,1,0,0,0,0.703,2021,19047,17714,,36761,0.036261257,0.09726586,33.5,31.3,28.1,26.2,14.5,64.7,21.9,6.4,35.3,54.1,28,93.3,40.4,99.329056,0.6709408,0.2531402,287.2,47.9,0,0,0,0
2023,44973,HB,1387,51-47,Virginia,VA,0,28,0,2,1,"Del. Durant, Tara A. [R]",1,0,0,1,0,1,0,0,0,,2021,16378,15731,,32109,0.020150114,0.1413121,36.1,35.7,28.3,25.3,10.8,61.2,18.4,12.4,38.8,52.1,31.5,92.9,37.7,86.195335,13.8046665,0.2991061,287.2,47.9,0,0,0,0
2023,44973,HB,1387,51-47,Virginia,VA,0,29,0,2,1,"Del. Wiley, William \Bill\"" D. [R]""",1,0,0,1,0,0,0,0,0,,2021,22843,11458,,34301,0.3319145,0.004595346,29.2,30.8,23,28.2,18.1,80.2,5.7,9.4,19.8,50.8,28.4,87.6,29.3,66.4799,33.520103,0.43149272,287.2,47.9,0,0,0,0
2023,44973,HB,1387,51-47,Virginia,VA,0,30,0,2,1,"Del. Freitas, Nicholas J. [R]",1,0,0,1,0,0,0,0,0,1.527,2021,23537,12392,,35929,0.31019512,0.140151,29.8,31.1,24.2,26.8,17.8,74.3,13.2,7.4,25.7,52.3,28.5,86.4,24.1,36.587696,63.412304,0.1716099,345.25,107.75,0,0,0,0
2023,44973,HB,1387,51-47,Virginia,VA,0,31,0,2,1,"Del. Guzman, Elizabeth R. [D]",0,1,0,0,1,1,0,1,0,-1.22,2021,18384,16888,,35272,0.042413246,0.09644273,31,34.1,25.9,29.4,10.6,53.7,18.5,16.6,46.3,58.4,28.6,91,40.1,84.46528,15.534722,0.21060549,366.7,132.13333,0,0,0,0
2023,44973,HB,1387,51-47,Virginia,VA,0,32,0,2,1,"Del. Reid, David A. [D]",0,1,0,0,1,0,0,0,0,-0.944,2021,23839,16385,886,41110,0.18131842,-0.28307098,35,35.1,30.1,25.2,9.6,57.3,7.5,11.9,42.7,59.9,27.1,96.1,65.8,99.99504,0.004958965,0.16038987,547.45,172.4,0,0,0,0
2023,44973,HB,1387,51-47,Virginia,VA,0,33,0,2,1,"Del. LaRock, Dave A. [R]",1,0,0,1,0,0,0,0,0,1.018,2021,25188,18049,,43237,0.16511321,0.07977327,28,34.8,23,30.3,12,81.5,4.7,8.5,18.5,60.5,25.2,91.5,45.8,61.2162,38.7838,0.12416524,397.5,181.825,0,0,0,0
2023,44973,HB,1387,51-47,Virginia,VA,0,34,0,2,1,"Del. Murphy, Kathleen Johnson [D]",0,1,0,0,1,1,0,0,0,-0.967,2021,23093,17327,,40420,0.14265215,-0.16271299,24.2,32.1,19.3,31.3,17.3,68.1,3.4,6.9,31.9,64.9,24.2,96.8,76.2,96.11259,3.8874133,0.36451554,520.95,312.85,0,0,0,0
2023,44973,HB,1387,51-47,Virginia,VA,0,35,0,2,1,"Del. Seibold, Holly M. [D]",0,1,0,0,1,1,0,0,0,,2021,7321,3555,,10876,0.346267,0.16512145,37,31.1,30.9,26.1,11.9,57,5.2,10.1,43,55.4,31.4,96,72.5,100,0,0.28427854,436.9,251.325,0,0,0,0
2023,44973,HB,1387,51-47,Virginia,VA,0,36,0,2,1,"Del. Plum, Kenneth R. [D]",0,1,0,0,1,0,0,0,0,-1.264,2021,26189,10287,,36476,0.43595788,-0.23222901,35.9,29.5,30.2,27.1,13.2,59.4,9.5,10.5,40.6,54.7,30.2,96.1,70.7,100,0,0.57457435,497.4,221.35,0,0,0,0
2023,44973,HB,1387,51-47,Virginia,VA,0,37,0,2,1,"Del. Bulova, David L. [D]",0,1,0,0,1,0,0,0,0,-0.78,2021,18750,9291,,28041,0.33732748,-0.22594675,40,35.2,30.6,24.1,10,47.4,7.3,14.2,52.6,50,37.8,93.2,60.3,100,0,0.13341759,601.82855,319.04285,0,0,0,0
2023,44973,HB,1387,51-47,Virginia,VA,0,38,0,2,1,"Del. Kory, L. Kaye \Kaye\"" [D]""",0,1,0,0,1,1,0,0,0,-1.317,2021,16853,7544,,24397,0.3815633,0.19171754,36.3,32.2,29.7,25.3,13,35.8,8.6,33.5,64.2,48.2,37,82.3,44.7,100,0,0.49023306,692.2,350.3,0,0,0,0
2023,44973,HB,1387,51-47,Virginia,VA,0,39,0,2,1,"Del. Watts, Vivian E. [D]",0,1,0,0,1,1,0,0,0,-0.852,2021,20712,10382,,31094,0.33221844,-0.13597773,32.1,30.8,26.3,27.2,15.8,45.7,11.7,18.6,54.3,53.9,31.9,88.8,51.3,100,0,0.062064182,450.75,298.1,0,0,0,0
2023,44973,HB,1387,51-47,Virginia,VA,0,40,0,2,1,"Del. Helmer, Dan I. [D]",0,1,0,0,1,0,0,0,0,,2021,20201,18133,,38334,0.053946886,0.32257822,29.9,33.4,24.3,30.8,11.6,58.7,7,9.8,41.3,61.6,28.2,95,62.1,91.6717,8.328304,0.14463729,617.36664,327.46667,0,0,0,0
2023,44973,HB,1387,51-47,Virginia,VA,0,41,0,2,1,"Del. Filler-Corn, Eileen [D]",0,1,0,0,1,1,0,0,0,-0.934,2021,23201,12346,,35547,0.30537036,-0.17632708,30.5,32.6,23.9,28.9,14.5,57.1,6.4,13.3,42.9,57.6,29.2,95,63.5,99.360565,0.6394331,0.15931062,373.15,200.8,0,0,0,0
2023,44973,HB,1387,51-47,Virginia,VA,0,42,0,2,1,"Del. Tran, Kathy K.L. [D]",0,1,0,0,1,1,0,0,1,-0.998,2021,21374,14186,,35560,0.20213723,-0.1735821,28.6,33.6,23.9,29.5,13.1,60.9,10,10.6,39.1,63.2,25.7,96,64.2,93.996925,6.0030766,0.1053358,422.125,235.675,0,0,0,0
2023,44973,HB,1387,51-47,Virginia,VA,0,43,0,2,1,"Del. Sickles, Mark D. [D]",0,1,1,0,1,0,0,0,0,-0.893,2021,22447,9502,,31949,0.405177,-0.054465216,37.9,29.5,32.3,27,10.9,48.3,18.9,16.1,51.7,53.6,31.6,92.9,56.7,100,0,0.6701757,300.82,214.64,0,0,0,0
2023,44973,HB,1387,51-47,Virginia,VA,0,44,0,2,1,"Del. Krizek, Paul E. [D]",0,1,0,0,1,0,0,0,0,-1.055,2021,18262,8661,,26923,0.35660958,-0.3020734,34,36,28.1,24.6,11.2,42.4,17.6,28.8,57.6,54.4,31.5,84.4,45.3,100,0,0.1487066,690.9667,496.73334,0,0,0,0
2023,44973,HB,1387,51-47,Virginia,VA,0,45,0,2,1,"Del. Bennett-Parker, Elizabeth B. [D]",0,1,0,0,1,1,0,0,0,,2021,31310,11069,,42379,0.47761863,-0.51524514,45.3,21.2,41.6,25.5,11.8,68.9,10.2,13.3,31.1,47.9,37.8,94.1,75.2,100,0,0.8472614,394.04,300.62,0,0,0,0
2023,44973,HB,1387,51-47,Virginia,VA,0,46,0,2,1,"Del. Herring, Charniele L. [D]",0,1,0,0,1,1,1,0,0,-1.192,2021,20445,,,20445,1,-0.5609287,46.8,26,41,23.1,9.8,39.4,29,18.8,60.6,39.7,41.1,91.6,52.4,100,0,0.71645224,311.22,186.6,0,0,0,0
2023,44973,HB,1387,51-47,Virginia,VA,0,47,0,2,1,"Del. Hope, Patrick A. [D]",0,1,0,0,1,0,0,0,0,-1.528,2021,31078,8549,,39627,0.5685265,-0.720056,49.3,25.6,42.6,21.5,10.2,67.5,5,14,32.5,43.5,45.5,94.6,78,100,0,0.6304487,490.28,329.16,0,0,0,0
2023,44973,HB,1387,51-47,Virginia,VA,0,48,0,2,1,"Del. Sullivan Jr., Richard \Rip\"" C. [D]""",0,1,0,0,1,0,0,0,0,-1.225,2021,28545,10937,,39482,0.4459754,-0.5452288,37.3,28.6,30.5,26.6,14.3,72.8,4,7.8,27.2,53,35.1,98.3,83.5,100,0,0.5488412,563.06665,417.7,0,0,0,0
2023,44973,HB,1387,51-47,Virginia,VA,0,49,0,2,1,"Del. Lopez, Alfonso H. [D]",0,1,0,0,1,0,0,1,0,-1.26,2021,19799,5013,1004,25816,0.57274556,-0.7894517,47.2,25.9,41.4,22.1,10.5,39.5,18,25.4,60.5,41.8,43.2,87.5,56.4,100,0,0.50995934,582.5333,413.13333,0,0,0,0
2023,44973,HB,1387,51-47,Virginia,VA,0,50,0,2,1,"Del. Lopes-Maldonado, Michelle E. [D]",0,1,0,0,1,1,1,0,0,,2021,14426,11893,,26319,0.09624226,0.022659125,36.2,38,29.6,24.8,7.5,46,13,28.4,54,54.7,31.9,85.7,36.2,100,0,0.20871282,428.1,266.06,0,0,0,0
2023,44973,HB,1387,51-47,Virginia,VA,0,51,0,2,1,"Del. Sewell, Briana D. [D]",0,1,0,0,1,1,1,0,0,,2021,19038,16566,,35604,0.0694304,-0.08030359,31.5,34.2,26,28.7,11,57.2,17.1,15.4,42.8,58.2,27.8,93.2,45.4,99.409256,0.59074384,0.047238372,452.5,328.46667,0,0,0,0
2023,44973,HB,1387,51-47,Virginia,VA,0,52,0,2,1,"Del. Torian, Luke E. [D]",0,1,0,0,1,0,1,0,0,-0.696,2021,15196,6457,,21653,0.40359303,0.001790282,40.3,36.4,33.3,23,7.3,25.2,26.7,35.3,74.8,47.9,35.1,82.4,28.3,99.67036,0.32964444,0.33395305,624.7,424.35,0,0,0,0
2023,44973,HB,1387,51-47,Virginia,VA,0,53,0,2,1,"Del. Simon, Marcus B. [D]",0,1,0,0,1,0,0,0,0,-1.518,2021,22741,8806,,31547,0.4417219,-0.5440418,42.1,29.1,36.2,24,10.8,50.1,6.6,18,49.9,50.1,36.3,90.4,62.8,100,0,0.62144774,508.13333,316.3,0,0,0,0
2023,44973,HB,1387,51-47,Virginia,VA,0,54,0,2,1,"Del. Orrock Sr., Robert \Bobby\"" D. [R]""",1,0,0,1,0,0,0,0,0,0.536,2021,21231,13616,,34847,0.2185267,0.19242643,33.1,34.5,26.9,26.3,12.4,65.4,17.9,10.4,34.6,55.5,28.6,90.4,33.1,69.02951,30.97049,0.15145779,548.15,229.55,0,0,0,0
2023,44973,HB,1387,51-47,Virginia,VA,0,55,0,2,1,"Del. Fowler Jr., Hyland \Buddy\"" F. [R]""",1,0,0,1,0,0,0,0,0,0.748,2021,27246,15400,,42646,0.27777517,0.29264578,28.3,32.2,22.4,30.4,14.9,77.8,15,3.5,22.2,56.4,27.2,90.5,33.8,63.146248,36.853752,0.2195946,347.825,160.6,0,0,0,0
2023,44973,HB,1387,51-47,Virginia,VA,0,56,0,2,1,"Del. McGuire III, John J. [R]",1,0,0,1,0,0,0,0,0,0.877,2021,27706,17187,,44893,0.2343127,0.30633444,27.4,29.9,22.9,31.2,16,75.1,10,3.1,24.9,59.5,25.3,90.6,44.3,38.878998,61.121002,0.009528347,372.37143,233.31429,0,0,0,0
2023,44973,HB,1387,51-47,Virginia,VA,0,57,0,2,1,"Del. Hudson, Sally L. [D]",0,1,0,0,1,1,0,0,0,,2021,25227,6847,,32074,0.57304984,-0.36137643,43.9,37.9,30.5,19.6,12.1,65.1,17.1,6.8,34.9,33.4,50.4,91.3,53.1,91.26702,8.73298,0.4541835,501.8,204.8,0,0,0,0
2023,44973,HB,1387,51-47,Virginia,VA,0,58,0,2,1,"Del. Bell III, Robert Bernard [R]",1,0,0,1,0,0,0,0,0,1.039,2021,25835,14999,,40834,0.2653671,-0.050789803,27.8,28,23.7,29.4,18.9,84.6,6.4,4.1,15.4,58.4,24.5,87.7,35.7,45.440697,54.559303,0.11515717,539.9,210.5,0,0,0,0
2023,44973,HB,1387,51-47,Virginia,VA,0,59,0,2,1,"Del. Fariss, C. Matthew \Matt\"" [R]""",1,0,0,1,0,0,0,0,0,0.933,2021,22891,11421,1105,35417,0.3238558,0.43950626,29.3,27.8,24.1,29.5,18.6,75.4,19.8,2.5,24.6,52.6,26.2,83.5,21.7,1.8042732,98.195724,0.33173844,455.83334,218.93333,0,0,0,0
2023,44973,HB,1387,51-47,Virginia,VA,0,60,0,2,1,"Del. Edmunds II, James E. [R]",1,0,0,1,0,0,0,0,0,0.647,2021,21128,,,21128,1,-0.001549517,28.7,33,19.9,26.6,20.3,62.6,31.8,2.5,37.4,42.6,35.1,83.2,17.7,21.066772,78.93323,0.29155543,399.9,210.95,0,0,0,0
2023,44973,HB,1387,51-47,Virginia,VA,0,61,0,2,1,"Del. Wright Jr., Thomas \Tommy\"" [R]""",1,0,0,1,0,0,0,0,0,0.87,2021,20976,9418,675,31069,0.37201068,0.052072573,26.9,27.6,21.3,28.9,22,61.9,32.8,2.8,38.1,47.1,29.3,80.4,16,16.638895,83.36111,0.13610534,419.93332,204.83333,0,0,0,0
2023,44973,HB,1387,51-47,Virginia,VA,0,63,0,2,1,"Del. Taylor, Kim A. [R]",1,0,0,1,0,1,0,0,0,,2021,16813,16301,,33114,0.015461738,-0.47784814,33.6,33.6,25.7,25.8,15,33.9,57,5.5,66.1,33.9,42.5,83,17.7,70.71767,29.282335,0.3102553,404.55,297.3,0,0,0,0
2023,44973,HB,1387,51-47,Virginia,VA,0,64,0,2,1,"Del. Brewer, Emily M. [R]",1,0,0,1,0,1,0,0,0,0.95,2021,24903,13398,,38301,0.3003838,0.23474936,27.6,27.9,22.5,30.6,19,68.8,24.3,2.7,31.2,55.6,25.4,88.4,25.1,63.365612,36.634388,0.26062027,306.3,173.3,0,0,0,0
2023,44973,HB,1387,51-47,Virginia,VA,0,65,0,2,1,"Del. Ware Jr., Lee [R]",1,0,0,1,0,0,0,0,0,,2021,33621,17235,,50856,0.32220387,-0.14579047,28.1,30.4,23.5,30.4,15.6,79.6,11.2,3.4,20.4,60.6,22.7,92.9,43.3,65.9074,34.092598,0.24190427,679.26666,298.63333,0,0,0,0
2023,44973,HB,1387,51-47,Virginia,VA,0,66,0,2,1,"Del. Cherry, Mike A. [R]",1,0,0,1,0,0,0,0,0,,2021,16833,15254,,32087,0.04920996,0.36323518,29.2,32.8,23.1,28.7,15.4,70.7,17.9,5.8,29.3,53.9,28.4,92.4,36,87.42248,12.57752,0.23531687,370.9,235.8,0,0,0,0
2023,44973,HB,1387,51-47,Virginia,VA,0,67,0,2,1,"Del. Delaney, Karrie K. [D]",0,1,0,0,1,1,0,0,0,-1.03,2021,21111,13649,,34760,0.21467204,0.048094034,30.7,34,25.7,29.9,10.4,52.1,5.6,11.3,47.9,60.9,27.8,96.1,65.7,99.9558,0.04420029,0.122462615,422.45,259.61667,0,0,0,0
2023,44973,HB,1387,51-47,Virginia,VA,0,68,0,2,1,"Del. Adams, Dawn M. [D]",0,1,1,0,1,1,0,0,0,-0.912,2021,24624,21693,,46317,0.0632813,-0.49904466,33.2,27.1,28.5,27.3,17.1,83.8,7,3.7,16.2,51.3,32.6,97.3,65.5,100,0,0.48563573,459.61667,277.81668,0,0,0,0
2023,44973,HB,1387,51-47,Virginia,VA,0,69,0,2,1,"Del. Carr, Betsy B. [D]",0,1,0,0,1,1,0,0,0,-1.108,2021,21470,3690,,25160,0.70667726,-0.4121528,41.6,30.7,33.7,24.2,11.3,29.7,54.8,10.1,70.3,26.9,51.1,83.6,28.5,100,0,0.78565675,421.925,210.25,0,0,0,0
2023,44973,HB,1387,51-47,Virginia,VA,0,70,0,2,1,"Del. McQuinn, Delores L. [D]",0,1,0,0,1,1,1,0,0,-1.089,2021,21764,8435,,30199,0.44137225,-0.3204267,34.5,32.6,27.7,27.1,12.6,25.1,54.5,15.5,74.9,35.5,41.5,80.1,18.4,97.78295,2.2170494,0.39780077,445.7,208.4,0,0,0,0
2023,44973,HB,1387,51-47,Virginia,VA,0,71,0,2,1,"Del. Bourne, Jeffrey \Jeff\"" M. [D]""",0,1,0,0,1,0,1,0,0,-0.91,2021,25587,4241,,29828,0.7156363,-0.74228376,43.4,34.8,30.7,22.5,11.9,34.7,56.2,3,65.3,21,58.6,84,35.8,100,0,0.5370815,404.1,139.73334,0,0,0,0
2023,44973,HB,1387,51-47,Virginia,VA,0,72,0,2,1,"Del. VanValkenburg, Schuyler T. [D]",0,1,0,0,1,0,0,0,0,-1.007,2021,19710,17427,,37137,0.06147508,0.037629906,34.2,29.6,28.9,27.1,14.5,66.3,13.5,6.2,33.7,50.7,30.4,93.9,52.8,99.94972,0.050280735,0.5616016,414.35,220.875,0,0,0,0
2023,44973,HB,1387,51-47,Virginia,VA,0,73,0,2,1,"Del. Willett, Rodney Turner [D]",0,1,0,0,1,0,0,0,0,,2021,17972,16248,,34220,0.050379895,0.046324305,36.4,30.4,30,23.6,16,62.4,13.9,10,37.6,48.9,31.8,91.3,46.3,99.95881,0.041189797,0.29482,493.3,231.2,0,0,0,0
2023,44973,HB,1387,51-47,Virginia,VA,0,74,0,2,1,"Sen. Bagby, Lamont [D]",0,1,0,0,1,0,1,0,0,-1.054,2021,22913,8539,,31452,0.45701388,-0.24228536,32.4,31.5,25.6,27.3,15.7,30.8,61.1,2.6,69.2,36.4,39.9,87.7,24,88.21256,11.7874365,0.38649678,786.55,439.15,0,0,0,0
2023,44973,HB,1387,51-47,Virginia,VA,0,75,0,2,1,"Del. Wachsmann Jr., Howard \Otto\"" Otto [R]""",1,0,0,1,0,0,0,0,0,,2021,14487,13061,,27548,0.051764194,0.053411838,32.6,27.5,26.1,29.9,16.6,42.1,51.9,3,57.9,39.7,35.5,78.7,14.1,25.405272,74.59473,0.02992556,396.06668,216.93333,0,0,0,0
2023,44973,HB,1387,51-47,Virginia,VA,0,76,0,2,1,"Del. Jenkins, Clinton L. [D]",0,1,0,0,1,0,1,0,0,,2021,18353,15123,885,34361,0.09400192,-0.0663902,31.5,31.9,26.2,27.9,14.1,63.3,24.9,5.7,36.7,59.7,24.9,94.3,35.8,80.805405,19.194597,0.3899068,493.3,231.2,0,0,0,0
2023,44973,HB,1387,51-47,Virginia,VA,0,78,0,2,1,"Del. Leftwich Jr., James \Jay\"" A. [R]""",1,0,0,1,0,0,0,0,0,0.676,2021,24907,12788,,37695,0.32150152,0.23927188,33.6,31.1,27.5,28.7,12.6,70.5,16.7,5.2,29.5,56,26.5,94.9,41.1,93.48427,6.515728,0.2639932,716.5,217,0,0,0,0
2023,44973,HB,1387,51-47,Virginia,VA,0,79,0,2,1,"Del. Clark, Nadarius E. [D]",0,1,0,0,1,0,1,0,0,,2021,10647,8283,,18930,0.12488114,-0.34100297,50.1,45.3,28.4,17.5,8.7,54.7,30.6,8.1,45.3,34.8,50.6,91.9,29.6,99.91244,0.087562725,0.31681484,716.5,217,0,0,0,0
2023,44973,HB,1387,51-47,Virginia,VA,0,80,0,2,1,"Del. Scott Jr., Don L. [D]",0,1,0,0,1,1,1,0,0,,2021,15703,8012,,23715,0.3243095,-0.32306865,36.7,33.5,28.9,24,13.6,33,56.4,3.8,67,36.7,39.1,87.8,24,100,0,0.36275697,539.9,210.5,0,0,0,0
2023,44973,HB,1387,51-47,Virginia,VA,0,81,0,2,1,"Del. Knight, Barry D. [R]",1,0,0,1,0,0,0,0,0,0.588,2021,17271,12503,,29774,0.16013972,-0.05071519,37.1,35.2,28.3,25.4,11.2,68.2,18.2,6.9,31.8,50.4,33.7,91.1,31.8,80.50198,19.498014,0.1666146,530.76666,271.06668,0,0,0,0
2023,44973,HB,1387,51-47,Virginia,VA,0,82,0,2,1,"Del. Ferrell Tata, Anne [R]",1,0,0,1,0,1,0,0,0,,2021,20768,14196,,34964,0.18796477,-0.01822757,32.3,28.7,25.8,27.1,18.4,77.1,10.6,5.4,22.9,52.9,27.5,94.8,45.8,99.93453,0.06546738,0.30267754,492.5,286,0,0,0,0
2023,44973,HB,1387,51-47,Virginia,VA,0,83,0,2,1,"Del. Anderson, Timothy V. [R]",1,0,0,1,0,0,0,0,0,,2021,14456,13793,,28249,0.023469858,-0.006331865,38.5,28.7,30.8,25.4,15,68.7,13.5,8.5,31.3,49.7,30,91.9,37.1,100,0,0.23084167,462.4,249.0375,0,0,0,0
2023,44973,HB,1387,51-47,Virginia,VA,0,84,0,2,1,"Del. Davis Jr., Glenn R. [R]",1,0,0,1,0,0,0,0,0,0.498,2021,15400,12232,,27632,0.11464968,0.27059257,37.5,32.9,30.8,26.2,10.1,59.2,18.5,8.3,40.8,50.6,31.1,93.3,30.6,99.348404,0.6515934,0.21554047,633.4667,363.33334,0,0,0,0
2023,44973,HB,1387,51-47,Virginia,VA,0,85,0,2,1,"Del. Greenhalgh, Karen S. [R]",1,0,0,1,0,1,0,0,0,,2021,14270,14143,,28413,0.004469785,0.16528983,37.8,31.1,30.4,24.6,13.9,60.5,20.2,7.8,39.5,50.1,30.2,92.2,31.1,100,0,0.04697482,445.7,208.4,0,0,0,0
2023,44973,HB,1387,51-47,Virginia,VA,0,86,0,2,1,"Del. Shin, Irene [D]",0,1,0,0,1,1,0,0,1,,2021,19296,10116,,29412,0.31211752,0.21602698,36.7,34,30.3,26.9,8.7,42.1,8.2,24.5,57.9,56.8,31.9,88.5,57,100,0,0.3323219,445.96667,212.63333,0,0,0,0
2023,44973,HB,1387,51-47,Virginia,VA,0,87,0,2,1,"Del. Subramanyam, Suhas [D]",0,1,0,0,1,0,0,0,1,,2021,24348,17273,,41621,0.16998631,-0.15317377,38.8,35.9,34.1,23,6.9,42.7,8,15.1,57.3,62.5,26,92.9,59.8,100,0,0.22381248,523.2,285,0,0,0,0
2023,44973,HB,1387,51-47,Virginia,VA,0,88,0,2,1,"Del. Scott, Phillip \Phil\"" A. [R]""",1,0,0,1,0,0,0,0,0,,2021,22747,16158,723,39628,0.16627133,0.046456363,32.1,35.9,24.7,27.4,12,68,14.3,9.9,32,52.9,30.7,91.8,36.9,68.463745,31.536253,0.38575286,512.9,248.8,0,0,0,0
2023,44973,HB,1387,51-47,Virginia,VA,0,89,0,2,1,"Del. Glass, Jackie H. [D]",0,1,0,0,1,1,1,0,0,,2021,4436,1356,,5792,0.53176796,-0.4439551,42.4,37.2,30.2,21.5,11.1,33.2,54,6.3,66.8,32.8,47.3,85.7,29.2,100,0,0.3429487,395.4,240.4,0,0,0,0
2023,44973,HB,1387,51-47,Virginia,VA,0,90,0,2,1,"Del. Williams Graves, Angelia [D]",0,1,0,0,1,1,1,0,0,,2021,14295,7831,,22126,0.29214498,-0.19340262,39.8,37.2,29.4,22.7,10.8,29,54.2,8.5,71,35.7,42.2,86.8,20.3,100,0,0.19730884,447.9,251.2,0,0,0,0
2023,44973,HB,1387,51-47,Virginia,VA,0,91,0,2,1,"Del. Cordoza, Aijalon \A.C.\"" C. [R]""",1,0,0,1,0,0,1,0,0,,2021,13741,13647,417,27805,0.003380687,0.04190136,33.4,33.7,26.5,26.2,13.5,63.7,21.2,6.2,36.3,54.5,28.1,94.3,40.1,97.56756,2.4324427,0.32050213,480.4,250,0,0,0,0
2023,44973,HB,1387,51-47,Virginia,VA,0,92,0,2,1,"Del. Ward, Jeion A. [D]",0,1,0,0,1,1,1,0,0,-1.053,2021,19235,6787,,26022,0.47836447,-0.31798172,35.2,34.3,25.7,25.1,14.8,30.2,59.6,4.9,69.8,35,40.4,89.7,23,100,0,0.42995796,462.75,210.05,0,0,0,0
2023,44973,HB,1387,51-47,Virginia,VA,0,93,0,2,1,"Del. Mullin, Michael P. [D]",0,1,0,0,1,0,0,0,0,-8.12,2021,17048,15968,,33016,0.032711413,-0.4950141,34.5,35.9,24.4,24.1,15.7,60.1,23.1,7.8,39.9,44.1,37.6,94.9,41.1,99.73148,0.26851505,0.46116585,477.6,168.9,0,0,0,0
2023,44973,HB,1387,51-47,Virginia,VA,0,94,0,2,1,"Del. Simonds, Shelly Anne [D]",0,1,0,0,1,1,0,0,0,,2021,13725,10734,,24459,0.122286275,-0.05998319,36,35.1,27.8,23.6,13.4,59,23.4,8.8,41,48.5,35.4,92.4,32.7,99.97511,0.024889775,0.3791692,477.6,168.9,0,0,0,0
2023,44973,HB,1387,51-47,Virginia,VA,0,95,0,2,1,"Del. Price, Marcia \Cia\"" S. [D]""",0,1,0,0,1,1,1,0,0,-1.234,2021,13633,7789,,21422,0.27280366,0.0551871,37,34.6,28.1,24.7,12.6,26,60.3,7.4,74,34,40.9,86.7,17.9,100,0,0.31236917,428.9,173.7,0,0,0,0
2023,44973,HB,1387,51-47,Virginia,VA,0,96,0,2,1,"Del. Batten, Amanda E. [R]",1,0,0,1,0,1,0,0,0,,2021,25431,20146,,45577,0.11595761,0.3745997,28.4,28.8,22.4,27,21.7,75,12.6,5.9,25,58.8,25.4,94.1,45.4,84.08508,15.914913,0.29898527,380.2,178.5,0,0,0,0
2023,44973,HB,1387,51-47,Virginia,VA,0,97,0,2,1,"Del. Wyatt, Scott A. [R]",1,0,0,1,0,0,0,0,0,,2021,33994,12819,,46813,0.4523316,0.11499789,28.4,29.3,23.3,30.7,17,82.1,10.3,2.3,17.9,59.5,22.9,92.2,31.5,21.986473,78.01353,0.16368158,380.2,178.5,0,0,0,0
2023,44973,HB,1387,51-47,Virginia,VA,0,98,0,2,1,"Del. Hodges, M. Keith \Keith\"" [R]""",1,0,0,1,0,0,0,0,0,0.596,2021,27056,10520,,37576,0.44006813,-0.08922743,26.5,26.4,20.9,30.4,22.3,78,15.3,2.7,22,54.4,24.4,88,22.3,20.851728,79.14827,0.22072996,380.2,178.5,0,0,0,0
2023,44973,HB,1387,51-47,Virginia,VA,0,99,0,2,1,"Del. Ransone, Margaret Bevans [R]",1,0,0,1,0,1,0,0,0,0.933,2021,23780,12558,,36338,0.30882272,0.3125317,27.8,27.7,21.8,27.7,22.7,67.6,23.9,4.6,32.4,54.9,24.8,88.6,27,11.39629,88.603714,0.19064334,380.2,178.5,0,0,0,0
2023,44973,HB,1387,51-47,Virginia,VA,0,100,0,2,1,"Del. Bloxom Jr., Robert \Rob\"" S. [R]""",1,0,0,1,0,0,0,0,0,0.485,2021,15408,11829,,27237,0.13140213,-0.078122,33.5,29.2,26.7,26.5,17.6,57.4,28.8,9.2,42.6,45.4,31.1,84.9,21.7,7.648383,92.351616,0.3443303,439,160.46666,0,0,0,0
2021,44294,HB ,3293,18 Y 15 N 1 Abs,West Virginia ,WV,1,1,1,4,1,"Sen. Ihlenfeld, William J. [D]",0,1,0,0,1,0,0,0,0,,2018,18450,16438,,34888,0.057670258,0.07730808,,28,21.8,28.6,21.5,93.6,2.7,1.2,6.4,48.2,29.4,91.2,23.9,72.440384,27.559614,0.2505541,421.275,122.775,0,1,1,1
2021,44294,HB ,3293,18 Y 15 N 1 Abs,West Virginia ,WV,1,1,1,4,1,"Sen. Weld, Ryan W. [R]",0,1,0,1,0,0,0,0,0,0.844,2020,23844,21137,,44981,0.060180966,0.07730808,,28,21.8,28.6,21.5,93.6,2.7,1.2,6.4,48.2,29.4,91.2,23.9,72.440384,27.559614,0.2505541,421.275,122.775,0,1,1,1
2021,44294,HB ,3293,18 Y 15 N 1 Abs,West Virginia ,WV,1,2,1,4,1,"Sen. Clements, Charles H. [R]",1,0,0,1,0,0,0,0,0,0.616,2018,19895,13944,,33839,0.17586218,0.32404438,,28.5,22.4,29.3,19.6,96.5,1.1,0.7,3.5,51.1,27.9,87.3,16.3,27.734282,72.26572,0.2603153,332.71112,128.2889,0,1,1,1
2021,44294,HB ,3293,18 Y 15 N 1 Abs,West Virginia ,WV,1,2,1,4,1,"Sen. Maroney, Michael \Mike\"" Joseph [R]""",0,1,0,1,0,0,0,0,0,0.66,2020,25136,19569,,44705,0.124527454,0.32404438,,28.5,22.4,29.3,19.6,96.5,1.1,0.7,3.5,51.1,27.9,87.3,16.3,27.734282,72.26572,0.2603153,353.5,146.65,0,1,1,1
2021,44294,HB ,3293,18 Y 15 N 1 Abs,West Virginia ,WV,1,3,1,4,1,"Sen. Azinger, Mike [R]",1,0,0,1,0,0,0,0,0,0.978,2018,19964,14818,,34782,0.14795008,0.2798635,,28.7,23.4,28.4,19.5,95.7,1.2,1,4.3,51.8,24.6,88.6,20,61.605698,38.394302,0.269946,358.6,130.65,0,1,1,1
2021,44294,HB ,3293,18 Y 15 N 1 Abs,West Virginia ,WV,1,3,1,4,1,"Sen. Boley, Donna J. [R]",1,0,0,1,0,1,0,0,0,0.769,2020,29889,11812,3403,45104,0.40078485,0.2798635,,28.7,23.4,28.4,19.5,95.7,1.2,1,4.3,51.8,24.6,88.6,20,61.605698,38.394302,0.269946,328.55,120.125,0,1,1,1
2021,44294,HB ,3293,18 Y 15 N 1 Abs,West Virginia ,WV,1,4,1,4,1,"Sen. Grady, Amy Nichole [R]",1,0,0,1,0,1,0,0,0,,2020,33409,11950,1904,47263,0.45403382,0.33919978,,28.8,24,28.2,18.9,96.1,0.7,0.8,3.9,55,23.4,89,21,47.68892,52.31108,0.19581446,332.775,150.65,0,1,1,1
2021,44294,HB ,3293,18 Y 15 N 1 Abs,West Virginia ,WV,1,4,1,4,1,"Sen. Tarr, Eric Junior [R]",1,0,0,1,0,0,0,0,0,,2018,18885,13583,4005,36473,0.1453678,0.33919978,,28.8,24,28.2,18.9,96.1,0.7,0.8,3.9,55,23.4,89,21,47.68892,52.31108,0.19581446,404.875,200.225,0,1,1,1
2021,44294,HB ,3293,18 Y 15 N 1 Abs,West Virginia ,WV,1,5,1,4,1,"Sen. Plymale, Robert \Bob\"" H. [D]""",0,1,0,0,1,0,0,0,0,-0.077,2020,22808,19724,,42532,0.07251011,-0.068108805,,32.7,24.6,24.9,17.9,90.7,4.5,1.3,9.3,42.9,33.2,87.7,24.7,81.55105,18.44895,0.4066278,393.65,203,0,1,1,1
2021,44294,HB ,3293,18 Y 15 N 1 Abs,West Virginia ,WV,1,6,1,4,1,"Sen. Maynard, Mark R. [R]",1,0,0,1,0,0,0,0,0,0.869,2018,17536,10972,,28508,0.23025116,0.45897,,28.5,23.3,28.1,20.1,91.6,5.4,0.9,8.4,49.4,24.5,78.8,14.5,21.252522,78.74748,0.07263483,327.65,214.45,0,1,1,1
2021,44294,HB ,3293,18 Y 15 N 1 Abs,West Virginia ,WV,1,6,1,4,1,"Sen. Swope, William Chandler [R]",0,1,0,1,0,0,0,0,0,0.968,2020,1,0,,1,1,0.45897,,28.5,23.3,28.1,20.1,91.6,5.4,0.9,8.4,49.4,24.5,78.8,14.5,21.252522,78.74748,0.07263483,327.65,214.45,0,1,1,1
2021,44294,HB ,3293,18 Y 15 N 1 Abs,West Virginia ,WV,1,7,1,4,1,"Sen. Phillips Jr., Rupert \Rupie\"" W. [R]""",1,0,0,1,0,0,0,0,0,0.222,2020,20608,16038,,36646,0.124706656,0.0321937,,28.7,23.9,28.7,18.6,97.4,0.9,0.6,2.6,53.3,23.4,79.7,10,17.65817,82.34183,0.00257387,247.68,155.6,0,1,1,1
2021,44294,HB ,3293,18 Y 15 N 1 Abs,West Virginia ,WV,1,7,1,4,1,"Sen. Stollings, Ron [D]",0,1,0,0,1,0,0,0,0,-0.208,2018,15181,11594,,26775,0.13396825,0.0321937,,28.7,23.9,28.7,18.6,97.4,0.9,0.6,2.6,53.3,23.4,79.7,10,17.65817,82.34183,0.00257387,268.175,143.45,0,1,1,1
2021,44294,HB ,3293,18 Y 15 N 1 Abs,West Virginia ,WV,1,8,1,4,1,"Sen. Jeffries, Glenn Delmas [D]",0,1,0,0,1,0,0,0,0,-0.521,2020,23389,18557,,41946,0.11519573,0.07448376,,27.5,25,29,18.5,85.4,9.8,1.3,14.6,46.9,28.1,87.9,21.8,40.974365,59.025635,0.28674814,351.55,138.08333,0,1,1,1
2021,44294,HB ,3293,18 Y 15 N 1 Abs,West Virginia ,WV,1,8,1,4,1,"Sen. Lindsay, Richard David [D]",0,1,0,0,1,0,0,0,0,,2018,16537,16372,,32909,0.005013826,0.07448376,,27.5,25,29,18.5,85.4,9.8,1.3,14.6,46.9,28.1,87.9,21.8,40.974365,59.025635,0.28674814,403.7,188.7,0,1,1,1
2021,44294,HB ,3293,18 Y 15 N 1 Abs,West Virginia ,WV,1,9,1,4,1,"Sen. Roberts, Rollan Allen [R]",1,0,0,1,0,0,0,0,0,,2018,16111,13686,,29797,0.08138403,0.31027108,,28.4,24.4,27.7,19.5,89.4,6.2,1.3,10.6,53.1,23.3,84.2,16.2,50.78747,49.21253,0.0490918,347.4,169.6,0,1,1,1
2021,44294,HB ,3293,18 Y 15 N 1 Abs,West Virginia ,WV,1,9,1,4,1,"Sen. Stover, David Allen [R]",1,0,0,1,0,0,0,0,0,,2020,1,0,,1,1,0.31027108,,28.4,24.4,27.7,19.5,89.4,6.2,1.3,10.6,53.1,23.3,84.2,16.2,50.78747,49.21253,0.0490918,301.7,149.7,0,1,1,1
2021,44294,HB ,3293,18 Y 15 N 1 Abs,West Virginia ,WV,1,10,1,4,1,"Sen. Baldwin Jr., Stephen Harrison [D]",0,1,0,0,1,0,0,0,0,-0.373,2018,17495,15421,,32916,0.063008875,0.171976,,26.5,23.3,28.7,21.6,92.8,3.6,1.4,7.2,51.3,23.9,83.8,16.4,41.751125,58.248875,0.0699569,337.74,146.3,0,1,1,1
2021,44294,HB ,3293,18 Y 15 N 1 Abs,West Virginia ,WV,1,10,1,4,1,"Sen. Woodrum, Jack David [R]",1,0,0,1,0,0,0,0,0,,2020,25315,17895,,43210,0.1717195,0.171976,,26.5,23.3,28.7,21.6,92.8,3.6,1.4,7.2,51.3,23.9,83.8,16.4,41.751125,58.248875,0.0699569,326.2,144.9,0,1,1,1
2021,44294,HB ,3293,18 Y 15 N 1 Abs,West Virginia ,WV,1,11,1,4,1,"Sen. Hamilton, Bill [R]",1,0,0,1,0,0,0,0,0,0.452,2018,23718,9953,,33671,0.40880877,0.17867033,,27.8,22.2,28.6,21.4,96.6,1.4,0.8,3.4,51.8,24.5,83.8,15.5,28.005539,71.99446,0.12192959,390.7143,181.08571,0,1,1,1
2021,44294,HB ,3293,18 Y 15 N 1 Abs,West Virginia ,WV,1,11,1,4,1,"Sen. Karnes, Robert L. [R]",1,0,0,1,0,0,0,0,0,0.967,2020,23364,22116,,45480,0.027440634,0.17867033,,27.8,22.2,28.6,21.4,96.6,1.4,0.8,3.4,51.8,24.5,83.8,15.5,28.005539,71.99446,0.12192959,371.57144,148.3,0,1,1,1
2021,44294,HB ,3293,18 Y 15 N 1 Abs,West Virginia ,WV,1,12,1,4,1,"Sen. Martin, Patrick Stephen [R]",1,0,0,1,0,0,0,0,0,0.831,2020,26176,19818,,45994,0.13823542,0.20012818,,29,24.2,28,18.7,94.3,1.9,1.6,5.7,51.5,26.4,86,18.9,46.883705,53.116295,0.1981822,372.98,96.7,0,1,1,1
2021,44294,HB ,3293,18 Y 15 N 1 Abs,West Virginia ,WV,1,12,1,4,1,"Sen. Romano, Michael \Mike\"" Joseph [D]""",0,1,0,0,1,0,0,0,0,-0.952,2018,18919,15791,,34710,0.090118125,0.20012818,,29,24.2,28,18.7,94.3,1.9,1.6,5.7,51.5,26.4,86,18.9,46.883705,53.116295,0.1981822,391.6,135.96,0,1,1,1
2021,44294,HB ,3293,18 Y 15 N 1 Abs,West Virginia ,WV,1,13,1,4,1,"Sen. Beach, Robert D. [D]",0,1,0,0,1,0,0,0,0,-0.449,2018,18692,17129,,35821,0.04363362,-0.1693336,,37.1,27.4,21.2,14.3,88,4.2,2,12,39.7,43.7,92,37.8,78.963455,21.036549,0.45200172,365.1,146.65,0,1,1,1
2021,44294,HB ,3293,18 Y 15 N 1 Abs,West Virginia ,WV,1,13,1,4,1,"Sen. Caputo, Michael \Mike\"" Lynn [D]""",0,1,0,0,1,0,0,0,0,-0.68,2020,26095,20321,,46416,0.12439676,-0.1693336,,37.1,27.4,21.2,14.3,88,4.2,2,12,39.7,43.7,92,37.8,78.963455,21.036549,0.45200172,365.1,146.65,0,1,1,1
2021,44294,HB ,3293,18 Y 15 N 1 Abs,West Virginia ,WV,1,14,1,4,1,"Sen. Smith, Randy E. [R]",1,0,0,1,0,0,0,0,0,1.087,2020,35382,13361,,48743,0.4517777,0.002589621,,28.4,24.3,28.3,19,92.6,3.4,1.5,7.4,52,27.1,86.2,18,23.299374,76.70063,0.20923357,401.4,194.4375,0,1,1,1
2021,44294,HB ,3293,18 Y 15 N 1 Abs,West Virginia ,WV,1,14,1,4,1,"Sen. Sypolt, Dave [R]",1,0,0,1,0,0,0,0,0,0.827,2018,21936,14492,,36428,0.20434831,0.002589621,,28.4,24.3,28.3,19,92.6,3.4,1.5,7.4,52,27.1,86.2,18,23.299374,76.70063,0.20923357,417.38333,193.25,0,1,1,1
2021,44294,HB ,3293,18 Y 15 N 1 Abs,West Virginia ,WV,1,15,1,4,1,"Sen. Blair, Craig P. [R]",1,0,0,1,0,0,0,0,0,0.883,2020,41560,10324,,51884,0.6020353,0.14605968,,28.5,23.3,30.4,18,92.5,2.9,2.3,7.5,55.4,24.1,87.8,18,11.542903,88.4571,0.40771255,300.05,119.75,0,1,1,1
2021,44294,HB ,3293,18 Y 15 N 1 Abs,West Virginia ,WV,1,15,1,4,1,"Sen. Trump IV, Charles S. [R]",1,0,0,1,0,0,0,0,0,0.694,2018,25937,10562,,36499,0.4212444,0.14605968,,28.5,23.3,30.4,18,92.5,2.9,2.3,7.5,55.4,24.1,87.8,18,11.542903,88.4571,0.40771255,275.06668,110.86667,0,1,1,1
2021,44294,HB ,3293,18 Y 15 N 1 Abs,West Virginia ,WV,1,16,1,4,1,"Sen. Rucker, Patricia Puertas [R]",1,0,0,1,0,1,0,1,0,0.811,2020,25582,23768,,49350,0.036757853,-0.22702442,,32.2,26.5,27.2,14.1,81.5,8,5.4,18.5,49.4,29.3,88.6,25.7,65.471504,34.528496,0.2729996,305.3,105.65,0,1,1,1
2021,44294,HB ,3293,18 Y 15 N 1 Abs,West Virginia ,WV,1,16,1,4,1,"Sen. Unger II, John [D]",0,1,0,0,1,0,0,0,0,-0.152,2018,18802,17257,,36059,0.042846445,-0.22702442,,32.2,26.5,27.2,14.1,81.5,8,5.4,18.5,49.4,29.3,88.6,25.7,65.471504,34.528496,0.2729996,305.3,105.65,0,1,1,1
2021,44294,HB ,3293,18 Y 15 N 1 Abs,West Virginia ,WV,1,17,1,4,1,"Sen. Nelson Jr., Fredrik \Eric\"" Eric [R]""",0,1,0,1,0,0,0,0,0,0.824,2020,23717,20364,,44081,0.07606452,-0.07042973,,28.2,23.6,28.2,19.9,91.6,3.5,1,8.4,49.1,26.1,88.1,26.5,76.43655,23.563454,0.48744532,408,179.1,0,1,1,1
2021,44294,HB ,3293,18 Y 15 N 1 Abs,West Virginia ,WV,1,17,1,4,1,"Sen. Takubo Jr., Tamejiro \Tom\"" [R]""",0,1,0,1,0,0,0,0,0,0.665,2018,18466,16735,,35201,0.049174737,-0.07042973,,28.2,23.6,28.2,19.9,91.6,3.5,1,8.4,49.1,26.1,88.1,26.5,76.43655,23.563454,0.48744532,408,179.1,0,1,1,1
2021,44295,HB ,3293,80 Y 20 N ,West Virginia ,WV,0,1,1,2,2,"Del. McGeehan, Pat [R]",1,0,0,1,0,0,0,0,0,0.577,2020,8165,4307,,25446,0.15161519,-0.015642844,,26,22.1,30.2,21.9,93.8,2,1.4,6.2,49.2,26.3,90.4,19.2,72.89065,27.109356,0.32896817,389.4,127.55,0,1,1,1
2021,44295,HB ,3293,80 Y 20 N ,West Virginia ,WV,0,1,1,2,2,"Del. Zatezalo, Mark [R]",1,0,0,1,0,0,0,0,0,0.873,2020,8978,4307,,25336,0.36872435,-0.015642844,,26,22.1,30.2,21.9,93.8,2,1.4,6.2,49.2,26.3,90.4,19.2,72.89065,27.109356,0.32896817,389.4,127.55,0,1,1,1
2021,44295,HB ,3293,80 Y 20 N ,West Virginia ,WV,0,2,1,2,1,"Del. Diserio, Phillip \Phil\"" W. [D]""",0,1,0,0,1,0,0,0,0,-0.553,2020,4146,3296,,7442,0.22843322,0.06899687,,33.3,19.4,26.5,20.6,96.2,1.3,1.1,3.8,46.6,34.1,89.6,19,52.57478,47.42522,0.3176357,412.8,134.75,0,1,1,1
2021,44295,HB ,3293,80 Y 20 N ,West Virginia ,WV,0,3,1,2,2,"Del. Fluharty, Shawn Lucas [D]",0,1,0,0,1,0,0,0,0,-0.554,2020,8933,5733,,29668,0.10786032,0.10560935,,27.4,22.6,28.7,21.4,91.9,4.3,1.1,8.1,46.6,30.5,93,31.6,93.52074,6.479264,0.15915456,532.3,140,0,1,1,1
2021,44295,HB ,3293,80 Y 20 N ,West Virginia ,WV,0,3,1,2,2,"Del. Storch, Erikka [R]",1,0,0,1,0,1,0,0,0,0.617,2020,11451,5733,,29668,0.38546583,0.10560935,,27.4,22.6,28.7,21.4,91.9,4.3,1.1,8.1,46.6,30.5,93,31.6,93.52074,6.479264,0.15915456,532.3,140,0,1,1,1
2021,44295,HB ,3293,80 Y 20 N ,West Virginia ,WV,0,4,1,2,2,"Del. Reynolds, Charles \Charlie\"" Foster [R]""",1,0,0,1,0,0,0,0,0,,2020,8085,6921,,22656,0.102754235,-0.040923435,,27.3,23,28.9,20.8,96.6,1.1,0.9,3.4,52.4,25.8,91.2,18.7,51.48169,48.51831,0.28929606,453.15,118,0,1,1,1
2021,44295,HB ,3293,80 Y 20 N ,West Virginia ,WV,0,4,1,2,2,"Del. Zukoff, Lisa Beth [D]",0,1,0,0,1,1,0,0,0,,2020,7650,6921,,22656,0.064353816,-0.040923435,,27.3,23,28.9,20.8,96.6,1.1,0.9,3.4,52.4,25.8,91.2,18.7,51.48169,48.51831,0.28929606,453.15,118,0,1,1,1
2021,44295,HB ,3293,80 Y 20 N ,West Virginia ,WV,0,5,1,2,1,"Del. Pethtel, David Lee [D]",1,0,0,0,1,0,0,0,0,-0.228,2020,3710,3213,,6923,0.14357938,0.21807787,,27.7,21.3,28.9,22.2,97.2,1,0.3,2.8,48.1,29.4,86.4,12.8,40.01957,59.98043,0.032087278,361.5,144.65,0,1,1,1
2021,44295,HB ,3293,80 Y 20 N ,West Virginia ,WV,0,6,1,2,1,"Del. Kelly, David Lee [R]",1,0,0,1,0,0,0,0,0,,2020,5034,1890,,6924,0.4540728,0.4475744,,26.4,22.7,30.4,20.5,96.7,0.8,0.5,3.3,50.4,27.9,85.4,14.7,8.925532,91.07447,0.81395346,274.23334,136.53334,0,1,1,1
2021,44295,HB ,3293,80 Y 20 N ,West Virginia ,WV,0,7,1,2,1,"Del. Barnhart, Trenton [R]",1,0,0,1,0,0,0,0,0,,2020,1,0,,1,1,0.21338512,,27.1,22.8,29.9,20.4,98.4,0.1,0.6,1.6,52.6,24.6,85.4,11.6,15.314632,84.68537,0.2528257,303.4,113.1,0,1,1,1
2021,44295,HB ,3293,80 Y 20 N ,West Virginia ,WV,0,8,1,2,1,"Del. Anderson Jr., William \Bill\"" [R]""",1,0,0,1,0,0,0,0,0,0.634,2020,6270,2405,,8675,0.44553313,0.17434916,,27.2,23.2,30,19.6,97,0.5,0.5,3,55.9,22.2,90.5,25.9,50.263836,49.736164,0.4030685,493.6,221.1,0,1,1,1
2021,44295,HB ,3293,80 Y 20 N ,West Virginia ,WV,0,9,1,2,1,"Del. Kimes, Dennis Shannon [R]",1,0,0,1,0,0,0,0,0,0.813,2020,5733,2421,,8154,0.406181,0.15243411,,27.3,23.7,30.2,18.9,95.1,1.3,1.8,4.9,58.6,21.6,88.7,16.5,26.039364,73.96064,0.33297816,413.8,148.2,0,1,1,1
2021,44295,HB ,3293,80 Y 20 N ,West Virginia ,WV,0,10,1,2,3,"Del. Conley, Roger Ray [R]",1,0,0,1,0,0,0,0,0,,2020,11198,8651,,50321,0.05061505,0.26477376,,29.7,23.1,27.4,19.8,94.8,1.6,1.1,5.2,47.7,26.5,89.1,21,90.09637,9.90363,0.15438718,493.6,221.1,0,1,1,1
2021,44295,HB ,3293,80 Y 20 N ,West Virginia ,WV,0,10,1,2,3,"Del. Criss III, Adrian Vernon [R]",1,0,0,1,0,0,0,0,0,0.834,2020,11003,8651,,50321,0.1402198,0.26477376,,29.7,23.1,27.4,19.8,94.8,1.6,1.1,5.2,47.7,26.5,89.1,21,90.09637,9.90363,0.15438718,493.6,221.1,0,1,1,1
2021,44295,HB ,3293,80 Y 20 N ,West Virginia ,WV,0,10,1,2,3,"Del. Kelly, John R. [R]",1,0,0,1,0,0,0,0,0,0.678,2020,13694,8651,,50321,0.30064982,0.26477376,,29.7,23.1,27.4,19.8,94.8,1.6,1.1,5.2,47.7,26.5,89.1,21,90.09637,9.90363,0.15438718,493.6,221.1,0,1,1,1
2021,44295,HB ,3293,80 Y 20 N ,West Virginia ,WV,0,11,1,2,1,"Del. Keaton, Nicholas \Riley\"" Riley [R]""",1,0,0,1,0,0,0,0,0,,2020,4797,2421,,7218,0.9875312,0.14676581,,27.6,21.4,29.7,21.3,96.1,0.1,0.9,3.9,55.6,23.4,79.3,13.1,17.760115,82.23988,0,349.25,151.65,0,1,1,1
2021,44295,HB ,3293,80 Y 20 N ,West Virginia ,WV,0,12,1,2,1,"Del. Westfall, Steve [R]",1,0,0,1,0,0,0,0,0,0.852,2020,1,0,,1,1,0.13102286,,28.8,23.6,29.2,18.5,98,0.1,0.5,2,55.4,22.2,87.5,15.5,33.46783,66.53217,0,478.1,252.4,0,1,1,1
2021,44295,HB ,3293,80 Y 20 N ,West Virginia ,WV,0,13,1,2,2,"Del. Higginbotham, Joshua Kurt [R]",0,1,1,1,0,0,0,0,0,0.906,2020,6607,6012,,24509,0.024276797,-0.042744853,,28.6,23.1,29.5,18.8,96.8,0.4,1.1,3.2,51.8,23.1,87.2,15.7,42.5217,57.4783,0.24086437,370.23334,183.9,0,1,1,1
2021,44295,HB ,3293,80 Y 20 N ,West Virginia ,WV,0,13,1,2,2,"Del. Pinson, Jonathan Adam [R]",1,0,0,1,0,0,0,0,0,,2020,8833,6012,,24509,0.23020115,-0.042744853,,28.6,23.1,29.5,18.8,96.8,0.4,1.1,3.2,51.8,23.1,87.2,15.7,42.5217,57.4783,0.24086437,370.23334,183.9,0,1,1,1
2021,44295,HB ,3293,80 Y 20 N ,West Virginia ,WV,0,14,1,2,1,"Del. Wamsley II, Johnnie Andrew [R]",1,0,0,1,0,0,0,0,0,,2020,5078,2242,,7320,0.77486336,0.05220483,,30.3,23,27.6,19.2,97.3,0.2,0.4,2.7,54.8,23.5,85.9,16.7,58.659637,41.340363,0,316.3,149.65,0,1,1,1
2021,44295,HB ,3293,80 Y 20 N ,West Virginia ,WV,0,15,1,2,1,"Del. Foster, Geoff B. [R]",1,0,0,1,0,0,0,0,0,1.254,2020,6259,3177,586,10022,0.30752346,0.3313823,,31.1,25.7,26.6,16.7,93.8,2.2,1.2,6.2,58,24.7,95.9,36.5,77.499115,22.500883,0.06815703,399.4,198.3,0,1,1,1
2021,44295,HB ,3293,80 Y 20 N ,West Virginia ,WV,0,16,1,2,3,"Del. Hornbuckle, Sean [D]",0,1,0,0,1,0,1,0,0,-0.545,2020,8929,7288,,42569,0.038549177,-0.14640418,,35.5,23.8,23.8,17.1,88.1,6.7,1.4,11.9,40.3,37.3,86.8,22,79.908875,20.091124,0.41342178,341.7,172.6,0,1,1,1
2021,44295,HB ,3293,80 Y 20 N ,West Virginia ,WV,0,16,1,2,3,"Del. Linville, Daniel [R]",1,0,0,1,0,0,0,0,0,,2020,7418,7288,,42569,0.009161596,-0.14640418,,35.5,23.8,23.8,17.1,88.1,6.7,1.4,11.9,40.3,37.3,86.8,22,79.908875,20.091124,0.41342178,341.7,172.6,0,1,1,1
2021,44295,HB ,3293,80 Y 20 N ,West Virginia ,WV,0,16,1,2,3,"Del. Mandt Jr., John Franklin [R]",1,0,0,1,0,0,0,0,0,,2020,7359,7288,,42569,0.005003641,-0.14640418,,35.5,23.8,23.8,17.1,88.1,6.7,1.4,11.9,40.3,37.3,86.8,22,79.908875,20.091124,0.41342178,341.7,172.6,0,1,1,1
2021,44295,HB ,3293,80 Y 20 N ,West Virginia ,WV,0,17,1,2,2,"Del. Lovejoy, Chad Stephen [D]",0,1,0,0,1,0,0,0,0,-0.23,2020,6167,5283,,18921,0.14016172,-0.12424875,,31.5,25.9,23.7,18.8,90.4,3.4,1.9,9.6,43,32.3,88.7,29.1,27.93035,72.06965,0.6039863,393.65,203,0,1,1,1
2021,44295,HB ,3293,80 Y 20 N ,West Virginia ,WV,0,17,1,2,2,"Del. Rohrbach, Matthew [R]",1,0,0,1,0,0,0,0,0,0.529,2020,7471,5283,,18921,0.23127742,-0.12424875,,31.5,25.9,23.7,18.8,90.4,3.4,1.9,9.6,43,32.3,88.7,29.1,27.93035,72.06965,0.6039863,393.65,203,0,1,1,1
2021,44295,HB ,3293,80 Y 20 N ,West Virginia ,WV,0,18,1,2,1,"Del. Worrell, Evan Bradley [R]",1,0,0,1,0,0,0,0,0,,2020,5531,2398,,7929,0.7902636,0.11111161,,30.1,23.8,28.2,18,96.3,1.5,0.5,3.7,48.6,25.9,88.6,24.9,22.93719,77.06281,0,508.8,249.2,0,1,1,1
2021,44295,HB ,3293,80 Y 20 N ,West Virginia ,WV,0,19,1,2,2,"Del. Booth, Josh [R]",1,0,0,1,0,0,0,0,0,,2020,,,,,1,-0.23104034,,27.9,22.9,28.9,20.3,98.2,0.1,0.7,1.8,50.3,24.4,78.5,13.5,25.997173,74.00283,0.080104865,278.5,156.8,0,1,1,1
2021,44295,HB ,3293,80 Y 20 N ,West Virginia ,WV,0,19,1,2,2,"Del. Griffith, Rickey \Ric\"" Willard [D]""",0,1,0,0,1,0,0,0,0,,2020,5520,4192,,22054,0.12043167,-0.23104034,,27.9,22.9,28.9,20.3,98.2,0.1,0.7,1.8,50.3,24.4,78.5,13.5,25.997173,74.00283,0.080104865,278.5,156.8,0,1,1,1
2021,44295,HB ,3293,80 Y 20 N ,West Virginia ,WV,0,20,1,2,1,"Del. Brown, Nathan Duane [D]",1,0,0,0,1,0,0,0,0,,2020,3486,2792,,6278,0.22108951,0.2542386,,29.3,27.5,27,16.4,93.7,4.1,0.2,6.3,53,20.8,78.4,10.2,19.831686,80.16831,0,275.1,207.8,0,1,1,1
2021,44295,HB ,3293,80 Y 20 N ,West Virginia ,WV,0,21,1,2,1,"Del. Dean II, Daniel \Mark\"" Mark [R]""",1,0,0,1,0,0,0,0,0,0.497,2020,4298,1881,,6179,0.39116362,-0.055765677,,27,20.8,33.9,18.2,98.8,0.3,0,1.2,55.5,19.5,67.4,7,0,100,0,293.46667,173.3,0,1,1,1
2021,44295,HB ,3293,80 Y 20 N ,West Virginia ,WV,0,22,1,2,2,"Del. Jeffries, Joseph \Joe\"" David [R]""",1,0,0,1,0,0,0,0,0,,2020,6206,5003,,20180,0.059613477,0.2102358,,28.3,24.6,28.5,18.6,97.5,0.5,0.7,2.5,54.8,22.8,84.8,12.8,10.572544,89.42746,0.08690843,266.025,148.25,0,1,1,1
2021,44295,HB ,3293,80 Y 20 N ,West Virginia ,WV,0,22,1,2,2,"Del. Maynard, Zachery Ezra [R]",1,0,0,1,0,0,0,0,0,0.57,2020,7068,5003,,20180,0.20465808,0.2102358,,28.3,24.6,28.5,18.6,97.5,0.5,0.7,2.5,54.8,22.8,84.8,12.8,10.572544,89.42746,0.08690843,266.025,148.25,0,1,1,1
2021,44295,HB ,3293,80 Y 20 N ,West Virginia ,WV,0,23,1,2,1,"Del. Holstein, Joshua \Josh\"" Allen [R]""",1,0,0,1,0,0,0,0,0,,2020,3557,2991,,6548,0.1728772,-0.066585556,,28.3,23.6,29.6,18.5,97.5,1.2,0.3,2.5,51.9,23.8,80,8.1,20.680593,79.319405,0,235.1,109.6,0,1,1,1
2021,44295,HB ,3293,80 Y 20 N ,West Virginia ,WV,0,24,1,2,2,"Del. Bridges, Jordan Ray [R]",1,0,0,1,0,0,0,0,0,,2020,5112,4564,,17482,0.03134653,0.2818152,,28.6,24.3,28.5,18.6,96.1,1.5,0.7,3.9,53.8,23,79.5,9.8,81.13686,18.863138,0.007289692,285.23334,172.9,0,1,1,1
2021,44295,HB ,3293,80 Y 20 N ,West Virginia ,WV,0,24,1,2,2,"Del. Schaaf-Mazzocchi, Margitta [R]",1,0,0,1,0,1,0,0,0,,2020,4986,4564,,17482,0.048278227,0.2818152,,28.6,24.3,28.5,18.6,96.1,1.5,0.7,3.9,53.8,23,79.5,9.8,81.13686,18.863138,0.007289692,285.23334,172.9,0,1,1,1
2021,44295,HB ,3293,80 Y 20 N ,West Virginia ,WV,0,25,1,2,1,"Del. Paynter, Anthony \Tony\"" Dowe [R]""",1,0,0,1,0,0,0,0,0,0.466,2020,1,0,,1,1,-0.06806244,,25.8,23.2,29.6,21.4,97.6,1.1,0.2,2.4,59.5,19.4,81.1,9.5,57.711334,42.288666,0,367.5,231.5,0,1,1,1
2021,44295,HB ,3293,80 Y 20 N ,West Virginia ,WV,0,26,1,2,1,"Del. Evans, Edward \Ed\"" Edmond [D]""",0,1,0,0,1,0,0,0,0,-0.337,2020,2768,2699,,5467,0.012621182,0.19564025,,28.7,24.2,27.5,19.7,87.4,9.4,1.5,12.6,46.3,27.3,71,7.3,8.726941,91.273056,0.21671827,368.45,237.25,0,1,1,1
2021,44295,HB ,3293,80 Y 20 N ,West Virginia ,WV,0,27,1,2,3,"Del. Ellington Jr., Joe C. [R]",1,0,0,1,0,0,0,0,0,0.878,2020,12370,7629,,45816,0.10347913,0.52525055,,29,23.2,27,20.7,89.9,6.4,1.2,10.1,47.3,26.3,84.9,20.6,56.641514,43.358486,0.075971805,517.3,401.1,0,1,1,1
2021,44295,HB ,3293,80 Y 20 N ,West Virginia ,WV,0,27,1,2,3,"Del. Gearheart, Gary \Marty\"" Martin [R]""",1,0,0,1,0,0,0,0,0,1.204,2020,12853,7629,,45816,0.3420639,0.52525055,,29,23.2,27,20.7,89.9,6.4,1.2,10.1,47.3,26.3,84.9,20.6,56.641514,43.358486,0.075971805,517.3,401.1,0,1,1,1
2021,44295,HB ,3293,80 Y 20 N ,West Virginia ,WV,0,27,1,2,3,"Del. Smith, Douglas \Doug\"" Dean [R]""",1,0,0,1,0,0,0,0,0,,2020,12964,7629,,45816,0.34933212,0.52525055,,29,23.2,27,20.7,89.9,6.4,1.2,10.1,47.3,26.3,84.9,20.6,56.641514,43.358486,0.075971805,517.3,401.1,0,1,1,1
2021,44295,HB ,3293,80 Y 20 N ,West Virginia ,WV,0,28,1,2,2,"Del. Cooper, Roy G. [R]",1,0,0,1,0,0,0,0,0,0.846,2020,10079,4239,,23800,0.73613447,0.4512913,,24.8,24.6,28.6,22.1,91.8,3.6,1.5,8.2,56.8,19.7,87,20.1,30.300316,69.699684,0.13376649,276.5,131.66667,0,1,1,1
2021,44295,HB ,3293,80 Y 20 N ,West Virginia ,WV,0,28,1,2,2,"Del. Pack, Jeffrey [R]",1,0,0,1,0,0,0,0,0,0.932,2020,9482,4239,,23800,0.44058824,0.4512913,,24.8,24.6,28.6,22.1,91.8,3.6,1.5,8.2,56.8,19.7,87,20.1,30.300316,69.699684,0.13376649,276.5,131.66667,0,1,1,1
2021,44295,HB ,3293,80 Y 20 N ,West Virginia ,WV,0,29,1,2,1,"Del. Steele, Brandon Scott [R]",1,0,0,1,0,0,0,0,0,,2020,5894,1735,,7629,0.545157,0.24410746,,30.7,23,29.3,16.9,92.2,4.1,0.6,7.8,51.7,24,85.1,12.2,39.33185,60.66815,0.18365473,319.9,155.7,0,1,1,1
2021,44295,HB ,3293,80 Y 20 N ,West Virginia ,WV,0,30,1,2,1,"Del. Bates, Mick [D]",1,0,0,0,1,0,0,0,0,-0.176,2020,4622,3081,,7703,0.20005193,0.002672933,,25.5,27.5,26.1,20.7,75.1,18.9,1.3,24.9,46.7,26,87.1,21,81.537605,18.462393,0.0733586,319.9,155.7,0,1,1,1
2021,44295,HB ,3293,80 Y 20 N ,West Virginia ,WV,0,31,1,2,1,"Del. Toney, Christopher Wayne [R]",1,0,0,1,0,0,0,0,0,,2020,1,0,,1,1,0.19865371,,31.6,23.5,24.6,20.3,94.6,1.4,1.5,5.4,51.5,25.8,81,11.9,100,0,0,342.75,187.85,0,1,1,1
2021,44295,HB ,3293,80 Y 20 N ,West Virginia ,WV,0,32,1,2,3,"Del. Fast, Tom [R]",1,0,0,1,0,0,0,0,0,0.809,2020,9058,7264,,47704,0.03760691,0.073461995,,28.8,23.3,28,19.9,91.7,5.1,1.3,8.3,51.7,24.3,82.3,14.7,54.049595,45.950405,0.07185521,332.475,128.3,0,1,1,1
2021,44295,HB ,3293,80 Y 20 N ,West Virginia ,WV,0,32,1,2,3,"Del. Haynes, Austin Lee [R]",1,0,0,1,0,0,0,0,0,,2020,8341,7264,,47704,0.067730166,0.073461995,,28.8,23.3,28,19.9,91.7,5.1,1.3,8.3,51.7,24.3,82.3,14.7,54.049595,45.950405,0.07185521,332.475,128.3,0,1,1,1
2021,44295,HB ,3293,80 Y 20 N ,West Virginia ,WV,0,32,1,2,3,"Del. Kessinger, Kayla [R]",1,0,0,1,0,1,0,0,0,1.085,2020,10760,7264,,47704,0.21985577,0.073461995,,28.8,23.3,28,19.9,91.7,5.1,1.3,8.3,51.7,24.3,82.3,14.7,54.049595,45.950405,0.07185521,332.475,128.3,0,1,1,1
2021,44295,HB ,3293,80 Y 20 N ,West Virginia ,WV,0,33,1,2,1,"Del. Hanshaw, Roger [R]",1,0,0,1,0,0,0,0,0,0.749,2020,4811,2223,,7034,0.367927,0.019716604,,27.9,20.9,29.3,21.7,97.7,0.2,0.8,2.3,53.1,23.9,79.4,11.2,0.63716406,99.36284,0,267.4,84.73333,0,1,1,1
2021,44295,HB ,3293,80 Y 20 N ,West Virginia ,WV,0,34,1,2,1,"Del. Boggs, Brent [D]",1,0,0,0,1,0,0,0,0,-0.147,2020,4682,1943,,6625,0.41343397,0.20543462,,28.8,25,27.5,18.8,90.3,4.8,2.5,9.7,50.4,29.8,81.4,14.9,7.0201054,92.9799,0.17907774,351.1,73.05,0,1,1,1
2021,44295,HB ,3293,80 Y 20 N ,West Virginia ,WV,0,35,1,2,4,"Del. Capito, Moore Arch Alfred [R]",1,0,0,1,0,0,0,0,0,0.698,2020,16021,12076,,102224,0.03859172,0.034245394,,28.2,24.8,27.3,19.8,86.9,6.7,1.1,13.1,47.3,26.8,91.8,31.9,18.305416,81.69458,0.2646424,408,179.1,0,1,1,1
2021,44295,HB ,3293,80 Y 20 N ,West Virginia ,WV,0,35,1,2,4,"Del. Pack, Lawrence \Larry\"" Allen [R]""",1,0,0,1,0,0,0,0,0,0.932,2020,12431,12076,,102224,0.013891063,0.034245394,,28.2,24.8,27.3,19.8,86.9,6.7,1.1,13.1,47.3,26.8,91.8,31.9,18.305416,81.69458,0.2646424,408,179.1,0,1,1,1
2021,44295,HB ,3293,80 Y 20 N ,West Virginia ,WV,0,35,1,2,4,"Del. Skaff Jr., Doug [D]",0,1,0,0,1,0,0,0,0,-0.292,2020,15975,12076,,102224,0.15256691,0.034245394,,28.2,24.8,27.3,19.8,86.9,6.7,1.1,13.1,47.3,26.8,91.8,31.9,18.305416,81.69458,0.2646424,408,179.1,0,1,1,1
2021,44295,HB ,3293,80 Y 20 N ,West Virginia ,WV,0,35,1,2,4,"Del. Young, Kayla Ann [D]",0,1,0,0,1,1,0,0,0,,2020,12323,12076,,102224,0.009665049,0.034245394,,28.2,24.8,27.3,19.8,86.9,6.7,1.1,13.1,47.3,26.8,91.8,31.9,18.305416,81.69458,0.2646424,408,179.1,0,1,1,1
2021,44295,HB ,3293,80 Y 20 N ,West Virginia ,WV,0,36,1,2,3,"Del. Barach, James \Jim\"" Anthony [D]""",0,1,0,0,1,0,0,0,0,,2020,8490,8026,,50670,0.03662917,-0.11329458,,26.7,23.4,29.5,20.3,91.1,4.7,1,8.9,47.4,27.1,85.8,20.6,0,100,0.56351256,408,179.1,0,1,1,1
2021,44295,HB ,3293,80 Y 20 N ,West Virginia ,WV,0,36,1,2,3,"Del. Pritt, Christopher \Chris\"" Todd [R]""",1,0,0,1,0,0,0,0,0,,2020,8508,8026,,50670,0.028537596,-0.11329458,,26.7,23.4,29.5,20.3,91.1,4.7,1,8.9,47.4,27.1,85.8,20.6,0,100,0.56351256,408,179.1,0,1,1,1
2021,44295,HB ,3293,80 Y 20 N ,West Virginia ,WV,0,36,1,2,3,"Del. Rowe, Larry L. [D]",0,1,0,0,1,0,0,0,0,-0.308,2020,10355,8026,,50670,0.13789225,-0.11329458,,26.7,23.4,29.5,20.3,91.1,4.7,1,8.9,47.4,27.1,85.8,20.6,0,100,0.56351256,408,179.1,0,1,1,1
2021,44295,HB ,3293,80 Y 20 N ,West Virginia ,WV,0,37,1,2,1,"Del. Pushkin, Mike [D]",0,1,0,0,1,0,0,0,0,-0.727,2020,1,0,,1,1,-0.11555526,,30.5,27.5,27.5,14.4,59.6,31.6,1.8,40.4,24,43.8,89,22.5,22.417086,77.58292,0.4185101,408,179.1,0,1,1,1
2021,44295,HB ,3293,80 Y 20 N ,West Virginia ,WV,0,38,1,2,1,"Del. Graves, Dianna [R]",1,0,0,1,0,1,0,0,0,1.023,2020,6037,3231,,9268,0.30276218,0.271692,,28.1,27.2,27.2,17.8,90.2,5.3,1.4,9.8,56.7,24.2,92.5,30.8,28.832952,71.167046,0.6158874,403.7,188.7,0,1,1,1
2021,44295,HB ,3293,80 Y 20 N ,West Virginia ,WV,0,39,1,2,1,"Del. Ferrell, Dana Joe [R]",1,0,0,1,0,0,0,0,0,,2020,5292,2550,,7842,0.3496557,0.4303566,,27.7,22.6,30,19.5,97.3,1.5,0.1,2.7,55.6,23.3,84.6,20.1,43.14292,56.85708,0.7447865,408,179.1,0,1,1,1
2021,44295,HB ,3293,80 Y 20 N ,West Virginia ,WV,0,40,1,2,1,"Del. Jeffries, Warren Dean [R]",1,0,0,1,0,0,0,0,0,,2020,1,0,,1,1,-0.007870043,,26.2,21.9,30.1,21.7,96.9,0.1,1.3,3.1,58,21.2,83,15.4,13.164531,86.83547,0.1848673,408,179.1,0,1,1,1
2021,44295,HB ,3293,80 Y 20 N ,West Virginia ,WV,0,41,1,2,1,"Del. Glasko-Tully, Heather Dawn [R]",1,0,0,1,0,1,0,0,0,,2020,5725,2086,,7811,0.46588144,0.25596556,,27.3,23.6,28.5,20.4,97.4,0.1,0.7,2.6,57.1,20.6,88.3,16.7,64.72172,35.278286,0.162756,411.2,179.55,0,1,1,1
2021,44295,HB ,3293,80 Y 20 N ,West Virginia ,WV,0,42,1,2,2,"Del. Bruce, Barry Lee [R]",1,0,0,1,0,0,0,0,0,,2020,8236,6533,,27951,0.060928054,-0.08558593,,25.7,23.6,29,21.7,92,2.8,2,8,48.8,26,84.4,19.1,34.590126,65.409874,0,316.03333,148.83333,0,1,1,1
2021,44295,HB ,3293,80 Y 20 N ,West Virginia ,WV,0,42,1,2,2,"Del. Longanacre, William \Todd\"" Todd [R]""",1,0,0,1,0,0,0,0,0,,2020,7450,6533,,27951,0.06561483,-0.08558593,,25.7,23.6,29,21.7,92,2.8,2,8,48.8,26,84.4,19.1,34.590126,65.409874,0,316.03333,148.83333,0,1,1,1
2021,44295,HB ,3293,80 Y 20 N ,West Virginia ,WV,0,43,1,2,2,"Del. Nestor, William \Ty\"" Tyler [R]""",1,0,0,1,0,0,0,0,0,,2020,8070,6085,,25333,0.15671259,-0.12534916,,26.9,23.1,28.7,21.5,96.4,1.6,0.8,3.6,50.6,26,84,16.4,57.71547,42.28453,0.1700449,358.5,160.6,0,1,1,1
2021,44295,HB ,3293,80 Y 20 N ,West Virginia ,WV,0,43,1,2,2,"Del. Thompson, Cody Hansbrough [D]",0,1,1,0,1,0,0,0,0,,2020,6644,6085,,25333,0.04413216,-0.12534916,,26.9,23.1,28.7,21.5,96.4,1.6,0.8,3.6,50.6,26,84,16.4,57.71547,42.28453,0.1700449,358.5,160.6,0,1,1,1
2021,44295,HB ,3293,80 Y 20 N ,West Virginia ,WV,0,44,1,2,1,"Del. Hanna, Caleb [R]",1,0,0,1,0,0,1,0,0,,2020,4332,2445,,6777,0.5568836,0.2575167,,26.5,20.5,29.8,23.2,99,0.3,0.2,1,55,20.5,81.9,10.4,79.16821,20.831789,0,312.6,129.1,0,1,1,1
2021,44295,HB ,3293,80 Y 20 N ,West Virginia ,WV,0,45,1,2,1,"Del. Martin, Carl Robert [R]",1,0,0,1,0,0,0,0,0,,2020,1,0,,1,1,-0.03442127,,32.9,22.4,26.5,18.1,95.7,2,1.1,4.3,45.6,30.3,83.3,16.7,16.450357,83.549644,0.17335644,326.3,138.9,0,1,1,1
2021,44295,HB ,3293,80 Y 20 N ,West Virginia ,WV,0,46,1,2,1,"Del. Burkhammer, Adam Dwayne [R]",1,0,0,1,0,0,0,0,0,,2020,5362,2516,484,8362,0.3403492,-0.062131047,,29.2,23.1,27.9,19.6,96.4,0.2,1.5,3.6,53.6,23,87.7,14.7,0,100,0.17335644,320.15,89.05,0,1,1,1
2021,44295,HB ,3293,80 Y 20 N ,West Virginia ,WV,0,47,1,2,1,"Del. Phillips, Chris Edward [R]",1,0,0,1,0,0,0,0,0,,2020,5018,2767,,7785,0.2891458,-0.04244817,,31.8,21.1,27.9,19.1,95.6,1.1,0.5,4.4,50.8,27.4,86,16.1,10.848192,89.15181,0.67504966,455.75,259.7,0,1,1,1
2021,44295,HB ,3293,80 Y 20 N ,West Virginia ,WV,0,48,1,2,4,"Del. Hamrick, Danny [R]",1,0,0,1,0,0,0,0,0,0.954,2020,14642,12083,,102149,0.02505164,0.09437421,,28.9,24.4,28,18.7,94.3,1.6,1.6,5.7,51.5,26.4,88.5,22.2,17.929958,82.070045,0.27875063,555.6,229.45,0,1,1,1
2021,44295,HB ,3293,80 Y 20 N ,West Virginia ,WV,0,48,1,2,4,"Del. Kimble, Laura M Hurley [R]",1,0,0,1,0,1,0,0,0,0.874,2020,14495,12083,,102149,0.094450265,0.09437421,,28.9,24.4,28,18.7,94.3,1.6,1.6,5.7,51.5,26.4,88.5,22.2,17.929958,82.070045,0.27875063,555.6,229.45,0,1,1,1
2021,44295,HB ,3293,80 Y 20 N ,West Virginia ,WV,0,48,1,2,4,"Del. Queen, Bennett \Ben\"" Montgomery [R]""",1,0,0,1,0,0,0,0,0,0.672,2020,16706,12083,,102149,0.18102968,0.09437421,,28.9,24.4,28,18.7,94.3,1.6,1.6,5.7,51.5,26.4,88.5,22.2,17.929958,82.070045,0.27875063,555.6,229.45,0,1,1,1
2021,44295,HB ,3293,80 Y 20 N ,West Virginia ,WV,0,48,1,2,4,"Del. Riley, Clay Patrick [R]",1,0,0,1,0,0,0,0,0,,2020,13559,12083,,102149,0.057797924,0.09437421,,28.9,24.4,28,18.7,94.3,1.6,1.6,5.7,51.5,26.4,88.5,22.2,17.929958,82.070045,0.27875063,555.6,229.45,0,1,1,1
2021,44295,HB ,3293,80 Y 20 N ,West Virginia ,WV,0,49,1,2,1,"Del. Summers, Amy [R]",1,0,0,1,0,1,0,0,0,0.871,2020,5091,3116,,8207,0.9625929,-0.021796403,,27.6,24.8,29.1,18.5,96.1,0.8,0.9,3.9,50.4,27.5,88.5,19.3,49.36038,50.63962,0.24824162,420.7,175.5,0,1,1,1
2021,44295,HB ,3293,80 Y 20 N ,West Virginia ,WV,0,50,1,2,3,"Del. Garcia, Joseph \Joey\"" David [D]""",0,1,0,0,1,0,0,0,0,,2020,10917,10852,,62158,0.001045722,-0.03995407,,31.3,23.5,26.3,18.8,92.5,3.7,1.3,7.5,50.4,28.9,89.3,23.5,0,100,0.3896909,467.5,218.2,0,1,1,1
2021,44295,HB ,3293,80 Y 20 N ,West Virginia ,WV,0,50,1,2,3,"Del. Mallow, Phil [R]",1,0,0,1,0,0,0,0,0,,2020,11178,10852,,62158,0.015734097,-0.03995407,,31.3,23.5,26.3,18.8,92.5,3.7,1.3,7.5,50.4,28.9,89.3,23.5,0,100,0.3896909,467.5,218.2,0,1,1,1
2021,44295,HB ,3293,80 Y 20 N ,West Virginia ,WV,0,50,1,2,3,"Del. Ward, Guy Edward [R]",1,0,0,1,0,0,0,0,0,0.356,2020,11334,10852,,62158,0.023263296,-0.03995407,,31.3,23.5,26.3,18.8,92.5,3.7,1.3,7.5,50.4,28.9,89.3,23.5,0,100,0.3896909,467.5,218.2,0,1,1,1
2021,44295,HB ,3293,80 Y 20 N ,West Virginia ,WV,0,51,1,2,5,"Del. Fleischauer, Barbara Evans [D]",0,1,0,0,1,1,0,0,0,-0.647,2020,19718,17707,,166408,0.03625427,-0.23323531,,38.7,28.9,20.9,11.5,87.7,3.7,2.1,12.3,37.8,47.3,92.3,41.9,0,100,0.38687795,262.7,75.1,0,1,1,1
2021,44295,HB ,3293,80 Y 20 N ,West Virginia ,WV,0,51,1,2,5,"Del. Hansen, Evan Paul [D]",0,1,0,0,1,0,0,0,0,,2020,18800,17707,,166408,0.032840967,-0.23323531,,38.7,28.9,20.9,11.5,87.7,3.7,2.1,12.3,37.8,47.3,92.3,41.9,0,100,0.38687795,262.7,75.1,0,1,1,1
2021,44295,HB ,3293,80 Y 20 N ,West Virginia ,WV,0,51,1,2,5,"Del. Statler, Joseph \Joe\"" C. [R]""",1,0,0,1,0,0,0,0,0,0.849,2020,18304,17707,,166408,0.01793784,-0.23323531,,38.7,28.9,20.9,11.5,87.7,3.7,2.1,12.3,37.8,47.3,92.3,41.9,0,100,0.38687795,262.7,75.1,0,1,1,1
2021,44295,HB ,3293,80 Y 20 N ,West Virginia ,WV,0,51,1,2,5,"Del. Walker, Danielle Marie [D]",0,1,0,0,1,1,0,0,0,-0.401,2020,17931,17707,,166408,0.006730446,-0.23323531,,38.7,28.9,20.9,11.5,87.7,3.7,2.1,12.3,37.8,47.3,92.3,41.9,0,100,0.38687795,262.7,75.1,0,1,1,1
2021,44295,HB ,3293,80 Y 20 N ,West Virginia ,WV,0,51,1,2,5,"Del. Williams, John Ryan Nelson [D]",0,1,0,0,1,0,0,0,0,-0.579,2020,17737,17707,,166408,9.01E-04,-0.23323531,,38.7,28.9,20.9,11.5,87.7,3.7,2.1,12.3,37.8,47.3,92.3,41.9,0,100,0.38687795,262.7,75.1,0,1,1,1
2021,44295,HB ,3293,80 Y 20 N ,West Virginia ,WV,0,52,1,2,1,"Del. Sypolt, Terrishie \Terri\"" Funk [R]""",1,0,0,1,0,1,0,0,0,0.906,2020,4816,2938,,7754,0.242198,0.05460065,,25.2,31,26.9,17,84.9,8.1,4.2,15.1,49,30.2,86.6,16.7,26.518955,73.48105,0,323.6,149.5,0,1,1,1
2021,44295,HB ,3293,80 Y 20 N ,West Virginia ,WV,0,53,1,2,1,"Del. Jennings, D. Roland \Buck\"" [R]""",1,0,0,1,0,0,0,0,0,0.984,2020,6168,2798,,8966,0.3758644,0.074151956,,26.6,20.7,30.2,22.5,98.5,0.2,0.3,1.5,54.1,23.5,86.8,15.3,51.713238,48.286762,0.09013649,395.45,174,0,1,1,1
2021,44295,HB ,3293,80 Y 20 N ,West Virginia ,WV,0,54,1,2,1,"Del. Hott II, John Paul [R]",1,0,0,1,0,0,0,0,0,,2020,1,0,,1,1,-0.14290902,,29.4,21.2,27.3,22.2,97.4,1.2,0.5,2.6,52,25.2,83,13.2,91.36995,8.630048,0.9107956,458.73334,204.26666,0,1,1,1
2021,44295,HB ,3293,80 Y 20 N ,West Virginia ,WV,0,55,1,2,1,"Del. Ward, Bryan Clark [R]",1,0,0,1,0,0,0,0,0,,2020,6171,2440,,8611,0.433283,-0.15878923,,25.6,20.8,30.5,23.1,91,5.2,1.5,9,60.4,19.9,81.1,14.9,84.94305,15.05695,0.1155624,537.35,295.75,0,1,1,1
2021,44295,HB ,3293,80 Y 20 N ,West Virginia ,WV,0,56,1,2,1,"Del. Howell, Gary G. [R]",1,0,0,1,0,0,0,0,0,1.338,2020,1,0,,1,1,-0.03339115,,30.5,22.1,27,20.5,91.5,5.1,1.3,8.5,48.4,30.3,90.7,16.1,60.663944,39.336056,0,375,146.4,0,1,1,1
2021,44295,HB ,3293,80 Y 20 N ,West Virginia ,WV,0,57,1,2,1,"Del. Rowan, Ruth [R]",1,0,0,1,0,1,0,0,0,0.702,2020,1,0,,1,1,-0.15165357,,27.6,19.4,30.3,22.7,95,1.7,1.6,5,48.9,27.4,83.2,12.5,29.213354,70.786644,0.16549969,331.7,133.95,0,1,1,1
2021,44295,HB ,3293,80 Y 20 N ,West Virginia ,WV,0,58,1,2,1,"Del. Miller, George Allen [R]",1,0,0,1,0,0,0,0,0,,2020,6555,2069,,8624,0.52017623,0.30921862,,24.7,23.2,32.4,19.8,96.8,0.6,0.7,3.2,52.1,23.9,84.8,15.5,77.88807,22.111933,0.33987916,274.45,97.05,0,1,1,1
2021,44295,HB ,3293,80 Y 20 N ,West Virginia ,WV,0,59,1,2,1,"Del. Reed, Kenneth \Ken\"" R. [R]""",1,0,0,1,0,0,0,0,0,,2020,7338,1655,1271,10264,0.5536828,0.10838881,,28.6,23.4,29.2,18.8,91.6,2.3,4.1,8.4,60.2,21,89.1,21.5,40.974365,59.025635,0.53374,268.4,105.55,0,1,1,1
2021,44295,HB ,3293,80 Y 20 N ,West Virginia ,WV,0,60,1,2,1,"Del. Forsht, Donald \Don\"" Herbert [R]""",1,0,0,1,0,0,0,0,0,,2020,6163,2556,489,9208,0.3917246,0.10209631,,29.1,25.5,29.8,15.8,89.9,3.7,2.6,10.1,57.9,23.6,87.8,19.6,40.974365,59.025635,0.32799295,276.3,138.5,0,1,1,1
2021,44295,HB ,3293,80 Y 20 N ,West Virginia ,WV,0,61,1,2,1,"Del. Barrett, Jason [R]",1,0,0,1,0,0,0,0,0,,2020,4273,3033,,7306,0.16972351,-0.2574226,,34.3,26.5,24.5,14.8,76.1,13.6,5.2,23.9,33.2,36,85.6,20.1,40.974365,59.025635,0.34174553,276.3,138.5,0,1,1,1
2021,44295,HB ,3293,80 Y 20 N ,West Virginia ,WV,0,62,1,2,1,"Del. Horst Sr., Charles Kenneth [R]",1,0,0,1,0,0,0,0,0,,2020,6247,3065,,9312,0.3417096,-0.124580294,,30.4,26.5,28,15.1,85.6,5.7,5.2,14.4,58,25.9,89.7,20.2,40.974365,59.025635,0,276.3,138.5,0,1,1,1
2021,44295,HB ,3293,80 Y 20 N ,West Virginia ,WV,0,63,1,2,1,"Del. Hardy, John Robert [R]",1,0,0,1,0,0,0,0,0,,2020,4684,3091,544,8319,0.19148937,0.25221574,,33.9,29.7,25.8,10.5,80.3,8,4.1,19.7,52.2,29.2,91,24.9,40.974365,59.025635,0.20107238,276.3,138.5,0,1,1,1
2021,44295,HB ,3293,80 Y 20 N ,West Virginia ,WV,0,64,1,2,1,"Del. Householder, Eric Lee [R]",1,0,0,1,0,0,0,0,0,1.246,2020,1,0,,1,1,-0.017463706,,29.8,27.8,29.7,12.6,85,8.4,3.7,15,53.8,24.6,87.6,17.5,40.974365,59.025635,0.4664563,276.3,138.5,0,1,1,1
2021,44295,HB ,3293,80 Y 20 N ,West Virginia ,WV,0,65,1,2,1,"Del. Clark, Wayne Michael [R]",1,0,0,1,0,0,0,0,0,,2020,4576,4451,,9027,0.013847347,-0.2253059,,29.7,27.5,27.5,15.3,76.6,9.6,8,23.4,48.5,27.5,88,28.3,40.974365,59.025635,0.10490427,334.3,72.8,0,1,1,1
2021,44295,HB ,3293,80 Y 20 N ,West Virginia ,WV,0,66,1,2,1,"Del. Espinosa, Paul [R]",1,0,0,1,0,0,0,1,0,1.008,2020,5258,3370,,8628,0.21882243,-0.02833447,,29.2,22.8,33.1,14.8,85.4,5,5.3,14.6,59.3,24.2,86.9,26.1,40.974365,59.025635,0.37402752,334.3,72.8,0,1,1,1
2021,44295,HB ,3293,80 Y 20 N ,West Virginia ,WV,0,67,1,2,1,"Del. Doyle, Robert John [D]",0,1,0,0,1,0,0,0,0,-0.626,2020,5065,4304,,9369,0.08122532,-0.45153067,,35,22.6,27.5,15,88.7,4,3.2,11.3,51.7,31.7,93.3,38.8,40.974365,59.025635,0.39483675,334.3,72.8,0,1,1,1
2023,45002,SF,133,28_3,Wyoming,WY,1,1,,4,1,"Sen. Driskill, Ogden [R]",1,0,0,1,0,0,0,0,0,0.675,2018,5557,187,,5744,0.9348886,0.40066496,,31.7,24.5,27.4,16.2,92.1,0.5,4.8,7.9,62.2,20.2,92.6,18.7,18.491621,81.50838,0,389.23334,129.6,0,1,1,1
2023,45002,SF,133,28_3,Wyoming,WY,1,2,,4,1,"Sen. Boner, Brian [R]",1,0,0,1,0,0,0,0,0,0.406,2020,9372,0,,9372,1,0.20651183,,28.6,22.6,30.4,18.3,90.4,0,6.5,9.6,60.9,17.5,91.7,18.7,51.15311,48.84689,0.061042607,333.3,137.6,0,1,1,1
2023,45002,SF,133,28_3,Wyoming,WY,1,3,,4,1,"Sen. Steinmetz, Cheri [R]",1,0,0,1,0,1,0,0,0,1.265,2018,5721,1449,15,7185,0.594572,0.1297916,,31,23.4,25.9,19.9,87.6,0.1,7.8,12.4,57.5,23.2,92,22.3,43.734516,56.265484,0,312.8,91.666664,0,1,1,1
2023,45002,SF,133,28_3,Wyoming,WY,1,4,,4,1,"Sen. Nethercott, Tara B. [R]",1,0,0,1,0,1,0,0,0,0.208,2020,9299,0,,9299,1,-0.12838954,,27.8,24,27.6,20.7,83.3,3,9,16.7,54.9,21.6,95.8,35.5,74.74233,25.25767,0.14072944,320.9,76.5,0,1,1,1
2023,45002,SF,133,28_3,Wyoming,WY,1,5,,4,1,"Sen. Hutchings, Karen Lynn [R]",1,0,0,1,0,1,1,0,0,1.142,2018,5382,304,,5686,0.8930707,0.26695532,,32.2,23.2,26,18.5,84.9,1.5,8.5,15.1,60.3,22,97.5,44.5,86.73395,13.266052,0,320.9,76.5,0,1,1,1
2023,45002,SF,133,28_3,Wyoming,WY,1,6,,4,1,"Sen. Bouchard, Anthony [R]",1,0,0,1,0,0,0,0,0,0.872,2020,6879,3724,32,10635,0.29666197,0.20956275,,32.8,27.6,26.4,13.1,83.5,3.1,9.4,16.5,63.4,19.8,94.6,25.7,52.92547,47.07453,0,360.45,132.9,0,1,1,1
2023,45002,SF,133,28_3,Wyoming,WY,1,7,,4,1,"Sen. Pappas, Stephan [R]",1,0,0,1,0,0,0,0,0,0.049,2018,3723,86,,3809,0.9548438,0.32230014,,35.4,28.3,23.3,12.9,77.5,1.8,16.6,22.5,43.4,35.3,92,22.5,97.39369,2.6063101,0.18008034,320.9,76.5,0,1,1,1
2023,45002,SF,133,28_3,Wyoming,WY,1,8,,4,1,"Sen. Ellis, Affie B. [R]",1,0,0,1,0,1,0,0,0,0.229,2020,4231,2623,47,6901,0.23300971,0.58993375,,34.7,30.8,23.8,10.7,66.4,2.6,28.1,33.6,45.5,31.2,85.8,15.1,95.853195,4.1468067,0,320.9,76.5,0,1,1,1
2023,45002,SF,133,28_3,Wyoming,WY,1,9,,4,1,"Sen. Rothfuss, Chris [D]",0,1,0,0,1,0,0,0,0,-1.111,2018,4668,165,,4833,0.9317194,0.059956294,,42.3,31.4,16.9,9.4,80.9,0.5,12.3,19.1,38.3,49.5,94.4,44.5,99.56779,0.4322111,0.26279566,298,82.6,0,1,1,1
2023,45002,SF,133,28_3,Wyoming,WY,1,10,,4,1,"Sen. Furphy, Daniel \Dan\"" [R]""",1,0,0,1,0,0,0,0,0,-0.071,2020,5593,4343,45,9981,0.12523796,0.38720503,,46.9,21.6,19.6,11.9,84.6,1.8,6.9,15.4,42.4,45,97.6,55.6,67.41548,32.58452,0,298,82.6,0,1,1,1
2023,45002,SF,133,28_3,Wyoming,WY,1,11,,4,1,"Sen. Hicks, Larry [R]",1,0,0,1,0,0,0,0,0,0.836,2018,3757,1939,11,5707,0.31855616,0.2221659,,31.5,27.2,25.8,15.6,78.9,1,16.9,21.1,54.9,25.5,90.5,20,45.699234,54.300766,0.2316826,459.55,89.3,0,1,1,1
2023,45002,SF,133,28_3,Wyoming,WY,1,12,,4,1,"Sen. Kolb, John K. [R]",1,0,0,1,0,0,0,0,0,,2020,3278,2576,24,5878,0.119428374,0.15099071,,34.1,30.8,24,11.1,79.7,1.3,14.4,20.3,46.2,30.1,89,21.2,83.048195,16.951807,0.1471887,450.9,66.9,0,1,1,1
2023,45002,SF,133,28_3,Wyoming,WY,1,13,,4,1,"Jones, Stacey",1,0,0,1,0,1,0,0,0,,2022,3859,1220,,5079,0.5195905,0.49717954,,37.6,27.1,25.4,9.8,75.8,0.6,19.9,24.2,55.4,27.3,91.5,22.1,97.46705,2.5329542,0,450.9,66.9,0,1,1,1
2023,45002,SF,133,28_3,Wyoming,WY,1,14,,4,1,"Sen. Baldwin, Fred A. [R]",1,0,0,1,0,0,0,0,0,0.295,2020,7779,0,,7779,1,0.31292433,,32.3,26.6,27.3,14,89.6,0.1,7.1,10.4,55.8,21.4,95.3,24.1,39.97456,60.02544,0,506.075,74.925,0,1,1,1
2023,45002,SF,133,28_3,Wyoming,WY,1,15,,4,1,"Sen. Davis Schuler, Wendy [R]",1,0,0,1,0,1,0,0,0,,2018,4900,118,,5018,0.9529693,-0.030450333,,37.7,24.7,25.6,12.1,87.3,0.1,9.4,12.7,57.4,23.4,92.5,15.2,71.1349,28.865097,0.32217398,621.5,77.3,0,1,1,1
2023,45002,SF,133,28_3,Wyoming,WY,1,16,,4,1,"Sen. Dockstader, Dan [R]",1,0,0,1,0,0,0,0,0,0.856,2020,9231,0,,9231,1,6.69E-04,,32.3,21.8,28,17.8,92.9,0.4,4.3,7.1,62.3,21,95.6,30.6,0,100,0.17965727,550.95,60.55,0,1,1,1
2023,45002,SF,133,28_3,Wyoming,WY,1,17,,4,1,"Sen. Gierau, Michael \Mike\"" Frank [D]""",0,1,0,0,1,0,0,0,0,-0.871,2018,6008,3631,9,9648,0.24637231,-0.1285283,,25.3,36.6,25.6,12.6,80.3,1,16.6,19.7,48.3,34.8,93.5,57.2,44.077156,55.922844,0,449.5,45.7,0,1,1,1
2023,45002,SF,133,28_3,Wyoming,WY,1,18,,4,1,"Sen. French, Tim [R]",1,0,0,1,0,0,0,0,0,,2020,9153,0,,9153,1,0.18713865,,25.9,22,29.6,22.3,91.3,0.2,5.2,8.7,63,20,96.2,32.9,48.29232,51.70768,0,466.5,165,0,1,1,1
2023,45002,SF,133,28_3,Wyoming,WY,1,19,,4,1,"Sen. Laursen, Dan [R]",1,0,0,1,0,0,0,0,0,,2022,,,,,1,0.31906936,,33.9,22.4,23.8,20.1,88.4,0.4,8.5,11.6,53,27.2,90.8,24.8,32.949337,67.05066,0.028153153,546.1,134.6,0,1,1,1
2023,45002,SF,133,28_3,Wyoming,WY,1,20,,4,1,"Sen. Cooper, Edward D. [R]",1,0,0,1,0,0,0,0,0,,2020,7497,1293,26,8816,0.7037205,0.14857097,,28.2,21,28.6,22.2,87.8,0,8.3,12.2,58.6,21,91.2,21.7,54.18205,45.81795,0.23628248,486.05,138.51666,0,1,1,1
2023,45002,SF,133,28_3,Wyoming,WY,1,21,,4,1,"Sen. Biteman II, Dennis \Bo\"" [R]""",1,0,0,1,0,0,0,0,0,1.067,2018,5125,2810,16,7951,0.29115835,0.1722708,,29.3,24.6,27.9,18,92.3,0.5,4.3,7.7,58,23.5,95.8,29.1,67.798355,32.201645,0,370.7,93.4,0,1,1,1
2023,45002,SF,133,28_3,Wyoming,WY,1,22,,4,1,"Sen. Kinskey, David [R]",1,0,0,1,0,0,0,0,0,0.708,2020,8516,0,,8516,1,0.2386496,,28.7,21.5,27.5,22.4,91.1,0.5,3.2,8.9,55.1,23.2,94.7,30.4,50.543926,49.456074,0.30864197,377.35,131.75,0,1,1,1
2023,45002,SF,133,28_3,Wyoming,WY,1,23,,4,1,"Sen. Barlow, Eric [R]",1,0,0,1,0,0,0,0,0,,2022,3611,1369,,4980,0.4502008,0.20813327,,37.6,28.4,25.7,8.2,88.1,0.2,8.8,11.9,62.9,24.2,92.8,17.5,50.17624,49.82376,0,384.9,149.2,0,1,1,1
2023,45002,SF,133,28_3,Wyoming,WY,1,24,,4,1,"Sen. McKeown, Troy Dean [R]",1,0,0,1,0,0,0,0,0,,2020,8516,0,,8516,1,0.023011936,,36.1,31.2,24.7,7.9,83.7,0.2,9.8,16.3,55.3,27.7,91.3,23.7,98.40388,1.596122,0.6507592,384.9,149.2,0,1,1,1
2023,45002,SF,133,28_3,Wyoming,WY,1,25,,4,1,"Sen. Case, Cale [R]",0,1,0,1,0,0,0,0,0,0.632,2018,4012,2872,23,6907,0.16504996,0.09971434,,36.3,23.3,25,15.4,57.9,0.2,4.5,42.1,43.4,34.1,92,26.4,42.214268,57.785732,0.057678442,373.9,112.5,0,1,1,1
2023,45002,SF,133,28_3,Wyoming,WY,1,26,,4,1,"Sen. Salazar, Tim [R]",1,0,0,1,0,0,0,1,0,1.357,2020,7790,0,,7790,1,0.108750165,,31.5,23.6,26.4,18.5,81.4,1,9.2,18.6,53.5,24.9,90.7,21.3,63.140057,36.859943,0.25846472,373.9,112.5,0,1,1,1
2023,45002,SF,133,28_3,Wyoming,WY,1,27,,4,1,"Sen. Landen, Bill [R]",1,0,0,1,0,0,0,0,0,0.337,2018,5451,125,,5576,0.95516497,0.033525754,,35.4,27,26.4,11.4,88.4,0.8,7.6,11.6,53.2,27.4,91.7,25,84.85842,15.141577,0,407.2,186.5,0,1,1,1
2023,45002,SF,133,28_3,Wyoming,WY,1,28,,4,1,"Sen. Anderson, James \Jim\"" Lee [R]""",1,0,0,1,0,0,0,0,0,0.323,2020,6132,0,,6132,1,0.09492256,,33,28.6,23.7,14.7,85.9,2.6,7.9,14.1,40,34.7,94,26.2,99.82493,0.17507003,0.16556291,407.2,186.5,0,1,1,1
2023,45002,SF,133,28_3,Wyoming,WY,1,29,,4,1,"Sen. Ide, Bob. [R]",1,0,0,1,0,0,0,0,0,,2018,,,,,1,0.112134494,,30.6,27.8,25.4,16.2,86.3,0.6,10.1,13.7,50.3,26.6,92.4,24.1,93.48508,6.5149245,0.37094653,407.2,186.5,0,1,1,1
2023,45002,SF,133,28_3,Wyoming,WY,1,30,,4,1,"Sen. Scott, Charles K. [R]",1,0,0,1,0,0,0,0,0,0.415,2020,6046,1762,47,7855,0.5453851,0.073590696,,30.7,29.4,27.1,12.8,86.7,1.8,7.7,13.3,56.4,21.6,92,15.5,62.878357,37.121643,0,407.2,186.5,0,1,1,1
2023,45003,SF,133,28_4,Wyoming,WY,1,31,,4,1,"Brennan, Evie",1,0,0,1,0,1,0,0,0,,2022,3807,,,,1,,,.,,,,,,,,,,,,,,0,320.9,76.5,0,1,1,1
2023,45002,SF,133,51_10_1,Wyoming,WY,0,1,0,2,1,"Rep. Neiman, Chip [R]",1,0,0,1,0,0,0,0,0,,2022,3876,,,3876,1,0.47429484,24.9,28.9,20.1,31.2,19.6,93.4,0.5,1.2,6.6,65.7,16.2,93,22.2,0,100,0,391.4,119.8,0,1,1,1
2023,45002,SF,133,51_10_1,Wyoming,WY,0,2,0,2,1,"Rep. Slagle, Allen Earl [R]",1,0,0,1,0,0,0,0,0,,2022,2927,,,2927,1,0.36877927,32.4,31.4,24.4,26.7,17.4,87.5,0.2,6.2,12.5,57,22.7,90.1,20.7,40.89449,59.10551,0,312.8,91.666664,0,1,1,1
2023,45002,SF,133,51_10_1,Wyoming,WY,0,3,0,2,1,"Rep. Angelos, Abby [R]",1,0,0,1,0,1,0,0,0,,2022,2619,,,2619,1,0.22050712,30.9,33.6,26.1,29.6,10.6,88,0,7.9,12,69.1,18.9,92.4,18.2,68.50125,31.498749,0,384.9,149.2,0,1,1,1
2023,45002,SF,133,51_10_1,Wyoming,WY,0,4,0,2,1,"Rep. Haroldson, Jeremy Michael [R]",1,0,0,1,0,0,0,0,0,,2022,2537,1436,,3973,0.27712056,0.33802858,24.4,26.6,19.8,31.8,21.7,88.1,0,7.7,11.9,64.2,16.5,93.8,21,66.26188,33.73812,0,360.45,132.9,0,1,1,1
2023,45002,SF,133,51_10_1,Wyoming,WY,0,5,0,2,1,"Rep. Smith, Scott [R]",1,0,0,1,0,0,0,0,0,,2022,2195,1603,,3798,0.15587151,0.34142053,28.2,30.5,22.4,24.8,22.2,87.8,0,9.4,12.2,58,23.7,93.8,23.9,21.746973,78.25303,0,312.8,91.666664,0,1,1,1
2023,45002,SF,133,51_10_1,Wyoming,WY,0,6,0,2,1,"Rep. Strock, Tomi [R]",1,0,0,1,0,1,0,0,0,,2022,2266,1079,,3345,0.354858,0.13939649,30.1,30.3,25.4,29.2,15.1,92.6,0,5.3,7.4,57.5,18.6,89.3,16.2,34.17186,65.82814,0.1321004,259.4,88.7,0,1,1,1
2023,45002,SF,133,51_10_1,Wyoming,WY,0,7,0,2,1,"Rep. Nicholas, Bob [R]",0,1,0,1,0,0,0,0,0,0.328,2022,2043,1282,,3325,0.22887218,0.12620999,22.8,26.4,19.7,31.4,22.5,84.2,4.8,7.7,15.8,66.9,16.7,97.4,41.7,50.698223,49.301777,0.30257186,320.9,76.5,0,1,1,1
2023,45002,SF,133,51_10_1,Wyoming,WY,0,8,0,2,1,"Rep. Zwonitzer, David \Dave\"" L. [R]""",0,1,0,1,0,0,0,0,0,0.211,2022,2716,1214,,3930,0.3821883,-0.1568097,28.9,26.5,23.8,27.7,22.1,86.4,0.7,8.6,13.6,51.9,24.1,96,45.6,100,0,0,320.9,76.5,0,1,1,1
2023,45002,SF,133,51_10_1,Wyoming,WY,0,9,0,2,1,"Rep. Brown, Landon J. [R]",1,0,0,1,0,0,0,0,0,0.172,2022,2015,777,,2792,0.44340974,-0.20624438,36.5,34.8,29.9,24,11.3,80.3,4.1,10.7,19.7,59.9,21.3,96.3,26.4,98.35982,1.6401845,0,320.9,76.5,0,1,1,1
2023,45002,SF,133,51_10_1,Wyoming,WY,0,10,0,2,1,"Rep. Eklund Jr., John [R]",1,0,0,1,0,0,0,0,0,0.463,2022,3197,,,3197,1,0.32256386,29,31.2,25.7,28.4,14.6,86,2.4,8.3,14,66.3,18.5,93.3,25.1,12.038745,87.96126,0,320.9,76.5,0,1,1,1
2023,45002,SF,133,51_10_1,Wyoming,WY,0,11,0,2,1,"Rep. Olsen, Jared [R]",1,0,0,1,0,0,0,0,0,0.65,2022,1145,1013,,2158,0.061167747,0.2804616,33.6,28.6,26.5,30.6,14.2,82.3,0.9,14.1,17.7,47.6,28.7,91.7,22.4,100,0,0.34138656,320.9,76.5,0,1,1,1
2023,45002,SF,133,51_10_1,Wyoming,WY,0,12,0,2,1,"Rep. Styvar, Clarence L. [R]",1,0,0,1,0,0,0,0,0,,2022,1377,,,1377,1,0.12530512,36.6,35.8,29.2,24.6,10.2,70.2,2.4,23.9,29.8,49.5,27.8,88,14.5,91.39679,8.603214,0,320.9,76.5,0,1,1,1
2023,45002,SF,133,51_10_1,Wyoming,WY,0,13,0,2,1,"Rep. Chestek, Kenneth \Ken\"" Dean [D]""",0,1,0,0,1,0,0,0,0,,2022,1395,932,,2327,0.19896863,-0.02543563,58,45.2,30.3,14.2,10.3,82.8,0.9,10,17.2,39.7,51.3,94.9,52.2,100,0,0.30310684,298,82.6,0,1,1,1
2023,45002,SF,133,51_10_1,Wyoming,WY,0,14,0,2,1,"Rep. Sherwood, Trey [D]",0,1,0,0,1,1,0,0,0,,2022,1950,1619,,3569,0.09274306,0.21455267,44.2,59.8,20.3,13.9,6.1,79.8,2.8,6.5,20.2,32.8,58.9,99.3,64.2,83.44755,16.552452,0,298,82.6,0,1,1,1
2023,45002,SF,133,51_10_1,Wyoming,WY,0,15,0,2,1,"Rep. Burkhart Jr., Donald Edgar [R]",1,0,0,1,0,0,0,0,0,0.659,2022,1552,602,,2154,0.44103992,0.14424098,35,35.7,27.8,24.8,11.6,67.4,1.2,27.3,32.6,53.9,25.9,88,18.6,99.09724,0.90275985,0,459.55,89.3,0,1,1,1
2023,45002,SF,133,51_10_1,Wyoming,WY,0,16,0,2,1,"Rep. Yin, Michael \Mike\"" Stephen [D]""",0,1,0,0,1,0,0,0,1,,2022,2477,869,,3346,0.48057383,-0.20778131,52.4,27.8,46.6,18.7,6.8,72.6,0,26.3,27.4,39.1,45.6,89.1,52.3,43.504116,56.495884,0,449.5,45.7,0,1,1,1
2023,45002,SF,133,51_10_1,Wyoming,WY,0,17,0,2,1,"Rep. Larson, Joshua \J.T.\"" Thomas [R]""",1,0,0,1,0,0,0,0,0,,2022,1388,895,,2283,0.21594393,0.2996016,37.8,31.5,31.6,25.6,11.2,81.7,0.9,12.1,18.3,46.1,28.4,87.6,20.3,88.059364,11.9406395,0.055096418,450.9,66.9,0,1,1,1
2023,45002,SF,133,51_10_1,Wyoming,WY,0,18,0,2,1,"Rep. Heiner, Scott D. [R]",1,0,0,1,0,0,0,0,0,,2022,2689,590,,3279,0.6401342,0.18547364,28.6,33.8,25.4,27,13.6,91,0.2,6.1,9,59.2,23.5,94.7,23.5,41.356903,58.643097,0,574.93335,73.2,0,1,1,1
2023,45002,SF,133,51_10_1,Wyoming,WY,0,19,0,2,1,"Rep. Conrad, Jon [R]",1,0,0,1,0,0,0,0,0,,2022,1748,374,,2122,0.64750236,0.15422687,30.4,40.4,24.9,24.3,10.5,89.9,0.1,7.1,10.1,60.1,21.9,92.5,15.7,50.054646,49.945354,0,621.5,77.3,0,1,1,1
2023,45002,SF,133,51_10_1,Wyoming,WY,0,20,0,2,1,"Rep. Sommers, Albert [R]",1,0,0,1,0,0,0,0,0,0.192,2022,3273,,,3273,1,0.16304661,30.6,30.5,27.7,27.4,14.3,88,0,8.2,12,52.2,19.2,95.9,24.7,38.8669,61.1331,0,475.95,77.75,0,1,1,1
2023,45002,SF,133,51_10_1,Wyoming,WY,0,21,0,2,1,"Rep. Allred, Lane [R]",1,0,0,1,0,0,0,0,0,,2022,1745,,,1745,1,0.123274,26.1,40.6,20.8,23.5,15.2,92.9,0,4.4,7.1,58.7,23.5,94.2,20.9,0,100,0.09047045,652.4,75.4,0,1,1,1
2023,45002,SF,133,51_10_1,Wyoming,WY,0,23,0,2,1,"Rep. Storer, Elizabeth \Liz\"" [D]""",0,1,0,0,1,1,0,0,0,,2022,2489,2326,,4815,0.033852544,-0.15764359,31.4,22.6,26.6,32.4,18.3,88.1,1.8,6.7,11.9,57,24.5,97.6,61.8,44.710243,55.289757,0,449.5,45.7,0,1,1,1
2023,45002,SF,133,51_10_1,Wyoming,WY,0,24,0,2,1,"Rep. Newsome, Sandy [R]",1,0,0,1,0,1,0,0,0,,2022,2809,,,2809,1,0.2743275,27.2,27.3,21.9,29.4,21.6,93.4,0.1,2,6.6,61.2,22.5,97.2,35.3,49.118942,50.881058,0,466.5,165,0,1,1,1
2023,45002,SF,133,51_10_1,Wyoming,WY,0,25,0,2,1,"Rep. Northrup, David [R]",1,0,0,1,0,0,0,0,0,0.39,2022,2585,,,2585,1,0.27186307,29.5,34.7,23.8,23.1,18.4,90.1,0.2,6.2,9.9,49.9,29.9,91.6,31.7,66.23506,33.76494,0,466.5,165,0,1,1,1
2023,45002,SF,133,51_10_1,Wyoming,WY,0,26,0,2,1,"Rep. Banks, Dalton [R]",1,0,0,1,0,0,0,0,0,,2022,2931,,,2931,1,0.25391075,25.9,32.8,21,24.5,21.8,86.6,0.6,11,13.4,56.4,24.1,90,17.7,0,100,0.058411215,546.1,134.6,0,1,1,1
2023,45002,SF,133,51_10_1,Wyoming,WY,0,27,0,2,1,"Rep. Lawley, Martha [R]",1,0,0,1,0,1,0,0,0,,2022,3143,,,3143,1,0.11983905,26.5,30.4,21.4,27.2,21,82.9,0,13.2,17.1,59.4,21.7,89.7,21.6,64.54475,35.455257,0.29915693,644.55,152.8,0,1,1,1
2023,45002,SF,133,51_10_1,Wyoming,WY,0,28,0,2,1,"Rep. Winter, John R. [R]",1,0,0,1,0,0,0,0,0,,2022,3139,855,,3994,0.5718578,0.21925972,24.6,26,20.7,29.8,23.4,92.4,0,3.7,7.6,57.9,20.3,92.5,21.7,44.306316,55.693684,0.17761989,464.875,126.425,0,1,1,1
2023,45002,SF,133,51_10_1,Wyoming,WY,0,29,0,2,1,"Rep. Pendergraft, Ken [R]",1,0,0,1,0,0,0,0,0,,2022,2102,1134,,3236,0.29913473,0.075398184,37.3,31.3,31,24.1,13.6,91.3,0.1,5.3,8.7,51.8,29.4,95.7,24.9,100,0,0,370.7,93.4,0,1,1,1
2023,45002,SF,133,51_10_1,Wyoming,WY,0,30,0,2,1,"Rep. Jennings, Mark [R]",1,0,0,1,0,0,0,0,0,1.652,2022,2912,,,2912,1,0.43497875,27.5,29.2,22.2,25.3,23.2,90.4,0.2,4.1,9.6,52.7,26,94.1,32.1,66.94392,33.056084,0,370.7,93.4,0,1,1,1
2023,45002,SF,133,51_10_1,Wyoming,WY,0,31,0,2,1,"Rep. Bear, John William [R]",1,0,0,1,0,0,0,0,0,,2022,1831,,,1831,1,0.085526876,38.9,41.9,31,21.3,5.7,88.2,0.4,9.8,11.8,55.8,30.1,93.2,16.6,58.595814,41.404186,0,384.9,149.2,0,1,1,1
2023,45002,SF,133,51_10_1,Wyoming,WY,0,32,0,2,1,"Rep. Clouston, Kenneth \Ken\"" L. [R]""",1,0,0,1,0,0,0,0,0,,2022,2543,,,2543,1,0.34956735,40.1,38.1,34.1,22.2,5.6,86.4,0.1,8.9,13.6,64.8,25.1,94.9,30.8,97.07982,2.9201818,1.2965964,384.9,149.2,0,1,1,1
2023,45002,SF,133,51_10_1,Wyoming,WY,0,33,0,2,1,"Rep. Penn, Sarah [R]",1,0,0,1,0,1,0,0,0,,2022,1077,867,,1944,0.108024694,0.28370658,29.8,44.4,22.7,22.6,10.4,29.1,0.3,5.3,70.9,35.5,41.1,89.8,12.9,1.091954,98.90804,0.13591573,373.9,112.5,0,1,1,1
2023,45002,SF,133,51_10_1,Wyoming,WY,0,34,0,2,1,"Rep. Ottman, Pepper L. [R]",1,0,0,1,0,1,0,0,0,,2022,3407,,,3407,1,0.06997432,26.5,30.1,21.7,28,20.2,83.5,0.8,5.3,16.5,60.1,21.1,91.3,20.2,27.082832,72.91717,0.02660282,373.9,112.5,0,1,1,1
2023,45002,SF,133,51_10_1,Wyoming,WY,0,35,0,2,1,"Rep. Locke, Tony [R]",1,0,0,1,0,0,0,0,0,,2022,2465,,,2465,1,0.23303477,34.5,37.2,25.5,26.4,11,90.6,0.1,5.8,9.4,57,24.4,92.3,29.2,73.79689,26.203108,0,407.2,186.5,0,1,1,1
2023,45002,SF,133,51_10_1,Wyoming,WY,0,36,0,2,1,"Rep. Washut, Arthur \Art\"" Lyle [R]""",1,0,0,1,0,0,0,0,0,,2022,1768,,,1768,1,0.36337492,36,32.8,28.8,26.5,11.9,85.7,1.2,9.9,14.3,48.5,30.9,90.9,20,99.94831,0.051692944,0,407.2,186.5,0,1,1,1
2023,45002,SF,133,51_10_1,Wyoming,WY,0,37,0,2,1,"Rep. Harshman, Steve [R]",1,0,0,1,0,0,0,0,0,0.359,2022,2799,,,2799,1,0.13417092,28.4,29.8,24.7,27.6,17.8,88.1,1,7.2,11.9,57.6,23.6,95,33.9,90.927895,9.072104,0,407.2,186.5,0,1,1,1
2023,45002,SF,133,51_10_1,Wyoming,WY,0,38,0,2,1,"Rep. Walters, Tom [R]",1,0,0,1,0,0,0,0,0,0.425,2022,2233,,,2233,1,-0.3329314,30.5,31.8,26.7,26.3,15.1,87.6,1.6,8.1,12.4,62.4,18.5,93.4,20.7,68.913246,31.086754,0,407.2,186.5,0,1,1,1
2023,45002,SF,133,51_10_1,Wyoming,WY,0,39,0,2,1,"Rep. Wylie, Cody Mcneil [R]",1,0,0,1,0,0,0,0,0,,2022,1763,586,,2349,0.5010643,0.1570164,32.9,39.3,27.5,24.8,8.5,73.4,0.9,23.1,26.6,56.3,26.5,89.9,22.7,96.575035,3.424966,0,450.9,66.9,0,1,1,1
2023,45002,SF,133,51_10_1,Wyoming,WY,0,40,0,2,1,"Rep. Crago, Barry V. [R]",1,0,0,1,0,0,0,0,0,,2022,4007,,,4007,1,0.21300012,25.1,28,20.8,29.9,21.3,92,0.5,2.1,8,57.8,19.8,95.5,28.4,38.078033,61.921967,0.64181685,377.35,131.75,0,1,1,1
2023,45002,SF,133,51_10_1,Wyoming,WY,0,41,0,2,1,"Rep. Henderson, William \Bill\"" D. [R]""",0,1,0,1,0,0,0,0,0,0.174,2022,1384,1163,252,2799,0.07895677,0.1984907,34.1,29,28.7,23.6,18.7,82.2,1,10.4,17.8,41.7,27.1,94,28.4,100,0,0,320.9,76.5,0,1,1,1
2023,45002,SF,133,51_10_1,Wyoming,WY,0,42,0,2,1,"Rep. Hornok, Benjamin \Ben\"" J. [R]""",1,0,0,1,0,0,0,0,0,,2022,2414,,,2414,1,-0.022102669,31.9,37.5,22.6,24.6,15.2,83.4,1.9,8.5,16.6,68.8,19.9,99.2,43.3,68.69175,31.30825,0,320.9,76.5,0,1,1,1
2023,45002,SF,133,51_10_1,Wyoming,WY,0,43,0,2,1,"Rep. Zwonitzer, Dan [R]",0,1,1,1,0,0,0,0,0,0,2022,2193,,,2193,1,0.05955489,41.1,41.3,29.8,17.1,11.9,73.4,2.6,18.6,26.6,39.7,41.3,92.3,22.7,94.9835,5.0165014,0,320.9,76.5,0,1,1,1
2023,45002,SF,133,51_10_1,Wyoming,WY,0,44,0,2,1,"Rep. Trujillo, Tamara N. [R]",1,0,0,1,0,1,0,1,0,,2022,937,616,,1553,0.20669672,-0.046983972,43.4,33.5,32.5,22.7,11.3,62.1,1.5,32.8,37.9,41.1,35.1,83.5,15.8,100,0,0,320.9,76.5,0,1,1,1
2023,45002,SF,133,51_10_1,Wyoming,WY,0,45,0,2,1,"Rep. Provenza, Karlee Rae [D]",0,1,0,0,1,1,0,0,0,,2022,2151,,,2151,1,-0.09863956,52.6,39.5,32.4,19.7,8.5,79.1,0,14.6,20.9,36.8,47.7,93.9,37.4,99.196785,0.8032128,0.22321428,298,82.6,0,1,1,1
2023,45002,SF,133,51_10_1,Wyoming,WY,0,46,0,2,1,"Rep. Andrew, Ocean [R]",1,0,0,1,0,0,0,0,0,,2022,2638,1196,,3834,0.3761085,0.117354654,38.9,34.1,22.9,25.3,17.7,89.4,0.3,7.2,10.6,51.9,31.5,96.5,50.4,55.713737,44.286263,0,298,82.6,0,1,1,1
2023,45002,SF,133,51_10_1,Wyoming,WY,0,47,0,2,1,"Rep. Davis, Robert \Bob\"" [R]""",1,0,0,1,0,0,0,0,0,,2022,2636,656,,3292,0.6014581,0.5969892,31.5,27.1,26.5,26.8,19.7,91.2,0.8,5.8,8.8,55.8,25.2,92.8,21.3,3.0490317,96.950966,0.4878049,459.55,89.3,0,1,1,1
2023,45002,SF,133,51_10_1,Wyoming,WY,0,48,0,2,1,"Rep. Stith, Clark [R]",1,0,0,1,0,0,0,0,0,0.498,2022,1529,743,,2272,0.3459507,-0.17523734,39.4,36.8,29.8,22.4,10.9,77.6,1.6,17,22.4,46.4,32,90.7,22.2,77.44898,22.55102,0.2528445,450.9,66.9,0,1,1,1
2023,45002,SF,133,51_10_1,Wyoming,WY,0,49,0,2,1,"Rep. Berger, Ryan C. [R]",1,0,0,1,0,0,0,0,0,,2022,2060,858,,2918,0.41192597,-0.2965839,30.5,35,24.4,26.7,13.7,84.6,0.2,11.7,15.4,54.8,24.8,92.5,14.7,94.2003,5.799701,0.6268738,621.5,77.3,0,1,1,1
2023,45002,SF,133,51_10_1,Wyoming,WY,0,50,0,2,1,"Rep. Rodriguez-Williams, Rachel Lynne [R]",1,0,0,1,0,1,0,1,0,,2022,3410,702,,4112,0.65856034,0.2563555,26.3,24.7,22.2,30.1,23.1,89.1,0.2,8.7,10.9,64.9,17.4,95.2,30.3,47.52455,52.47545,0,466.5,165,0,1,1,1
2023,45002,SF,133,51_10_1,Wyoming,WY,0,51,0,2,1,"Rep. Western, Cyrus McKee [R]",1,0,0,1,0,0,0,0,0,,2022,3631,,,3631,1,0.07193259,23.5,27.8,19,31.6,21.8,93.3,0.9,3.5,6.7,63.2,18.5,95.9,32.5,39.380245,60.619755,0,370.7,93.4,0,1,1,1
2023,45002,SF,133,51_10_1,Wyoming,WY,0,52,0,2,1,"Rep. Tarver, Reuben [R]",1,0,0,1,0,0,0,0,0,,2022,2307,,,2307,1,0.28078273,35.8,34.4,28.8,23.8,12.9,90.9,0.4,8.2,9.1,58.7,24.1,92.2,15.1,40.23681,59.76319,0,384.9,149.2,0,1,1,1
2023,45002,SF,133,51_10_1,Wyoming,WY,0,53,0,2,1,"Rep. Knapp, Christopher [R]",1,0,0,1,0,0,0,0,0,,2022,1647,278,,1925,0.7111688,-0.026563587,33.5,33.9,27.7,27.6,10.8,80.4,0.3,10.9,19.6,44.6,30.6,87.2,15.5,100,0,0,384.9,149.2,0,1,1,1
2023,45002,SF,133,51_10_1,Wyoming,WY,0,54,0,2,1,"Rep. Larsen, Lloyd Charles [R]",1,0,0,1,0,0,0,0,0,0.501,2022,2645,1560,,4205,0.25802615,0.19481815,28.7,28.2,23.8,27.4,20.6,86.9,0.2,3.8,13.1,50.3,27.8,93.7,36.9,75.17273,24.827269,0,373.9,112.5,0,1,1,1
2023,45002,SF,133,51_10_1,Wyoming,WY,0,55,0,2,1,"Rep. Oakley, Ember Ann [R]",1,0,0,1,0,1,0,0,0,,2022,1798,1175,,2973,0.20955265,0.12536976,31.7,32.5,25.4,24.9,17,79.5,1.2,12.7,20.5,47.5,28.4,90.1,22.3,99.80469,0.1953125,0.4775069,373.9,112.5,0,1,1,1
2023,45002,SF,133,51_10_1,Wyoming,WY,0,56,0,2,1,"Rep. Obermueller, Jerry Allen [R]",0,1,0,1,0,0,0,0,0,0.213,2022,3166,,,3166,1,-0.18127534,33.8,29.2,26.4,28.8,15.7,83.7,3.9,7.6,16.3,40.5,30.9,93.5,25.2,99.6663,0.3337041,0,407.2,186.5,0,1,1,1
2023,45002,SF,133,51_10_1,Wyoming,WY,0,57,0,2,1,"Rep. Ward, Jeanette [R]",1,0,0,1,0,1,0,0,0,,2022,1323,563,,1886,0.40296924,-0.040260155,38.5,36.8,30.8,18.7,13.9,88.2,1.1,8.2,11.8,39.5,39,94.4,27.3,100,0,0.35364527,407.2,186.5,0,1,1,1
2023,45002,SF,133,51_10_1,Wyoming,WY,0,58,0,2,1,"Rep. Allemand, Bill [R]",1,0,0,1,0,0,0,0,0,,2022,2024,,,2024,1,-0.031763434,36.6,29.5,32.3,27.9,10.3,85.6,1.6,7.2,14.4,49.9,25,90.5,9.9,57.085293,42.914707,0,407.2,186.5,0,1,1,1
2023,45002,SF,133,51_10_1,Wyoming,WY,0,59,0,2,1,"Rep. O'Hearn, Kevin Charles [R]",1,0,0,1,0,0,0,0,0,,2022,1767,,,1767,1,0.31024915,36.8,31.5,31,22.9,14.7,84.4,0,12.9,15.6,42.9,29.6,89.6,13.8,95.67417,4.3258286,0.71742654,407.2,186.5,0,1,1,1
2023,45002,SF,133,51_10_1,Wyoming,WY,0,60,0,2,1,"Rep. Niemiec, Anthony \Tony\"" Joseph [R]""",1,0,0,1,0,0,0,0,0,,2022,2178,,,2178,1,0.010787421,32.6,35.5,26.7,26.2,11.4,78.7,0,15.9,21.3,54.2,28.4,93.5,21.4,98.666664,1.3333334,0,450.9,66.9,0,1,1,1
2023,45002,SF,133,51_10_1,Wyoming,WY,0,61,0,2,1,"Rep. Singh, Daniel Jeremy [R]",1,0,0,1,0,0,0,0,1,,2022,1561,,,1561,1,,,.,,,,,,,,,,,,,,0,320.9,76.5,0,1,1,1
2023,45002,SF,133,51_10_1,Wyoming,WY,0,62,0,2,1,"Rep. Chadwick, Forrest [R]",1,0,0,1,0,0,0,0,0,,2022,2518,,,2518,1,,,.,,,,,,,,,,,,,,0,333.3,137.6,0,1,1,1
2021,44363,AB,196,59_38_1,Wisconsin,WI,0,1,,2,1,"Rep. Kitchens, Joel Coulombe [R]",1,0,0,1,0,0,0,0,0,0.57,2020,23441,14462,17,37920,0.23678797,-0.04159394,,25.1,20.4,31,23.4,94.8,0.5,2.6,5.2,63.8,20.6,93.5,26.2,23.368467,76.63153,0.051564794,585.375,148.775,0,1,0,0
2021,44363,AB,196,59_38_1,Wisconsin,WI,0,2,,2,1,"Rep. Sortwell, Shae [R]",1,0,0,1,0,0,0,0,0,,2020,22244,12970,34,35248,0.26310712,0.2872991,,32.9,24.1,27.6,15.4,92.8,0.7,2.6,7.2,56.1,28.4,93.6,27.2,57.075146,42.924854,0.17667845,560.65,149.1,0,1,0,0
2021,44363,AB,196,59_38_1,Wisconsin,WI,0,3,,2,1,"Rep. Tusler, Ron [R]",1,0,0,1,0,0,0,0,0,0.796,2020,21316,14703,4,36023,0.18357717,0.004632231,,33,25,29.3,12.7,90.8,0.7,4.1,9.2,61.6,24.5,95,31.1,81.82967,18.170324,0.28901735,557.45,212.95,0,1,0,0
2021,44363,AB,196,59_38_1,Wisconsin,WI,0,4,,2,1,"Rep. Steffen, David [R]",1,0,0,1,0,0,0,0,0,0.775,2020,17811,15804,15,33630,0.059678856,0.09955529,,29.2,25.2,28.2,17.3,84.4,2.4,4.2,15.6,54.4,30.1,93.9,31.9,99.62308,0.3769221,0.2718084,546,136.3,0,1,0,0
2021,44363,AB,196,59_38_1,Wisconsin,WI,0,5,,2,1,"Rep. Steineke, Jim [R]",1,0,0,1,0,0,0,0,0,0.839,2020,29401,178,,29579,0.98796445,0.03946093,,32.2,25,29,13.8,89.5,0.2,2.2,10.5,58.1,27.1,94.8,26,61.353413,38.646587,0.12170879,596.7,179.9,0,1,0,0
2021,44363,AB,196,59_38_1,Wisconsin,WI,0,6,,2,1,"Rep. Tauchen, Gary [R]",1,0,0,1,0,0,0,0,0,0.816,2020,21283,9378,5,30666,0.38821498,0.17915474,,30,21.5,30,18.5,89.2,0.4,2.5,10.8,55,25.7,92,18.2,23.096275,76.903725,0.23168011,570.175,226.125,0,1,0,0
2021,44363,AB,196,59_38_1,Wisconsin,WI,0,7,,2,1,"Rep. Riemer, Daniel [D]",0,1,0,0,1,0,0,0,0,-1.195,2020,19431,578,,20009,0.942226,-0.3191924,,29.6,31.1,26,13.3,63.9,6.8,22,36.1,41,38.2,87.3,22.1,100,0,0.57383627,524.9,148.2,0,1,0,0
2021,44363,AB,196,59_38_1,Wisconsin,WI,0,8,,2,1,"Rep. Ortiz-Velez, Sylvia [D]",0,1,0,0,1,1,0,1,0,,2020,8914,2375,37,11326,0.5773442,-0.3149138,,45,30.6,18.3,6.2,15.8,9.5,71.2,84.2,33.4,51.6,59.8,9,100,0,0.54310143,524.9,148.2,0,1,0,0
2021,44363,AB,196,59_38_1,Wisconsin,WI,0,9,,2,1,"Rep. Cabrera, Marisabel [D]",0,1,1,0,1,1,0,1,0,,2020,11981,4458,25,16464,0.45693636,-0.47895232,,39.5,30.2,20.8,9.6,29.1,7,57.5,70.9,38.3,44.4,70.9,11.7,100,0,0.23737034,524.9,148.2,0,1,0,0
2021,44363,AB,196,59_38_1,Wisconsin,WI,0,10,,2,1,"Rep. Bowen, David [D]",0,1,0,0,1,0,1,0,0,-1.414,2020,22208,230,,22438,0.97949904,-0.7277699,,37.6,27.1,23.5,11.8,28.9,62.2,4.7,71.1,26.4,55.7,85.7,29.8,100,0,0.21611887,524.9,148.2,0,1,0,0
2021,44363,AB,196,59_38_1,Wisconsin,WI,0,11,,2,1,"Rep. Drake, Dora [D]",0,1,0,0,1,1,1,0,0,,2020,18329,3299,26,21654,0.6940981,-0.457432,,39.6,26.6,22.4,11.6,19.8,65,4.4,80.2,28.4,51,84.7,17.8,100,0,0.24885145,524.9,148.2,0,1,0,0
2021,44363,AB,196,59_38_1,Wisconsin,WI,0,12,,2,1,"Rep. Myers, LaKeshia Nicole [D]",0,1,0,0,1,1,1,0,0,,2020,18539,4117,43,22699,0.6353584,-0.29983833,,39.3,26.5,21.9,12.3,25.2,58.3,7.3,74.8,30.7,49.5,87.5,21.4,100,0,0.41719177,524.9,148.2,0,1,0,0
2021,44363,AB,196,59_38_1,Wisconsin,WI,0,13,,2,1,"Rep. Rodriguez, Sara Russell [D]",0,1,0,0,1,1,0,1,0,,2020,19318,18583,27,37928,0.019378822,0.15249427,,27.9,27.2,25.5,19.3,81.7,3,6,18.3,51.8,31.2,96.3,50.5,100,0,0.37189588,563.8,163.95,0,1,0,0
2021,44363,AB,196,59_38_1,Wisconsin,WI,0,14,,2,1,"Rep. Vining, Robyn [D]",0,1,0,0,1,1,0,0,0,,2020,21370,18186,23,39579,0.080446705,0.04984955,,29.4,26.3,27.7,16.8,85.1,4,3.4,14.9,60.1,25.5,97.1,61,100,0,0.5479929,563.8,163.95,0,1,0,0
2021,44363,AB,196,59_38_1,Wisconsin,WI,0,15,,2,1,"Rep. Sanfelippo, Joe [R]",1,0,0,1,0,0,0,0,0,1.076,2020,17133,14134,41,31308,0.095790215,0.13192444,,24.5,29.8,26.6,19.2,82.6,4.7,7.2,17.4,45.4,33.8,93.8,30.7,100,0,0.32862055,563.8,163.95,0,1,0,0
2021,44363,AB,196,59_38_1,Wisconsin,WI,0,16,,2,1,"Rep. Haywood, Kalan [D]",0,1,0,0,1,0,1,0,0,,2020,17664,2153,50,19867,0.78074193,-0.7509574,,44.3,29.2,19.2,7.2,23.6,63.6,5.2,76.4,16.3,68.5,80.1,21.9,100,0,0.39116186,524.9,148.2,0,1,0,0
2021,44363,AB,196,59_38_1,Wisconsin,WI,0,17,,2,1,"Rep. Moore-Omokunde, Supreme [D]",0,1,0,0,1,0,1,0,0,,2020,22418,3638,33,26089,0.7198436,-0.50975597,,38.9,27.4,24.5,9.2,21.3,66.2,5.4,78.7,30.3,52.4,87.6,21.9,100,0,0.33697322,524.9,148.2,0,1,0,0
2021,44363,AB,196,59_38_1,Wisconsin,WI,0,18,,2,1,"Rep. Goyke, Evan [D]",0,1,0,0,1,0,0,0,0,,2020,1,0,,1,1,-0.53886634,,42,26.7,22.4,8.8,24.2,59.5,7.1,75.8,24.3,59.4,84.3,21.7,100,0,0.57529926,524.9,148.2,0,1,0,0
2021,44363,AB,196,59_38_1,Wisconsin,WI,0,19,,2,1,"Rep. Brostoff, Jonathan [D]",0,1,0,0,1,0,0,0,0,-1.359,2020,27552,7535,52,35139,0.56965196,-0.45115358,,32.7,38.6,17.2,11.5,79,6.7,6.8,21,23.4,64.6,96.1,63.1,100,0,0.83372086,524.9,148.2,0,1,0,0
2021,44363,AB,196,59_38_1,Wisconsin,WI,0,20,,2,1,"Rep. Sinicki, Christine [D]",0,1,0,0,1,1,0,0,0,-1.163,2020,1,0,,1,1,-0.16734804,,24.5,29.7,28.3,17.5,78.4,2.5,13.9,21.6,43.2,36.1,91.2,27.3,100,0,0.75329566,524.9,148.2,0,1,0,0
2021,44363,AB,196,59_38_1,Wisconsin,WI,0,21,,2,1,"Rep. Rodriguez, Yesenia \Jessie\"" Edelmira [R]""",1,0,0,1,0,1,0,1,0,0.829,2020,17729,14708,29,32466,0.093051195,0.02160674,,28.9,27.7,29.3,14.1,79.8,3.6,9.3,20.2,51.1,30.7,93.4,28.8,99.608734,0.39126307,0.059114132,524.9,148.2,0,1,0,0
2021,44363,AB,196,59_38_1,Wisconsin,WI,0,22,,2,1,"Rep. Brandtjen, Janel [R]",1,0,0,1,0,1,0,0,0,,2020,1,0,,1,1,0.3570211,,28.7,21,32.9,17.5,84.2,7.3,2.8,15.8,60,24.3,96.3,40.2,100,0,0.20678596,561.5333,183.13333,0,1,0,0
2021,44363,AB,196,59_38_1,Wisconsin,WI,0,23,,2,1,"Rep. Andraca, Deborah \Deb\"" [D]""",0,1,0,0,1,1,0,0,0,,2020,21052,19728,30,40810,0.032443028,0.2831961,,31.2,20.7,29.1,19.1,89.2,2,2.2,10.8,60.8,24.9,97.6,64.1,95.85923,4.1407695,0.2617464,552.4,154.05,0,1,0,0
2021,44363,AB,196,59_38_1,Wisconsin,WI,0,24,,2,1,"Rep. Knodl, Dan [R]",1,0,0,1,0,0,0,0,0,1.036,2020,20075,18924,20,39019,0.029498449,0.289805,,28.3,23,29.5,19.4,80.1,9.6,3.8,19.9,59.2,24.7,96.2,46.7,89.9205,10.079499,0.012391574,553.93335,176.53334,0,1,0,0
2021,44363,AB,196,59_38_1,Wisconsin,WI,0,25,,2,1,"Rep. Tittl, Paul R. [R]",1,0,0,1,0,0,0,0,0,0.793,2020,19593,10703,18,30314,0.29326385,-0.013693642,,29.2,22.3,29.1,19.4,89.3,1,4.3,10.7,54.2,27,91.1,20.8,67.15757,32.842426,0.18344034,521.4,182.15,0,1,0,0
2021,44363,AB,196,59_38_1,Wisconsin,WI,0,26,,2,1,"Rep. Katsma, Terry [R]",1,0,0,1,0,0,0,0,0,0.963,2020,18224,12675,26,30925,0.17943412,0.23983113,,30.9,24.3,27.9,16.8,81.2,2.7,7.9,18.8,53.3,27.8,91.4,20.4,99.7993,0.20070246,0.25111148,549.5,223.7,0,1,0,0
2021,44363,AB,196,59_38_1,Wisconsin,WI,0,27,,2,1,"Rep. Vorpagel, Tyler [R]",1,0,0,1,0,0,0,0,0,0.868,2020,1,0,,1,1,-0.03769856,,30.5,23.1,28.8,17.6,88.7,0.5,4.7,11.3,58.4,25.2,93.7,27.9,58.08577,41.91423,0.169305,562.4,192.8,0,1,0,0
2021,44363,AB,196,59_38_1,Wisconsin,WI,0,28,,2,1,"Rep. Magnafici, Gae Leila [R]",1,0,0,1,0,1,0,0,0,,2020,21678,12230,3,33911,0.27861166,-0.03004573,,29.2,21.3,30.7,18.9,94.2,0.6,2.2,5.8,57.7,23.7,93.6,21,12.553469,87.44653,0.2506894,336.6,79.96667,0,1,0,0
2021,44363,AB,196,59_38_1,Wisconsin,WI,0,29,,2,1,"Rep. Moses, Clint [R]",1,0,0,1,0,0,0,0,0,,2020,18961,12509,13,31483,0.204936,-0.2885654,,38.6,23.5,24.5,13.4,93.6,0.7,1.9,6.4,48.4,35,94,25.6,47.381344,52.618656,0.1934236,443.2,114.75,0,1,0,0
2021,44363,AB,196,59_38_1,Wisconsin,WI,0,30,,2,1,"Rep. Zimmerman, Shannon [R]",1,0,0,1,0,0,0,0,0,1.034,2020,20711,16322,29,37062,0.118423186,-0.28161415,,36.3,24.4,27.2,12.2,93.7,1,2,6.3,54.7,32,97,42.6,63.84081,36.15919,0.45254952,432.85,109.95,0,1,0,0
2021,44363,AB,196,59_38_1,Wisconsin,WI,0,31,,2,1,"Rep. Loudenbeck, Amy [R]",1,0,0,1,0,1,0,0,0,0.759,2020,19962,13551,30,33543,0.1911278,0.014775668,,31.1,22.7,28.9,17.3,86.2,1.9,9.2,13.8,56.1,25.9,91.8,29.4,49.56859,50.43141,0.24918033,397.55,145.85,0,1,0,0
2021,44363,AB,196,59_38_1,Wisconsin,WI,0,32,,2,1,"Rep. August, Tyler [R]",1,0,0,1,0,0,0,0,0,1.068,2020,20164,12460,33,32657,0.23590654,0.030203868,,30.2,23.1,29.4,17.3,85.4,0.8,11.4,14.6,57,26.6,90,26.1,63.89696,36.10304,0.18810149,393.66666,111.36667,0,1,0,0
2021,44363,AB,196,59_38_1,Wisconsin,WI,0,33,,2,1,"Rep. Horlacher, Cody [R]",1,0,0,1,0,0,0,0,0,0.845,2020,21496,13228,31,34755,0.23789383,0.07573399,,29.1,22.9,32.1,16.1,91.5,0.7,5.7,8.5,57.6,24.7,93.5,27.3,82.277885,17.722116,0.32407814,508.76666,197.23334,0,1,0,0
2021,44363,AB,196,59_38_1,Wisconsin,WI,0,34,,2,1,"Rep. Swearingen, Rob [R]",1,0,0,1,0,0,0,0,0,0.991,2020,24652,14267,45,38964,0.26652807,0.1326383,,22.9,18.3,32.2,26.5,94.1,0.6,2,5.9,59.3,20.8,93.3,26.5,9.066672,90.93333,0.25252524,334.975,124.425,0,1,0,0
2021,44363,AB,196,59_38_1,Wisconsin,WI,0,35,,2,1,"Rep. Callahan, Calvin [R]",1,0,0,1,0,0,0,0,0,,2020,20913,11105,2,32020,0.30630857,0.25251812,,26.9,20.7,31.7,20.7,94.4,0.6,2.1,5.6,57.1,23.6,91,17.3,32.009106,67.9909,0.34950826,513.4,191.32,0,1,0,0
2021,44363,AB,196,59_38_1,Wisconsin,WI,0,36,,2,1,"Rep. Mursau, Jeffrey L. [R]",1,0,0,1,0,0,0,0,0,0.768,2020,1,0,,1,1,0.067303345,,26.6,18.8,30.7,23.9,86.5,0.3,1.9,13.5,56.6,23.8,90,14.5,1.6684067,98.3316,0.16943683,462.8,179.98334,0,1,0,0
2021,44363,AB,196,59_38_1,Wisconsin,WI,0,38,,2,1,"Rep. Dittrich, Barbara [R]",1,0,0,1,0,1,0,0,0,,2020,22786,16163,23,38972,0.16994253,0.20760623,,30.1,24,30.1,15.8,92.4,1.2,4.9,7.6,59.1,24.9,94.5,37.6,70.49458,29.505419,0.49494296,493.23334,165.6,0,1,0,0
2021,44363,AB,196,59_38_1,Wisconsin,WI,0,39,,2,1,"Rep. Born, Mark L. [R]",1,0,0,1,0,0,0,0,0,0.967,2020,22085,10049,,32134,0.37455654,-0.03242351,,30.4,23.9,29.6,16.2,92.1,1.2,4.3,7.9,53.3,27.3,91.8,17.7,52.76559,47.23441,0.10049812,440.9,207.9,0,1,0,0
2021,44363,AB,196,59_38_1,Wisconsin,WI,0,40,,2,1,"Rep. Petersen, Kevin David [R]",1,0,0,1,0,0,0,0,0,0.855,2020,21902,9654,12,31568,0.38798782,0.116833255,,26.3,22.2,30.8,20.8,93.6,1.1,3.4,6.4,54.9,24.7,91.2,18.3,35.829285,64.170715,0.19824532,452.35,137.4,0,1,0,0
2021,44363,AB,196,59_38_1,Wisconsin,WI,0,41,,2,1,"Rep. Dallman, Alex A. [R]",1,0,0,1,0,0,0,0,0,,2020,18604,10428,1692,30724,0.2661112,-0.06474158,,26.3,21,30.2,22.4,90.9,1.7,4.8,9.1,51.4,25.6,88.9,17.4,21.885426,78.11458,0.30875632,379.14,166.32,0,1,0,0
2021,44363,AB,196,59_38_1,Wisconsin,WI,0,42,,2,1,"Rep. Plumer, Jon [R]",1,0,0,1,0,0,0,0,0,0.851,2020,19404,13381,17,32802,0.18361685,-0.09731495,,28.8,24,30.6,16.6,92.8,1.6,3.8,7.2,58.6,24.6,91.5,20.6,48.44771,51.55229,0.22106287,442.91666,179.98334,0,1,0,0
2021,44363,AB,196,59_38_1,Wisconsin,WI,0,43,,2,1,"Rep. Vruwink, Don [D]",0,1,0,0,1,0,0,0,0,-1.072,2020,17643,14263,33,31939,0.105826735,-0.11967253,,39.2,20.4,25.6,14.8,88.8,2.2,5.8,11.2,45.8,38.8,92.8,27.3,59.702984,40.297016,0.38820222,418.025,152.2,0,1,0,0
2021,44363,AB,196,59_38_1,Wisconsin,WI,0,44,,2,1,"Rep. Conley, Sue [D]",0,1,0,0,1,1,0,0,0,,2020,17205,11335,81,28621,0.20509416,-0.30854926,,31.1,26.5,26.6,15.7,87.4,2.1,5.8,12.6,45.5,31.7,91.9,22,99.18143,0.8185711,0.49426153,382.2,127.4,0,1,0,0
2021,44363,AB,196,59_38_1,Wisconsin,WI,0,45,,2,1,"Rep. Spreitzer, Mark [D]",0,1,1,0,1,0,0,0,0,-1.334,2020,14451,11895,24,26370,0.09692833,-0.38354865,,35.3,23.3,26.8,14.7,74.1,8.2,13.5,25.9,44.7,34.1,86.4,15.4,80.73376,19.266243,0.45024765,348.2,99.2,0,1,0,0
2021,44363,AB,196,59_38_1,Wisconsin,WI,0,46,,2,1,"Rep. Hebl, Gary [D]",0,1,0,0,1,0,0,0,0,-1.41,2020,25919,12331,35,38285,0.35491708,-0.28898528,,33,27.2,26.1,13.6,82.6,5.1,5.1,17.4,54.7,28.7,95.2,40.2,85.138176,14.861826,0.40427375,366.3,69.4,0,1,0,0
2021,44363,AB,196,59_38_1,Wisconsin,WI,0,47,,2,1,"Rep. Anderson, Jimmy [D]",0,1,0,0,1,0,0,0,0,-1.503,2020,27947,9331,39,37317,0.4988611,-0.7116582,,31.1,30.5,25.3,13.1,75.1,6.7,11.5,24.9,50.8,34.2,94.5,46,36.4807,63.5193,0.83828795,366.3,69.4,0,1,0,0
2021,44363,AB,196,59_38_1,Wisconsin,WI,0,48,,2,1,"Rep. Baldeh, Samba [D]",0,1,0,0,1,0,1,0,0,,2020,30074,7650,45,37769,0.5937144,-0.84757537,,29.2,31.2,24.5,15.2,72.9,10.4,8.1,27.1,44,36.7,92.4,40.4,96.18279,3.8172061,1.1907085,366.3,69.4,0,1,0,0
2021,44363,AB,196,59_38_1,Wisconsin,WI,0,49,,2,1,"Rep. Tranel, Travis [R]",1,0,0,1,0,0,0,0,0,0.571,2020,16741,11528,13,28282,0.18432218,-0.2183388,,37.5,20.5,24.9,17.1,95.4,1.3,1.6,4.6,49.1,35.9,92.1,22.5,29.183733,70.81627,0.06832156,448.73334,95.23333,0,1,0,0
2021,44363,AB,196,59_38_1,Wisconsin,WI,0,50,,2,1,"Rep. Kurtz, Anthony \Tony\"" M. [R]""",1,0,0,1,0,0,0,0,0,,2020,18757,10872,9,29638,0.2660436,-0.19891538,,30.2,23,27.9,18.9,93,1.3,2.8,7,54.1,26.1,89,17.3,28.776546,71.22346,0.104443185,435.7,173.66,0,1,0,0
2021,44363,AB,196,59_38_1,Wisconsin,WI,0,51,,2,1,"Rep. Novak, Todd [R]",1,0,1,1,0,0,0,0,0,,2020,15937,14679,8,30624,0.04107889,-0.10891692,,30.1,22.5,28.7,18.6,94.7,0.5,2.9,5.3,55.7,25.5,91.8,20.9,20.872347,79.127655,0.1247972,436.64,125.82,0,1,0,0
2021,44363,AB,196,59_38_1,Wisconsin,WI,0,52,,2,1,"Rep. Thiesfeldt, Jeremy John [R]",1,0,0,1,0,0,0,0,0,0.78,2020,19028,11674,,30702,0.23952837,0.13455822,,30.7,24.8,27.8,16.7,86.9,2,6.4,13.1,52.4,29,92.3,25.6,91.011505,8.988494,0.03792987,569.2,165.6,0,1,0,0
2021,44363,AB,196,59_38_1,Wisconsin,WI,0,53,,2,1,"Rep. Schraa, Michael [R]",1,0,0,1,0,0,0,0,0,0.805,2020,19758,9054,34,28846,0.371074,-0.24994645,,27.5,26.4,29.4,16.7,88.5,4,3.8,11.5,53.7,29.5,90.7,21.7,59.178616,40.821384,0.10688726,485.4,169.8,0,1,0,0
2021,44363,AB,196,59_38_1,Wisconsin,WI,0,54,,2,1,"Rep. Hintz, Gordon [D]",0,1,0,0,1,0,0,0,0,-1.087,2020,15487,13063,33,28583,0.08480565,0.12810281,,39.6,24.5,22.1,13.8,90.2,2.2,3.2,9.8,37.2,43.7,92.9,27.8,99.9756,0.024401154,0.24535285,446.1,135.9,0,1,0,0
2021,44363,AB,196,59_38_1,Wisconsin,WI,0,55,,2,1,"Rep. Cabral-Guevara, Rachael Ann [R]",1,0,0,1,0,1,0,1,0,,2020,19056,15658,35,34749,0.097786985,-0.08311518,,30.4,26.5,28.5,14.5,88.8,1.1,5,11.2,53.2,28.8,94.7,33.6,100,0,0.16303484,546.75,179.7,0,1,0,0
2021,44363,AB,196,59_38_1,Wisconsin,WI,0,56,,2,1,"Rep. Murphy, David J. [R]",1,0,0,1,0,0,0,0,0,0.762,2020,23083,15054,5,38142,0.21050286,-0.21332985,,30,24.4,29.2,16.4,88.4,1.6,3.6,11.6,59.5,25.1,94.1,34.3,66.83258,33.167416,0.15322581,546.75,179.7,0,1,0,0
2021,44363,AB,196,59_38_1,Wisconsin,WI,0,57,,2,1,"Rep. Snodgrass, Lee [D]",0,1,1,0,1,1,0,0,0,,2020,15972,12277,11,28260,0.13075018,-0.3359542,,34.4,27.4,24.6,13.7,81.7,3.2,6.4,18.3,44.5,35.5,91.3,24,100,0,0.5047345,546.75,179.7,0,1,0,0
2021,44363,AB,196,59_38_1,Wisconsin,WI,0,58,,2,1,"Rep. Gundrum, Rick [R]",1,0,0,1,0,0,0,0,0,1.203,2020,1,0,,1,1,0.18666293,,30,24.6,26.9,18.4,93.5,0.9,3.4,6.5,55.2,24.5,94.3,30.4,80.8538,19.146204,0.25634664,557,221.5,0,1,0,0
2021,44363,AB,196,59_38_1,Wisconsin,WI,0,59,,2,1,"Rep. Ramthun, Timothy S. [R]",1,0,0,1,0,0,0,0,0,,2020,1,0,,1,1,0.14274956,,29.4,22.3,31.4,16.9,92.6,1.4,3.4,7.4,59.2,25.6,93.2,19.8,18.771996,81.228004,0.2866228,535.8,203.3,0,1,0,0
2021,44363,AB,196,59_38_1,Wisconsin,WI,0,60,,2,1,"Rep. Brooks, Robert [R]",1,0,0,1,0,0,0,0,0,0.736,2020,1,0,,1,1,0.28681475,,30,21.9,32.3,15.9,93.4,0.9,3,6.6,61.1,24.1,95.2,36.5,77.954796,22.045202,0.120053165,568.45,190.7,0,1,0,0
2021,44363,AB,196,59_38_1,Wisconsin,WI,0,61,,2,1,"Rep. Kerkman, Samantha [R]",1,0,0,1,0,1,0,0,0,0.81,2020,28254,1098,,29352,0.92518395,-0.05750252,,29.3,22.9,33.5,14.3,90.6,1.2,5.8,9.4,55.2,27.8,92.1,27.9,99.99554,0.004466479,0.11590585,350.9,74.7,0,1,0,0
2021,44363,AB,196,59_38_1,Wisconsin,WI,0,62,,2,1,"Rep. Wittke, Robert [R]",1,0,0,1,0,0,0,0,0,,2020,20540,14463,31,35034,0.17346007,-0.043588873,,28.6,21.8,31.8,17.7,83.9,7,6,16.1,58.5,25.9,94,29.4,98.46775,1.532248,0.3913724,417.2,95.1,0,1,0,0
2021,44363,AB,196,59_38_1,Wisconsin,WI,0,63,,2,1,"Rep. Vos, Robin [R]",1,0,0,1,0,0,0,0,0,1.021,2020,19919,14132,36,34087,0.16977146,0.050674766,,28.9,23.9,29.5,17.8,84.6,4.3,6.9,15.4,52.9,27.9,93.2,27.3,68.936806,31.063194,0.13625775,417.2,95.1,0,1,0,0
2021,44363,AB,196,59_38_1,Wisconsin,WI,0,64,,2,1,"Rep. McGuire, Tip [D]",0,1,0,0,1,0,0,0,0,,2020,16364,12813,42,29219,0.12153051,-0.17240347,,35.9,25.1,25.5,13.4,72.3,9.3,13.2,27.7,46.1,36.6,91.3,30.9,100,0,0.5170678,384.05,84.9,0,1,0,0
2021,44363,AB,196,59_38_1,Wisconsin,WI,0,65,,2,1,"Rep. Ohnstad, Tod O. [D]",0,1,0,0,1,0,0,0,0,-1.177,2020,14356,9444,29,23829,0.20613538,-0.19970423,,34.8,27.6,24.8,12.7,62.4,13.7,21.2,37.6,38.1,39.5,86.9,18.8,96.87475,3.125253,0.3560553,350.9,74.7,0,1,0,0
2021,44363,AB,196,59_38_1,Wisconsin,WI,0,66,,2,1,"Rep. Neubauer, Greta [D]",0,1,1,0,1,1,0,0,0,-1.27,2020,14522,6131,41,20694,0.40547985,-0.17098613,,39.3,26.7,23.8,10.3,43.8,24.5,27.4,56.2,35.9,44.9,80.1,13.3,75.80017,24.19983,0.25695145,417.2,95.1,0,1,0,0
2021,44363,AB,196,59_38_1,Wisconsin,WI,0,67,,2,1,"Rep. Summerfield, Rob [R]",1,0,0,1,0,0,0,0,0,1.112,2020,21172,11923,3,33098,0.27944288,-0.110741675,,30.5,23.4,28.4,17.8,94.8,0.6,1.5,5.2,56.8,24.8,92.8,21.4,33.542686,66.45731,0.19654581,432.2,117.3,0,1,0,0
2021,44363,AB,196,59_38_1,Wisconsin,WI,0,68,,2,1,"Rep. James, Jesse [R]",1,0,0,1,0,0,0,0,0,,2020,18993,12162,7,31162,0.2192093,0.17068557,,32.1,24.4,27.8,15.8,93.7,1.1,2,6.3,56.4,25.9,90.1,20.9,79.86788,20.132116,0.11656056,462.78,125.82,0,1,0,0
2021,44363,AB,196,59_38_1,Wisconsin,WI,0,69,,2,1,"Rep. Rozar, Donna M. [R]",1,0,0,1,0,1,0,0,0,,2020,18568,9606,23,28197,0.31783524,-0.14885888,,33.9,22.4,27,17,92.7,0.5,4.1,7.3,55.9,26.2,88.5,19.4,11.1918,88.8082,0.16732453,526.1667,198.2,0,1,0,0
2021,44363,AB,196,59_38_1,Wisconsin,WI,0,70,,2,1,"Rep. VanderMeer, Nancy Lynn [R]",1,0,0,1,0,1,0,0,0,0.602,2020,20708,10318,20,31046,0.3346647,-0.01691489,,30.3,22.3,30.4,17.2,92.7,1.3,2.7,7.3,55.6,25.5,92.1,20.8,48.76904,51.23096,0.26150408,431.35,144.275,0,1,0,0
2021,44363,AB,196,59_38_1,Wisconsin,WI,0,71,,2,1,"Rep. Shankland, Katrina [D]",0,1,0,0,1,1,0,0,0,-1.196,2020,17753,14206,20,31979,0.11091654,-0.14031881,,38,22.9,23.7,15.4,90.5,0.8,3.3,9.5,46.1,38.8,93.4,33.4,68.25102,31.748974,0.16813968,465.1,101.3,0,1,0,0
2021,44363,AB,196,59_38_1,Wisconsin,WI,0,72,,2,1,"Rep. Krug, Scott [R]",1,0,0,1,0,0,0,0,0,0.706,2020,19208,12623,20,31851,0.2067439,-0.02531625,,26.7,20.6,29.3,23.3,90.6,0.7,5,9.4,55.5,23.2,90.5,17.9,37.29207,62.70793,0.08517197,345.675,102.6,0,1,0,0
2021,44363,AB,196,59_38_1,Wisconsin,WI,0,73,,2,1,"Rep. Milroy, Nick [D]",0,1,0,0,1,0,0,0,0,-1.103,2020,16625,16486,2,33113,0.004197747,-0.13336678,,27.3,22.6,29.6,20.3,91.6,1.1,1.7,8.4,51.3,27.3,93.2,23.4,33.553402,66.446594,0.26474887,277.4,86.5,0,1,0,0
2021,44363,AB,196,59_38_1,Wisconsin,WI,0,74,,2,1,"Rep. Meyers, Beth [D]",0,1,0,0,1,1,0,0,0,-1.14,2020,18163,17119,11,35293,0.029580938,0.018955486,,25.3,18.5,32.1,24.1,85.5,0.7,2,14.5,55.7,23.4,92.8,23.3,14.013427,85.98657,0.60613036,404.75714,117.87143,0,1,0,0
2021,44363,AB,196,59_38_1,Wisconsin,WI,0,75,,2,1,"Rep. Armstrong, David [R]",1,0,0,1,0,0,0,0,0,,2020,20108,12141,9,32258,0.2469775,0.22360107,,28.5,21.5,28.7,21.4,93.7,1.2,2.2,6.3,58.1,22.4,90.8,19.9,29.406395,70.593605,0.1544047,381.98334,117.1,0,1,0,0
2021,44363,AB,196,59_38_1,Wisconsin,WI,0,76,,2,1,"Rep. Hong, Francesca [D]",0,1,0,0,1,1,0,0,1,,2020,35731,4779,84,40594,0.7624772,-1.0253209,,53.7,28.2,13.1,5.1,80.6,4.7,5.1,19.4,16.7,75.8,95.8,63.5,100,0,0.50431275,366.3,69.4,0,1,0,0
2021,44363,AB,196,59_38_1,Wisconsin,WI,0,77,,2,1,"Rep. Stubbs, Shelia [D]",0,1,0,0,1,1,1,0,0,,2020,30741,372,,31113,0.97608715,-0.7878107,,38.7,29.2,20.7,11.5,69.4,5.9,7.9,30.6,42.2,45.4,96.2,67,100,0,0.53020567,366.3,69.4,0,1,0,0
2021,44363,AB,196,59_38_1,Wisconsin,WI,0,78,,2,1,"Rep. Subeck, Lisa [D]",0,1,0,0,1,1,0,0,0,-1.404,2020,1,0,,1,1,-0.7453475,,29.5,34.5,21.5,14.5,72.7,6,6.8,27.3,53.1,34.4,97.3,65.5,99.99649,0.00351025,0.550387,366.3,69.4,0,1,0,0
2021,44363,AB,196,59_38_1,Wisconsin,WI,0,79,,2,1,"Rep. Hesselbein, Dianne Helen [D]",0,1,0,0,1,1,0,0,0,-1.491,2020,29719,14507,41,44267,0.343642,-0.05302085,,30.4,23.8,29.9,15.8,88.8,1.9,3.3,11.2,61.7,23.3,97.3,53.1,85.04511,14.954886,0.14705297,366.3,69.4,0,1,0,0
2021,44363,AB,196,59_38_1,Wisconsin,WI,0,80,,2,1,"Rep. Pope, Sondy [D]",0,1,0,0,1,1,0,0,0,-1.364,2020,26526,14590,22,41138,0.29014537,-0.41411084,,31.1,24.9,30.4,13.6,92.8,2.3,2.2,7.2,59.6,25.3,96.8,42.8,46.82568,53.17432,0.6415597,419.46667,105.23333,0,1,0,0
2021,44363,AB,196,59_38_1,Wisconsin,WI,0,81,,2,1,"Rep. Considine, Dave [D]",0,1,0,0,1,0,0,0,0,-1.244,2020,18914,14314,13,33241,0.13838333,-0.3238878,,29.3,24.6,29.2,16.9,90.3,1.5,4.8,9.7,52,28,91.8,24.3,88.73093,11.269077,0.1449392,456.5,138.375,0,1,0,0
2021,44363,AB,196,59_38_1,Wisconsin,WI,0,82,,2,1,"Rep. Skowronski, Kenneth \Ken\"" P. [R]""",1,0,0,1,0,0,0,0,0,0.878,2020,17205,15925,1119,34249,0.037373353,0.17582163,,26.7,25.2,28.4,19.7,82.4,3.9,5.6,17.6,53.6,28.3,94,38.5,97.23053,2.7694728,0.5651638,524.9,148.2,0,1,0,0
2021,44363,AB,196,59_38_1,Wisconsin,WI,0,83,,2,1,"Rep. Wichgers, Chuck [R]",1,0,0,1,0,0,0,0,0,0.705,2020,27019,11748,35,38802,0.3935622,-0.06802749,,29.5,20.7,32.7,17.1,93.2,0.4,4.4,6.8,63.4,22.7,95.7,35.6,81.38955,18.610453,0.19926634,489.425,146.825,0,1,0,0
2021,44363,AB,196,59_38_1,Wisconsin,WI,0,84,,2,1,"Rep. Kuglitsch, Mike [R]",1,0,0,1,0,0,0,0,0,0.862,2020,1,0,,1,1,0.28282472,,25.2,26.1,30.3,18.4,83,2.1,9,17,52.1,28.8,92.8,32.9,95.597275,4.4027247,0.42256328,563.8,163.95,0,1,0,0
2021,44363,AB,196,59_38_1,Wisconsin,WI,0,85,,2,1,"Rep. Snyder, Patrick [R]",1,0,0,1,0,0,0,0,0,0.749,2020,16599,13515,18,30132,0.10234966,-0.012883611,,30,25.2,27.2,17.4,84.7,0.9,3,15.3,50.5,28.9,90.9,26.6,82.93416,17.065844,0.1766217,508.6,165.9,0,1,0,0
2021,44363,AB,196,59_38_1,Wisconsin,WI,0,86,,2,1,"Rep. Spiros, John [R]",1,0,0,1,0,0,0,0,0,0.616,2020,1,0,,1,1,0.026729072,,30.7,23.4,29.1,16.7,91.1,0.5,2.1,8.9,61.9,24.7,93.8,28.2,49.808445,50.191555,0.128783,500,175.15,0,1,0,0
2021,44363,AB,196,59_38_1,Wisconsin,WI,0,87,,2,1,"Rep. Edming, James W. [R]",1,0,0,1,0,0,0,0,0,0.676,2020,21595,8887,8,30490,0.4167924,0.3784245,,29.7,19.9,30.1,20.5,90.3,0.6,2.1,9.7,59.2,22.1,88.4,16.9,11.37037,88.62963,0.12255403,474.48,175.18,0,1,0,0
2021,44363,AB,196,59_38_1,Wisconsin,WI,0,89,,2,1,"Rep. Behnke, Elijah [R]",1,0,0,1,0,0,0,0,0,,2020,1,0,,1,1,0.5206583,,29.4,23.7,31.2,15.7,94.1,1,2.2,5.9,54.7,25.6,92.6,21.2,48.46524,51.53476,0.6155568,514.5333,184.26666,0,1,0,0
2021,44363,AB,196,59_38_1,Wisconsin,WI,0,90,,2,1,"Rep. Shelton, Kristina [D]",0,1,0,0,1,1,0,0,0,,2020,12756,8429,25,21210,0.20400755,-0.00846283,,36.4,29.5,23.4,10.9,62.9,5.9,19.4,37.1,37.7,40.1,82.7,17,97.80246,2.1975389,0.44448102,546,136.3,0,1,0,0
2021,44363,AB,196,59_38_1,Wisconsin,WI,0,91,,2,1,"Rep. Emerson, Jodene \Jodi\"" Kay [D]""",0,1,0,0,1,1,0,0,0,,2020,18758,11530,34,30322,0.23837477,-0.020649819,,42.2,25.8,19.6,12.3,88.4,1.2,2.6,11.6,37.4,47.1,93.5,34.5,4.788983,95.21101,0.22128601,412,140.5,0,1,0,0
2021,44363,AB,196,59_38_1,Wisconsin,WI,0,92,,2,1,"Rep. Pronschinske, Treig E. [R]",1,0,0,1,0,0,0,0,0,0.638,2020,17301,12220,13,29534,0.172039,0.032937933,,30.4,23,28.4,18.4,89.5,1.1,5.5,10.5,53.9,27.2,89.7,17.5,39.57933,60.42067,0.18034264,481.6,96.23333,0,1,0,0
2021,44363,AB,196,59_38_1,Wisconsin,WI,0,93,,2,1,"Rep. Petryk, Warren [R]",1,0,0,1,0,0,0,0,0,0.62,2020,22179,13773,21,35973,0.23367526,-0.07303431,,29.8,21.7,30.7,17.9,94,0.4,2.3,6,60.5,24.2,94.7,26.2,72.94236,27.057644,0.16658835,470.2,126.88,0,1,0,0
2021,44363,AB,196,59_38_1,Wisconsin,WI,0,94,,2,1,"Rep. Doyle, Steve [D]",0,1,0,0,1,0,0,0,0,-1.007,2020,19186,16526,878,36590,0.07269746,-0.08167509,,31.6,23.9,28,16.5,90.8,0.7,1.4,9.2,60.5,23.2,95.1,34.3,68.10342,31.896585,0.14254244,427.6,113.1,0,1,0,0
2021,44363,AB,196,59_38_1,Wisconsin,WI,0,95,,2,1,"Rep. Billings, Jill E. [D]",0,1,0,0,1,1,0,0,0,-1.155,2020,19684,10271,37,29992,0.31385037,-0.2229506,,41.3,23.7,20.9,14.1,89.2,2.2,2.3,10.8,33.7,50.4,93.9,34.3,98.74116,1.2588414,0.23171136,427.6,113.1,0,1,0,0
2021,44363,AB,196,59_38_1,Wisconsin,WI,0,96,,2,1,"Rep. Oldenburg, Loren [R]",1,0,0,1,0,0,0,0,0,,2020,16812,13059,5,29876,0.12561923,-0.12283805,,32,20.8,28.5,18.8,94.7,0.8,2.7,5.3,56.6,24.9,89.2,19.9,18.375118,81.624886,0.19305867,510.2,164.23334,0,1,0,0
2021,44363,AB,196,59_38_1,Wisconsin,WI,0,97,,2,1,"Rep. Allen, Scott E. [R]",1,0,0,1,0,0,0,0,0,0.615,2020,18556,12770,38,31364,0.18447903,0.23380338,,33.8,26.7,25.9,13.6,81.7,3.4,11.4,18.3,50.2,34.9,93.6,36.5,99.689926,0.31007752,0.21201414,602.7,179.7,0,1,0,0
2021,44363,AB,196,59_38_1,Wisconsin,WI,0,98,,2,1,"Rep. Neylon, Adam [R]",1,0,0,1,0,0,0,0,0,0.827,2020,1,0,,1,1,0.027359346,,29.8,26.3,27.5,16.3,85.4,1.8,6.6,14.6,55.3,28,95.2,42.5,98.096565,1.9034336,0.12560269,602.7,179.7,0,1,0,0
2021,44363,AB,196,59_38_1,Wisconsin,WI,0,99,,2,1,"Rep. Duchow, Cindi [R]",1,0,0,1,0,1,0,0,0,0.965,2020,1,0,,1,1,0.14404461,,30.8,18.7,33.7,16.9,93.9,0.6,2.9,6.1,63.2,23.4,97.2,47.6,76.7725,23.2275,0.09943053,602.7,179.7,0,1,0,0
